0	2026-05-29T10:48:13.9926054630	./MANIFEST.tsv
100352128	2026-05-28T18:07:42.0000000000	./john/fullgrid/bloom-3b-fullgrid-100m-p1200-perchannel-john/heat/lm_head.npy
100352128	2026-05-28T19:31:06.0000000000	./john/fullgrid/bloomz-3b-fullgrid-100m-p1200-perchannel-john/heat/lm_head.npy
100433	2026-05-28T12:51:43.0000000000	./john/fullgrid/qwen3b-fullgrid-100m-p1200-perchannel-fd4096/meta.json
100433	2026-05-28T12:51:43.0000000000	./local-index/john/fullgrid/qwen3b-fullgrid-100m-p1200-perchannel-fd4096/meta.json
10063	2026-05-28T11:21:28.0000000000	./ai/fullgrid/logs/gpt2-fullgrid-100m-p720.log
10063	2026-05-28T11:21:28.0000000000	./local-index/ai/fullgrid/logs/gpt2-fullgrid-100m-p720.log
100707	2026-05-28T22:26:50.0000000000	./gx10/fullgrid/qwen25-3b-fullgrid-100m-p1200-perchannel/meta.json
100707	2026-05-28T22:26:50.0000000000	./local-index/gx10/fullgrid/qwen25-3b-fullgrid-100m-p1200-perchannel/meta.json
101068	2026-05-28T11:09:11.0000000000	./john/fullgrid/qwen3b-fullgrid-100m-p600/probes.txt
1013888	2026-05-28T10:44:49.0000000000	./ai/fullgrid/gemma-2-2b-it-fullgrid-100m/heat/model.layers.0.mlp.down_proj.npy
1013888	2026-05-28T10:44:49.0000000000	./ai/fullgrid/gemma-2-2b-it-fullgrid-100m/heat/model.layers.1.mlp.down_proj.npy
1013888	2026-05-28T10:44:49.0000000000	./ai/fullgrid/gemma-2-2b-it-fullgrid-100m/heat/model.layers.1.self_attn.o_proj.npy
1013888	2026-05-28T10:44:49.0000000000	./ai/fullgrid/gemma-2-2b-it-fullgrid-100m/heat/model.layers.2.self_attn.o_proj.npy
1013888	2026-05-28T10:44:50.0000000000	./ai/fullgrid/gemma-2-2b-it-fullgrid-100m/heat/model.layers.2.mlp.down_proj.npy
1013888	2026-05-28T10:44:50.0000000000	./ai/fullgrid/gemma-2-2b-it-fullgrid-100m/heat/model.layers.3.mlp.down_proj.npy
1013888	2026-05-28T10:44:50.0000000000	./ai/fullgrid/gemma-2-2b-it-fullgrid-100m/heat/model.layers.3.self_attn.o_proj.npy
1013888	2026-05-28T10:44:50.0000000000	./ai/fullgrid/gemma-2-2b-it-fullgrid-100m/heat/model.layers.4.mlp.down_proj.npy
1013888	2026-05-28T10:44:50.0000000000	./ai/fullgrid/gemma-2-2b-it-fullgrid-100m/heat/model.layers.4.self_attn.o_proj.npy
1013888	2026-05-28T10:44:50.0000000000	./ai/fullgrid/gemma-2-2b-it-fullgrid-100m/heat/model.layers.5.mlp.down_proj.npy
1013888	2026-05-28T10:44:50.0000000000	./ai/fullgrid/gemma-2-2b-it-fullgrid-100m/heat/model.layers.5.self_attn.o_proj.npy
1013888	2026-05-28T10:44:50.0000000000	./ai/fullgrid/gemma-2-2b-it-fullgrid-100m/heat/model.layers.6.self_attn.o_proj.npy
1013888	2026-05-28T10:44:51.0000000000	./ai/fullgrid/gemma-2-2b-it-fullgrid-100m/heat/model.layers.10.self_attn.o_proj.npy
1013888	2026-05-28T10:44:51.0000000000	./ai/fullgrid/gemma-2-2b-it-fullgrid-100m/heat/model.layers.6.mlp.down_proj.npy
1013888	2026-05-28T10:44:51.0000000000	./ai/fullgrid/gemma-2-2b-it-fullgrid-100m/heat/model.layers.7.mlp.down_proj.npy
1013888	2026-05-28T10:44:51.0000000000	./ai/fullgrid/gemma-2-2b-it-fullgrid-100m/heat/model.layers.7.self_attn.o_proj.npy
1013888	2026-05-28T10:44:51.0000000000	./ai/fullgrid/gemma-2-2b-it-fullgrid-100m/heat/model.layers.8.mlp.down_proj.npy
1013888	2026-05-28T10:44:51.0000000000	./ai/fullgrid/gemma-2-2b-it-fullgrid-100m/heat/model.layers.8.self_attn.o_proj.npy
1013888	2026-05-28T10:44:51.0000000000	./ai/fullgrid/gemma-2-2b-it-fullgrid-100m/heat/model.layers.9.mlp.down_proj.npy
1013888	2026-05-28T10:44:51.0000000000	./ai/fullgrid/gemma-2-2b-it-fullgrid-100m/heat/model.layers.9.self_attn.o_proj.npy
1013888	2026-05-28T10:44:52.0000000000	./ai/fullgrid/gemma-2-2b-it-fullgrid-100m/heat/model.layers.10.mlp.down_proj.npy
1013888	2026-05-28T10:44:52.0000000000	./ai/fullgrid/gemma-2-2b-it-fullgrid-100m/heat/model.layers.11.mlp.down_proj.npy
1013888	2026-05-28T10:44:52.0000000000	./ai/fullgrid/gemma-2-2b-it-fullgrid-100m/heat/model.layers.11.self_attn.o_proj.npy
1013888	2026-05-28T10:44:52.0000000000	./ai/fullgrid/gemma-2-2b-it-fullgrid-100m/heat/model.layers.12.mlp.down_proj.npy
1013888	2026-05-28T10:44:52.0000000000	./ai/fullgrid/gemma-2-2b-it-fullgrid-100m/heat/model.layers.12.self_attn.o_proj.npy
1013888	2026-05-28T10:44:52.0000000000	./ai/fullgrid/gemma-2-2b-it-fullgrid-100m/heat/model.layers.13.mlp.down_proj.npy
1013888	2026-05-28T10:44:52.0000000000	./ai/fullgrid/gemma-2-2b-it-fullgrid-100m/heat/model.layers.13.self_attn.o_proj.npy
1013888	2026-05-28T10:44:52.0000000000	./ai/fullgrid/gemma-2-2b-it-fullgrid-100m/heat/model.layers.14.self_attn.o_proj.npy
1013888	2026-05-28T10:44:53.0000000000	./ai/fullgrid/gemma-2-2b-it-fullgrid-100m/heat/model.layers.14.mlp.down_proj.npy
1013888	2026-05-28T10:44:53.0000000000	./ai/fullgrid/gemma-2-2b-it-fullgrid-100m/heat/model.layers.15.mlp.down_proj.npy
1013888	2026-05-28T10:44:53.0000000000	./ai/fullgrid/gemma-2-2b-it-fullgrid-100m/heat/model.layers.15.self_attn.o_proj.npy
1013888	2026-05-28T10:44:55.0000000000	./ai/fullgrid/gemma-2-2b-it-fullgrid-100m/heat/model.layers.24.mlp.down_proj.npy
1013888	2026-05-28T10:44:55.0000000000	./ai/fullgrid/gemma-2-2b-it-fullgrid-100m/heat/model.layers.25.self_attn.o_proj.npy
1013888	2026-05-28T10:45:03.0000000000	./ai/fullgrid/gemma-2-2b-it-fullgrid-100m/heat/model.layers.16.mlp.down_proj.npy
1013888	2026-05-28T10:45:03.0000000000	./ai/fullgrid/gemma-2-2b-it-fullgrid-100m/heat/model.layers.17.mlp.down_proj.npy
1013888	2026-05-28T10:45:03.0000000000	./ai/fullgrid/gemma-2-2b-it-fullgrid-100m/heat/model.layers.17.self_attn.o_proj.npy
1013888	2026-05-28T10:45:03.0000000000	./ai/fullgrid/gemma-2-2b-it-fullgrid-100m/heat/model.layers.18.mlp.down_proj.npy
1013888	2026-05-28T10:45:03.0000000000	./ai/fullgrid/gemma-2-2b-it-fullgrid-100m/heat/model.layers.18.self_attn.o_proj.npy
1013888	2026-05-28T10:45:03.0000000000	./ai/fullgrid/gemma-2-2b-it-fullgrid-100m/heat/model.layers.19.self_attn.o_proj.npy
1013888	2026-05-28T10:45:04.0000000000	./ai/fullgrid/gemma-2-2b-it-fullgrid-100m/heat/model.layers.19.mlp.down_proj.npy
1013888	2026-05-28T10:45:04.0000000000	./ai/fullgrid/gemma-2-2b-it-fullgrid-100m/heat/model.layers.20.mlp.down_proj.npy
1013888	2026-05-28T10:45:04.0000000000	./ai/fullgrid/gemma-2-2b-it-fullgrid-100m/heat/model.layers.20.self_attn.o_proj.npy
1013888	2026-05-28T10:45:04.0000000000	./ai/fullgrid/gemma-2-2b-it-fullgrid-100m/heat/model.layers.21.mlp.down_proj.npy
1013888	2026-05-28T10:45:04.0000000000	./ai/fullgrid/gemma-2-2b-it-fullgrid-100m/heat/model.layers.21.self_attn.o_proj.npy
1013888	2026-05-28T10:45:04.0000000000	./ai/fullgrid/gemma-2-2b-it-fullgrid-100m/heat/model.layers.22.self_attn.o_proj.npy
1013888	2026-05-28T10:45:05.0000000000	./ai/fullgrid/gemma-2-2b-it-fullgrid-100m/heat/model.layers.22.mlp.down_proj.npy
1013888	2026-05-28T10:45:05.0000000000	./ai/fullgrid/gemma-2-2b-it-fullgrid-100m/heat/model.layers.23.mlp.down_proj.npy
1013888	2026-05-28T10:45:05.0000000000	./ai/fullgrid/gemma-2-2b-it-fullgrid-100m/heat/model.layers.23.self_attn.o_proj.npy
1013888	2026-05-28T10:45:05.0000000000	./ai/fullgrid/gemma-2-2b-it-fullgrid-100m/heat/model.layers.24.self_attn.o_proj.npy
1013888	2026-05-28T10:45:08.0000000000	./ai/fullgrid/gemma-2-2b-it-fullgrid-100m/heat/model.layers.0.self_attn.o_proj.npy
1013888	2026-05-28T10:45:22.0000000000	./ai/fullgrid/gemma-2-2b-it-fullgrid-100m/heat/model.layers.16.self_attn.o_proj.npy
1013888	2026-05-28T10:45:24.0000000000	./ai/fullgrid/gemma-2-2b-it-fullgrid-100m/heat/model.layers.25.mlp.down_proj.npy
1013888	2026-05-28T11:04:27.0000000000	./ai/fullgrid/gemma-2-2b-it-fullgrid-100m-p720/heat/model.layers.0.mlp.down_proj.npy
1013888	2026-05-28T11:04:27.0000000000	./ai/fullgrid/gemma-2-2b-it-fullgrid-100m-p720/heat/model.layers.0.self_attn.o_proj.npy
1013888	2026-05-28T11:04:27.0000000000	./ai/fullgrid/gemma-2-2b-it-fullgrid-100m-p720/heat/model.layers.1.mlp.down_proj.npy
1013888	2026-05-28T11:04:27.0000000000	./ai/fullgrid/gemma-2-2b-it-fullgrid-100m-p720/heat/model.layers.1.self_attn.o_proj.npy
1013888	2026-05-28T11:04:27.0000000000	./ai/fullgrid/gemma-2-2b-it-fullgrid-100m-p720/heat/model.layers.10.mlp.down_proj.npy
1013888	2026-05-28T11:04:27.0000000000	./ai/fullgrid/gemma-2-2b-it-fullgrid-100m-p720/heat/model.layers.10.self_attn.o_proj.npy
1013888	2026-05-28T11:04:27.0000000000	./ai/fullgrid/gemma-2-2b-it-fullgrid-100m-p720/heat/model.layers.11.mlp.down_proj.npy
1013888	2026-05-28T11:04:27.0000000000	./ai/fullgrid/gemma-2-2b-it-fullgrid-100m-p720/heat/model.layers.11.self_attn.o_proj.npy
1013888	2026-05-28T11:04:27.0000000000	./ai/fullgrid/gemma-2-2b-it-fullgrid-100m-p720/heat/model.layers.12.mlp.down_proj.npy
1013888	2026-05-28T11:04:27.0000000000	./ai/fullgrid/gemma-2-2b-it-fullgrid-100m-p720/heat/model.layers.12.self_attn.o_proj.npy
1013888	2026-05-28T11:04:27.0000000000	./ai/fullgrid/gemma-2-2b-it-fullgrid-100m-p720/heat/model.layers.13.mlp.down_proj.npy
1013888	2026-05-28T11:04:27.0000000000	./ai/fullgrid/gemma-2-2b-it-fullgrid-100m-p720/heat/model.layers.13.self_attn.o_proj.npy
1013888	2026-05-28T11:04:27.0000000000	./ai/fullgrid/gemma-2-2b-it-fullgrid-100m-p720/heat/model.layers.14.mlp.down_proj.npy
1013888	2026-05-28T11:04:27.0000000000	./ai/fullgrid/gemma-2-2b-it-fullgrid-100m-p720/heat/model.layers.14.self_attn.o_proj.npy
1013888	2026-05-28T11:04:27.0000000000	./ai/fullgrid/gemma-2-2b-it-fullgrid-100m-p720/heat/model.layers.15.mlp.down_proj.npy
1013888	2026-05-28T11:04:27.0000000000	./ai/fullgrid/gemma-2-2b-it-fullgrid-100m-p720/heat/model.layers.15.self_attn.o_proj.npy
1013888	2026-05-28T11:04:27.0000000000	./ai/fullgrid/gemma-2-2b-it-fullgrid-100m-p720/heat/model.layers.16.mlp.down_proj.npy
1013888	2026-05-28T11:04:27.0000000000	./ai/fullgrid/gemma-2-2b-it-fullgrid-100m-p720/heat/model.layers.16.self_attn.o_proj.npy
1013888	2026-05-28T11:04:27.0000000000	./ai/fullgrid/gemma-2-2b-it-fullgrid-100m-p720/heat/model.layers.17.mlp.down_proj.npy
1013888	2026-05-28T11:04:27.0000000000	./ai/fullgrid/gemma-2-2b-it-fullgrid-100m-p720/heat/model.layers.17.self_attn.o_proj.npy
1013888	2026-05-28T11:04:27.0000000000	./ai/fullgrid/gemma-2-2b-it-fullgrid-100m-p720/heat/model.layers.18.mlp.down_proj.npy
1013888	2026-05-28T11:04:27.0000000000	./ai/fullgrid/gemma-2-2b-it-fullgrid-100m-p720/heat/model.layers.18.self_attn.o_proj.npy
1013888	2026-05-28T11:04:27.0000000000	./ai/fullgrid/gemma-2-2b-it-fullgrid-100m-p720/heat/model.layers.19.mlp.down_proj.npy
1013888	2026-05-28T11:04:27.0000000000	./ai/fullgrid/gemma-2-2b-it-fullgrid-100m-p720/heat/model.layers.19.self_attn.o_proj.npy
1013888	2026-05-28T11:04:27.0000000000	./ai/fullgrid/gemma-2-2b-it-fullgrid-100m-p720/heat/model.layers.2.mlp.down_proj.npy
1013888	2026-05-28T11:04:27.0000000000	./ai/fullgrid/gemma-2-2b-it-fullgrid-100m-p720/heat/model.layers.2.self_attn.o_proj.npy
1013888	2026-05-28T11:04:27.0000000000	./ai/fullgrid/gemma-2-2b-it-fullgrid-100m-p720/heat/model.layers.20.mlp.down_proj.npy
1013888	2026-05-28T11:04:27.0000000000	./ai/fullgrid/gemma-2-2b-it-fullgrid-100m-p720/heat/model.layers.20.self_attn.o_proj.npy
1013888	2026-05-28T11:04:27.0000000000	./ai/fullgrid/gemma-2-2b-it-fullgrid-100m-p720/heat/model.layers.21.mlp.down_proj.npy
1013888	2026-05-28T11:04:27.0000000000	./ai/fullgrid/gemma-2-2b-it-fullgrid-100m-p720/heat/model.layers.21.self_attn.o_proj.npy
1013888	2026-05-28T11:04:27.0000000000	./ai/fullgrid/gemma-2-2b-it-fullgrid-100m-p720/heat/model.layers.22.mlp.down_proj.npy
1013888	2026-05-28T11:04:27.0000000000	./ai/fullgrid/gemma-2-2b-it-fullgrid-100m-p720/heat/model.layers.22.self_attn.o_proj.npy
1013888	2026-05-28T11:04:27.0000000000	./ai/fullgrid/gemma-2-2b-it-fullgrid-100m-p720/heat/model.layers.23.mlp.down_proj.npy
1013888	2026-05-28T11:04:27.0000000000	./ai/fullgrid/gemma-2-2b-it-fullgrid-100m-p720/heat/model.layers.23.self_attn.o_proj.npy
1013888	2026-05-28T11:04:27.0000000000	./ai/fullgrid/gemma-2-2b-it-fullgrid-100m-p720/heat/model.layers.24.mlp.down_proj.npy
1013888	2026-05-28T11:04:27.0000000000	./ai/fullgrid/gemma-2-2b-it-fullgrid-100m-p720/heat/model.layers.24.self_attn.o_proj.npy
1013888	2026-05-28T11:04:27.0000000000	./ai/fullgrid/gemma-2-2b-it-fullgrid-100m-p720/heat/model.layers.25.mlp.down_proj.npy
1013888	2026-05-28T11:04:27.0000000000	./ai/fullgrid/gemma-2-2b-it-fullgrid-100m-p720/heat/model.layers.25.self_attn.o_proj.npy
1013888	2026-05-28T11:04:27.0000000000	./ai/fullgrid/gemma-2-2b-it-fullgrid-100m-p720/heat/model.layers.3.mlp.down_proj.npy
1013888	2026-05-28T11:04:27.0000000000	./ai/fullgrid/gemma-2-2b-it-fullgrid-100m-p720/heat/model.layers.3.self_attn.o_proj.npy
1013888	2026-05-28T11:04:27.0000000000	./ai/fullgrid/gemma-2-2b-it-fullgrid-100m-p720/heat/model.layers.4.mlp.down_proj.npy
1013888	2026-05-28T11:04:27.0000000000	./ai/fullgrid/gemma-2-2b-it-fullgrid-100m-p720/heat/model.layers.4.self_attn.o_proj.npy
1013888	2026-05-28T11:04:27.0000000000	./ai/fullgrid/gemma-2-2b-it-fullgrid-100m-p720/heat/model.layers.5.mlp.down_proj.npy
1013888	2026-05-28T11:04:27.0000000000	./ai/fullgrid/gemma-2-2b-it-fullgrid-100m-p720/heat/model.layers.5.self_attn.o_proj.npy
1013888	2026-05-28T11:04:27.0000000000	./ai/fullgrid/gemma-2-2b-it-fullgrid-100m-p720/heat/model.layers.6.mlp.down_proj.npy
1013888	2026-05-28T11:04:27.0000000000	./ai/fullgrid/gemma-2-2b-it-fullgrid-100m-p720/heat/model.layers.6.self_attn.o_proj.npy
1013888	2026-05-28T11:04:27.0000000000	./ai/fullgrid/gemma-2-2b-it-fullgrid-100m-p720/heat/model.layers.7.mlp.down_proj.npy
1013888	2026-05-28T11:04:27.0000000000	./ai/fullgrid/gemma-2-2b-it-fullgrid-100m-p720/heat/model.layers.7.self_attn.o_proj.npy
1013888	2026-05-28T11:04:27.0000000000	./ai/fullgrid/gemma-2-2b-it-fullgrid-100m-p720/heat/model.layers.8.mlp.down_proj.npy
1013888	2026-05-28T11:04:27.0000000000	./ai/fullgrid/gemma-2-2b-it-fullgrid-100m-p720/heat/model.layers.8.self_attn.o_proj.npy
1013888	2026-05-28T11:04:27.0000000000	./ai/fullgrid/gemma-2-2b-it-fullgrid-100m-p720/heat/model.layers.9.mlp.down_proj.npy
1013888	2026-05-28T11:04:27.0000000000	./ai/fullgrid/gemma-2-2b-it-fullgrid-100m-p720/heat/model.layers.9.self_attn.o_proj.npy
1013888	2026-05-28T11:32:03.0000000000	./ai/fullgrid/gemma-2-2b-it-fullgrid-100m-p720-fixededges/heat/model.layers.3.mlp.down_proj.npy
1013888	2026-05-28T11:32:04.0000000000	./ai/fullgrid/gemma-2-2b-it-fullgrid-100m-p720-fixededges/heat/model.layers.4.self_attn.o_proj.npy
1013888	2026-05-28T11:32:06.0000000000	./ai/fullgrid/gemma-2-2b-it-fullgrid-100m-p720-fixededges/heat/model.layers.4.mlp.down_proj.npy
1013888	2026-05-28T11:32:06.0000000000	./ai/fullgrid/gemma-2-2b-it-fullgrid-100m-p720-fixededges/heat/model.layers.5.self_attn.o_proj.npy
1013888	2026-05-28T11:32:08.0000000000	./ai/fullgrid/gemma-2-2b-it-fullgrid-100m-p720-fixededges/heat/model.layers.5.mlp.down_proj.npy
1013888	2026-05-28T11:32:08.0000000000	./ai/fullgrid/gemma-2-2b-it-fullgrid-100m-p720-fixededges/heat/model.layers.6.self_attn.o_proj.npy
1013888	2026-05-28T11:32:09.0000000000	./ai/fullgrid/gemma-2-2b-it-fullgrid-100m-p720-fixededges/heat/model.layers.6.mlp.down_proj.npy
1013888	2026-05-28T11:32:10.0000000000	./ai/fullgrid/gemma-2-2b-it-fullgrid-100m-p720-fixededges/heat/model.layers.7.self_attn.o_proj.npy
1013888	2026-05-28T11:32:11.0000000000	./ai/fullgrid/gemma-2-2b-it-fullgrid-100m-p720-fixededges/heat/model.layers.7.mlp.down_proj.npy
1013888	2026-05-28T11:32:12.0000000000	./ai/fullgrid/gemma-2-2b-it-fullgrid-100m-p720-fixededges/heat/model.layers.8.self_attn.o_proj.npy
1013888	2026-05-28T11:32:13.0000000000	./ai/fullgrid/gemma-2-2b-it-fullgrid-100m-p720-fixededges/heat/model.layers.8.mlp.down_proj.npy
1013888	2026-05-28T11:32:14.0000000000	./ai/fullgrid/gemma-2-2b-it-fullgrid-100m-p720-fixededges/heat/model.layers.9.self_attn.o_proj.npy
1013888	2026-05-28T11:32:15.0000000000	./ai/fullgrid/gemma-2-2b-it-fullgrid-100m-p720-fixededges/heat/model.layers.9.mlp.down_proj.npy
1013888	2026-05-28T11:32:16.0000000000	./ai/fullgrid/gemma-2-2b-it-fullgrid-100m-p720-fixededges/heat/model.layers.10.self_attn.o_proj.npy
1013888	2026-05-28T11:32:17.0000000000	./ai/fullgrid/gemma-2-2b-it-fullgrid-100m-p720-fixededges/heat/model.layers.10.mlp.down_proj.npy
1013888	2026-05-28T11:32:18.0000000000	./ai/fullgrid/gemma-2-2b-it-fullgrid-100m-p720-fixededges/heat/model.layers.11.self_attn.o_proj.npy
1013888	2026-05-28T11:32:19.0000000000	./ai/fullgrid/gemma-2-2b-it-fullgrid-100m-p720-fixededges/heat/model.layers.11.mlp.down_proj.npy
1013888	2026-05-28T11:32:19.0000000000	./ai/fullgrid/gemma-2-2b-it-fullgrid-100m-p720-fixededges/heat/model.layers.12.self_attn.o_proj.npy
1013888	2026-05-28T11:32:21.0000000000	./ai/fullgrid/gemma-2-2b-it-fullgrid-100m-p720-fixededges/heat/model.layers.12.mlp.down_proj.npy
1013888	2026-05-28T11:32:21.0000000000	./ai/fullgrid/gemma-2-2b-it-fullgrid-100m-p720-fixededges/heat/model.layers.13.self_attn.o_proj.npy
1013888	2026-05-28T11:32:23.0000000000	./ai/fullgrid/gemma-2-2b-it-fullgrid-100m-p720-fixededges/heat/model.layers.13.mlp.down_proj.npy
1013888	2026-05-28T11:32:23.0000000000	./ai/fullgrid/gemma-2-2b-it-fullgrid-100m-p720-fixededges/heat/model.layers.14.self_attn.o_proj.npy
1013888	2026-05-28T11:32:24.0000000000	./ai/fullgrid/gemma-2-2b-it-fullgrid-100m-p720-fixededges/heat/model.layers.14.mlp.down_proj.npy
1013888	2026-05-28T11:32:25.0000000000	./ai/fullgrid/gemma-2-2b-it-fullgrid-100m-p720-fixededges/heat/model.layers.15.self_attn.o_proj.npy
1013888	2026-05-28T11:32:27.0000000000	./ai/fullgrid/gemma-2-2b-it-fullgrid-100m-p720-fixededges/heat/model.layers.15.mlp.down_proj.npy
1013888	2026-05-28T11:32:27.0000000000	./ai/fullgrid/gemma-2-2b-it-fullgrid-100m-p720-fixededges/heat/model.layers.16.self_attn.o_proj.npy
1013888	2026-05-28T11:32:28.0000000000	./ai/fullgrid/gemma-2-2b-it-fullgrid-100m-p720-fixededges/heat/model.layers.16.mlp.down_proj.npy
1013888	2026-05-28T11:32:29.0000000000	./ai/fullgrid/gemma-2-2b-it-fullgrid-100m-p720-fixededges/heat/model.layers.17.self_attn.o_proj.npy
1013888	2026-05-28T11:32:30.0000000000	./ai/fullgrid/gemma-2-2b-it-fullgrid-100m-p720-fixededges/heat/model.layers.17.mlp.down_proj.npy
1013888	2026-05-28T11:32:31.0000000000	./ai/fullgrid/gemma-2-2b-it-fullgrid-100m-p720-fixededges/heat/model.layers.18.self_attn.o_proj.npy
1013888	2026-05-28T11:32:32.0000000000	./ai/fullgrid/gemma-2-2b-it-fullgrid-100m-p720-fixededges/heat/model.layers.18.mlp.down_proj.npy
1013888	2026-05-28T11:32:33.0000000000	./ai/fullgrid/gemma-2-2b-it-fullgrid-100m-p720-fixededges/heat/model.layers.19.self_attn.o_proj.npy
1013888	2026-05-28T11:32:34.0000000000	./ai/fullgrid/gemma-2-2b-it-fullgrid-100m-p720-fixededges/heat/model.layers.19.mlp.down_proj.npy
1013888	2026-05-28T11:32:34.0000000000	./ai/fullgrid/gemma-2-2b-it-fullgrid-100m-p720-fixededges/heat/model.layers.20.self_attn.o_proj.npy
1013888	2026-05-28T11:32:36.0000000000	./ai/fullgrid/gemma-2-2b-it-fullgrid-100m-p720-fixededges/heat/model.layers.20.mlp.down_proj.npy
1013888	2026-05-28T11:32:36.0000000000	./ai/fullgrid/gemma-2-2b-it-fullgrid-100m-p720-fixededges/heat/model.layers.21.self_attn.o_proj.npy
1013888	2026-05-28T11:32:37.0000000000	./ai/fullgrid/gemma-2-2b-it-fullgrid-100m-p720-fixededges/heat/model.layers.21.mlp.down_proj.npy
1013888	2026-05-28T11:32:38.0000000000	./ai/fullgrid/gemma-2-2b-it-fullgrid-100m-p720-fixededges/heat/model.layers.22.self_attn.o_proj.npy
1013888	2026-05-28T11:32:39.0000000000	./ai/fullgrid/gemma-2-2b-it-fullgrid-100m-p720-fixededges/heat/model.layers.22.mlp.down_proj.npy
1013888	2026-05-28T11:32:40.0000000000	./ai/fullgrid/gemma-2-2b-it-fullgrid-100m-p720-fixededges/heat/model.layers.23.self_attn.o_proj.npy
1013888	2026-05-28T11:32:41.0000000000	./ai/fullgrid/gemma-2-2b-it-fullgrid-100m-p720-fixededges/heat/model.layers.23.mlp.down_proj.npy
1013888	2026-05-28T11:32:42.0000000000	./ai/fullgrid/gemma-2-2b-it-fullgrid-100m-p720-fixededges/heat/model.layers.24.self_attn.o_proj.npy
1013888	2026-05-28T11:32:43.0000000000	./ai/fullgrid/gemma-2-2b-it-fullgrid-100m-p720-fixededges/heat/model.layers.24.mlp.down_proj.npy
1013888	2026-05-28T11:32:43.0000000000	./ai/fullgrid/gemma-2-2b-it-fullgrid-100m-p720-fixededges/heat/model.layers.25.self_attn.o_proj.npy
1013888	2026-05-28T11:32:45.0000000000	./ai/fullgrid/gemma-2-2b-it-fullgrid-100m-p720-fixededges/heat/model.layers.25.mlp.down_proj.npy
1013888	2026-05-28T11:32:56.0000000000	./ai/fullgrid/gemma-2-2b-it-fullgrid-100m-p720-fixededges/heat/model.layers.0.self_attn.o_proj.npy
1013888	2026-05-28T11:32:57.0000000000	./ai/fullgrid/gemma-2-2b-it-fullgrid-100m-p720-fixededges/heat/model.layers.0.mlp.down_proj.npy
1013888	2026-05-28T11:32:58.0000000000	./ai/fullgrid/gemma-2-2b-it-fullgrid-100m-p720-fixededges/heat/model.layers.1.self_attn.o_proj.npy
1013888	2026-05-28T11:32:59.0000000000	./ai/fullgrid/gemma-2-2b-it-fullgrid-100m-p720-fixededges/heat/model.layers.1.mlp.down_proj.npy
1013888	2026-05-28T11:33:00.0000000000	./ai/fullgrid/gemma-2-2b-it-fullgrid-100m-p720-fixededges/heat/model.layers.2.self_attn.o_proj.npy
1013888	2026-05-28T11:33:01.0000000000	./ai/fullgrid/gemma-2-2b-it-fullgrid-100m-p720-fixededges/heat/model.layers.2.mlp.down_proj.npy
1013888	2026-05-28T11:33:02.0000000000	./ai/fullgrid/gemma-2-2b-it-fullgrid-100m-p720-fixededges/heat/model.layers.3.self_attn.o_proj.npy
1013888	2026-05-28T11:43:29.0000000000	./ai/fullgrid/gemma-2-2b-it-fullgrid-100m-union-fixededges/heat/model.layers.18.mlp.down_proj.npy
1013888	2026-05-28T11:43:29.0000000000	./ai/fullgrid/gemma-2-2b-it-fullgrid-100m-union-fixededges/heat/model.layers.19.self_attn.o_proj.npy
1013888	2026-05-28T11:43:30.0000000000	./ai/fullgrid/gemma-2-2b-it-fullgrid-100m-union-fixededges/heat/model.layers.19.mlp.down_proj.npy
1013888	2026-05-28T11:43:30.0000000000	./ai/fullgrid/gemma-2-2b-it-fullgrid-100m-union-fixededges/heat/model.layers.20.mlp.down_proj.npy
1013888	2026-05-28T11:43:30.0000000000	./ai/fullgrid/gemma-2-2b-it-fullgrid-100m-union-fixededges/heat/model.layers.20.self_attn.o_proj.npy
1013888	2026-05-28T11:43:30.0000000000	./ai/fullgrid/gemma-2-2b-it-fullgrid-100m-union-fixededges/heat/model.layers.21.self_attn.o_proj.npy
1013888	2026-05-28T11:43:31.0000000000	./ai/fullgrid/gemma-2-2b-it-fullgrid-100m-union-fixededges/heat/model.layers.21.mlp.down_proj.npy
1013888	2026-05-28T11:43:31.0000000000	./ai/fullgrid/gemma-2-2b-it-fullgrid-100m-union-fixededges/heat/model.layers.22.mlp.down_proj.npy
1013888	2026-05-28T11:43:31.0000000000	./ai/fullgrid/gemma-2-2b-it-fullgrid-100m-union-fixededges/heat/model.layers.22.self_attn.o_proj.npy
1013888	2026-05-28T11:43:31.0000000000	./ai/fullgrid/gemma-2-2b-it-fullgrid-100m-union-fixededges/heat/model.layers.23.self_attn.o_proj.npy
1013888	2026-05-28T11:43:37.0000000000	./ai/fullgrid/gemma-2-2b-it-fullgrid-100m-union-fixededges/heat/model.layers.0.self_attn.o_proj.npy
1013888	2026-05-28T11:43:39.0000000000	./ai/fullgrid/gemma-2-2b-it-fullgrid-100m-union-fixededges/heat/model.layers.4.mlp.down_proj.npy
1013888	2026-05-28T11:43:40.0000000000	./ai/fullgrid/gemma-2-2b-it-fullgrid-100m-union-fixededges/heat/model.layers.5.mlp.down_proj.npy
1013888	2026-05-28T11:43:40.0000000000	./ai/fullgrid/gemma-2-2b-it-fullgrid-100m-union-fixededges/heat/model.layers.5.self_attn.o_proj.npy
1013888	2026-05-28T11:43:40.0000000000	./ai/fullgrid/gemma-2-2b-it-fullgrid-100m-union-fixededges/heat/model.layers.6.self_attn.o_proj.npy
1013888	2026-05-28T11:43:41.0000000000	./ai/fullgrid/gemma-2-2b-it-fullgrid-100m-union-fixededges/heat/model.layers.6.mlp.down_proj.npy
1013888	2026-05-28T11:43:41.0000000000	./ai/fullgrid/gemma-2-2b-it-fullgrid-100m-union-fixededges/heat/model.layers.7.mlp.down_proj.npy
1013888	2026-05-28T11:43:41.0000000000	./ai/fullgrid/gemma-2-2b-it-fullgrid-100m-union-fixededges/heat/model.layers.7.self_attn.o_proj.npy
1013888	2026-05-28T11:43:41.0000000000	./ai/fullgrid/gemma-2-2b-it-fullgrid-100m-union-fixededges/heat/model.layers.8.self_attn.o_proj.npy
1013888	2026-05-28T11:43:42.0000000000	./ai/fullgrid/gemma-2-2b-it-fullgrid-100m-union-fixededges/heat/model.layers.8.mlp.down_proj.npy
1013888	2026-05-28T11:43:46.0000000000	./ai/fullgrid/gemma-2-2b-it-fullgrid-100m-union-fixededges/heat/model.layers.14.mlp.down_proj.npy
1013888	2026-05-28T11:43:46.0000000000	./ai/fullgrid/gemma-2-2b-it-fullgrid-100m-union-fixededges/heat/model.layers.15.mlp.down_proj.npy
1013888	2026-05-28T11:43:46.0000000000	./ai/fullgrid/gemma-2-2b-it-fullgrid-100m-union-fixededges/heat/model.layers.15.self_attn.o_proj.npy
1013888	2026-05-28T11:43:46.0000000000	./ai/fullgrid/gemma-2-2b-it-fullgrid-100m-union-fixededges/heat/model.layers.16.self_attn.o_proj.npy
1013888	2026-05-28T11:43:47.0000000000	./ai/fullgrid/gemma-2-2b-it-fullgrid-100m-union-fixededges/heat/model.layers.16.mlp.down_proj.npy
1013888	2026-05-28T11:43:47.0000000000	./ai/fullgrid/gemma-2-2b-it-fullgrid-100m-union-fixededges/heat/model.layers.17.mlp.down_proj.npy
1013888	2026-05-28T11:43:47.0000000000	./ai/fullgrid/gemma-2-2b-it-fullgrid-100m-union-fixededges/heat/model.layers.17.self_attn.o_proj.npy
1013888	2026-05-28T11:43:48.0000000000	./ai/fullgrid/gemma-2-2b-it-fullgrid-100m-union-fixededges/heat/model.layers.18.self_attn.o_proj.npy
1013888	2026-05-28T11:43:51.0000000000	./ai/fullgrid/gemma-2-2b-it-fullgrid-100m-union-fixededges/heat/model.layers.23.mlp.down_proj.npy
1013888	2026-05-28T11:43:51.0000000000	./ai/fullgrid/gemma-2-2b-it-fullgrid-100m-union-fixededges/heat/model.layers.24.self_attn.o_proj.npy
1013888	2026-05-28T11:43:52.0000000000	./ai/fullgrid/gemma-2-2b-it-fullgrid-100m-union-fixededges/heat/model.layers.24.mlp.down_proj.npy
1013888	2026-05-28T11:43:52.0000000000	./ai/fullgrid/gemma-2-2b-it-fullgrid-100m-union-fixededges/heat/model.layers.25.mlp.down_proj.npy
1013888	2026-05-28T11:43:52.0000000000	./ai/fullgrid/gemma-2-2b-it-fullgrid-100m-union-fixededges/heat/model.layers.25.self_attn.o_proj.npy
1013888	2026-05-28T11:43:58.0000000000	./ai/fullgrid/gemma-2-2b-it-fullgrid-100m-union-fixededges/heat/model.layers.0.mlp.down_proj.npy
1013888	2026-05-28T11:43:58.0000000000	./ai/fullgrid/gemma-2-2b-it-fullgrid-100m-union-fixededges/heat/model.layers.1.self_attn.o_proj.npy
1013888	2026-05-28T11:43:59.0000000000	./ai/fullgrid/gemma-2-2b-it-fullgrid-100m-union-fixededges/heat/model.layers.1.mlp.down_proj.npy
1013888	2026-05-28T11:43:59.0000000000	./ai/fullgrid/gemma-2-2b-it-fullgrid-100m-union-fixededges/heat/model.layers.2.mlp.down_proj.npy
1013888	2026-05-28T11:43:59.0000000000	./ai/fullgrid/gemma-2-2b-it-fullgrid-100m-union-fixededges/heat/model.layers.2.self_attn.o_proj.npy
1013888	2026-05-28T11:43:59.0000000000	./ai/fullgrid/gemma-2-2b-it-fullgrid-100m-union-fixededges/heat/model.layers.3.self_attn.o_proj.npy
1013888	2026-05-28T11:44:00.0000000000	./ai/fullgrid/gemma-2-2b-it-fullgrid-100m-union-fixededges/heat/model.layers.3.mlp.down_proj.npy
1013888	2026-05-28T11:44:00.0000000000	./ai/fullgrid/gemma-2-2b-it-fullgrid-100m-union-fixededges/heat/model.layers.4.self_attn.o_proj.npy
1013888	2026-05-28T11:44:03.0000000000	./ai/fullgrid/gemma-2-2b-it-fullgrid-100m-union-fixededges/heat/model.layers.9.self_attn.o_proj.npy
1013888	2026-05-28T11:44:04.0000000000	./ai/fullgrid/gemma-2-2b-it-fullgrid-100m-union-fixededges/heat/model.layers.10.mlp.down_proj.npy
1013888	2026-05-28T11:44:04.0000000000	./ai/fullgrid/gemma-2-2b-it-fullgrid-100m-union-fixededges/heat/model.layers.10.self_attn.o_proj.npy
1013888	2026-05-28T11:44:04.0000000000	./ai/fullgrid/gemma-2-2b-it-fullgrid-100m-union-fixededges/heat/model.layers.11.self_attn.o_proj.npy
1013888	2026-05-28T11:44:04.0000000000	./ai/fullgrid/gemma-2-2b-it-fullgrid-100m-union-fixededges/heat/model.layers.9.mlp.down_proj.npy
1013888	2026-05-28T11:44:05.0000000000	./ai/fullgrid/gemma-2-2b-it-fullgrid-100m-union-fixededges/heat/model.layers.11.mlp.down_proj.npy
1013888	2026-05-28T11:44:05.0000000000	./ai/fullgrid/gemma-2-2b-it-fullgrid-100m-union-fixededges/heat/model.layers.12.self_attn.o_proj.npy
1013888	2026-05-28T11:44:06.0000000000	./ai/fullgrid/gemma-2-2b-it-fullgrid-100m-union-fixededges/heat/model.layers.12.mlp.down_proj.npy
1013888	2026-05-28T11:44:06.0000000000	./ai/fullgrid/gemma-2-2b-it-fullgrid-100m-union-fixededges/heat/model.layers.13.mlp.down_proj.npy
1013888	2026-05-28T11:44:06.0000000000	./ai/fullgrid/gemma-2-2b-it-fullgrid-100m-union-fixededges/heat/model.layers.13.self_attn.o_proj.npy
1013888	2026-05-28T11:44:07.0000000000	./ai/fullgrid/gemma-2-2b-it-fullgrid-100m-union-fixededges/heat/model.layers.14.self_attn.o_proj.npy
1013888	2026-05-29T10:17:42.0000000000	./ai/fullgrid/gemma-2-2b-it-fullgrid-100m-p1200-perchannel/heat/model.layers.4.self_attn.o_proj.npy
1013888	2026-05-29T10:17:52.0000000000	./ai/fullgrid/gemma-2-2b-it-fullgrid-100m-p1200-perchannel/heat/model.layers.7.mlp.down_proj.npy
1013888	2026-05-29T10:17:59.0000000000	./ai/fullgrid/gemma-2-2b-it-fullgrid-100m-p1200-perchannel/heat/model.layers.10.mlp.down_proj.npy
1013888	2026-05-29T10:18:10.0000000000	./ai/fullgrid/gemma-2-2b-it-fullgrid-100m-p1200-perchannel/heat/model.layers.15.self_attn.o_proj.npy
1013888	2026-05-29T10:18:20.0000000000	./ai/fullgrid/gemma-2-2b-it-fullgrid-100m-p1200-perchannel/heat/model.layers.19.self_attn.o_proj.npy
1013888	2026-05-29T10:18:30.0000000000	./ai/fullgrid/gemma-2-2b-it-fullgrid-100m-p1200-perchannel/heat/model.layers.22.mlp.down_proj.npy
1013888	2026-05-29T10:18:30.0000000000	./ai/fullgrid/gemma-2-2b-it-fullgrid-100m-p1200-perchannel/heat/model.layers.23.self_attn.o_proj.npy
1013888	2026-05-29T10:18:33.0000000000	./ai/fullgrid/gemma-2-2b-it-fullgrid-100m-p1200-perchannel/heat/model.layers.24.self_attn.o_proj.npy
1013888	2026-05-29T10:18:35.0000000000	./ai/fullgrid/gemma-2-2b-it-fullgrid-100m-p1200-perchannel/heat/model.layers.24.mlp.down_proj.npy
1013888	2026-05-29T10:18:57.0000000000	./ai/fullgrid/gemma-2-2b-it-fullgrid-100m-p1200-perchannel/heat/model.layers.0.self_attn.o_proj.npy
1013888	2026-05-29T10:18:59.0000000000	./ai/fullgrid/gemma-2-2b-it-fullgrid-100m-p1200-perchannel/heat/model.layers.0.mlp.down_proj.npy
1013888	2026-05-29T10:19:00.0000000000	./ai/fullgrid/gemma-2-2b-it-fullgrid-100m-p1200-perchannel/heat/model.layers.1.self_attn.o_proj.npy
1013888	2026-05-29T10:19:02.0000000000	./ai/fullgrid/gemma-2-2b-it-fullgrid-100m-p1200-perchannel/heat/model.layers.1.mlp.down_proj.npy
1013888	2026-05-29T10:19:02.0000000000	./ai/fullgrid/gemma-2-2b-it-fullgrid-100m-p1200-perchannel/heat/model.layers.2.self_attn.o_proj.npy
1013888	2026-05-29T10:19:04.0000000000	./ai/fullgrid/gemma-2-2b-it-fullgrid-100m-p1200-perchannel/heat/model.layers.2.mlp.down_proj.npy
1013888	2026-05-29T10:19:07.0000000000	./ai/fullgrid/gemma-2-2b-it-fullgrid-100m-p1200-perchannel/heat/model.layers.3.mlp.down_proj.npy
1013888	2026-05-29T10:19:12.0000000000	./ai/fullgrid/gemma-2-2b-it-fullgrid-100m-p1200-perchannel/heat/model.layers.6.self_attn.o_proj.npy
1013888	2026-05-29T10:19:15.0000000000	./ai/fullgrid/gemma-2-2b-it-fullgrid-100m-p1200-perchannel/heat/model.layers.7.self_attn.o_proj.npy
1013888	2026-05-29T10:19:17.0000000000	./ai/fullgrid/gemma-2-2b-it-fullgrid-100m-p1200-perchannel/heat/model.layers.8.self_attn.o_proj.npy
1013888	2026-05-29T10:19:19.0000000000	./ai/fullgrid/gemma-2-2b-it-fullgrid-100m-p1200-perchannel/heat/model.layers.8.mlp.down_proj.npy
1013888	2026-05-29T10:19:22.0000000000	./ai/fullgrid/gemma-2-2b-it-fullgrid-100m-p1200-perchannel/heat/model.layers.10.self_attn.o_proj.npy
1013888	2026-05-29T10:19:25.0000000000	./ai/fullgrid/gemma-2-2b-it-fullgrid-100m-p1200-perchannel/heat/model.layers.11.self_attn.o_proj.npy
1013888	2026-05-29T10:19:27.0000000000	./ai/fullgrid/gemma-2-2b-it-fullgrid-100m-p1200-perchannel/heat/model.layers.12.self_attn.o_proj.npy
1013888	2026-05-29T10:19:30.0000000000	./ai/fullgrid/gemma-2-2b-it-fullgrid-100m-p1200-perchannel/heat/model.layers.13.self_attn.o_proj.npy
1013888	2026-05-29T10:19:36.0000000000	./ai/fullgrid/gemma-2-2b-it-fullgrid-100m-p1200-perchannel/heat/model.layers.15.mlp.down_proj.npy
1013888	2026-05-29T10:19:39.0000000000	./ai/fullgrid/gemma-2-2b-it-fullgrid-100m-p1200-perchannel/heat/model.layers.16.mlp.down_proj.npy
1013888	2026-05-29T10:19:42.0000000000	./ai/fullgrid/gemma-2-2b-it-fullgrid-100m-p1200-perchannel/heat/model.layers.18.self_attn.o_proj.npy
1013888	2026-05-29T10:19:46.0000000000	./ai/fullgrid/gemma-2-2b-it-fullgrid-100m-p1200-perchannel/heat/model.layers.19.mlp.down_proj.npy
1013888	2026-05-29T10:19:56.0000000000	./ai/fullgrid/gemma-2-2b-it-fullgrid-100m-p1200-perchannel/heat/model.layers.23.mlp.down_proj.npy
1013888	2026-05-29T10:20:32.0000000000	./ai/fullgrid/gemma-2-2b-it-fullgrid-100m-p1200-perchannel/heat/model.layers.4.mlp.down_proj.npy
1013888	2026-05-29T10:20:33.0000000000	./ai/fullgrid/gemma-2-2b-it-fullgrid-100m-p1200-perchannel/heat/model.layers.5.self_attn.o_proj.npy
1013888	2026-05-29T10:20:35.0000000000	./ai/fullgrid/gemma-2-2b-it-fullgrid-100m-p1200-perchannel/heat/model.layers.5.mlp.down_proj.npy
1013888	2026-05-29T10:20:37.0000000000	./ai/fullgrid/gemma-2-2b-it-fullgrid-100m-p1200-perchannel/heat/model.layers.6.mlp.down_proj.npy
1013888	2026-05-29T10:20:43.0000000000	./ai/fullgrid/gemma-2-2b-it-fullgrid-100m-p1200-perchannel/heat/model.layers.9.self_attn.o_proj.npy
1013888	2026-05-29T10:20:45.0000000000	./ai/fullgrid/gemma-2-2b-it-fullgrid-100m-p1200-perchannel/heat/model.layers.9.mlp.down_proj.npy
1013888	2026-05-29T10:20:50.0000000000	./ai/fullgrid/gemma-2-2b-it-fullgrid-100m-p1200-perchannel/heat/model.layers.11.mlp.down_proj.npy
1013888	2026-05-29T10:20:52.0000000000	./ai/fullgrid/gemma-2-2b-it-fullgrid-100m-p1200-perchannel/heat/model.layers.12.mlp.down_proj.npy
1013888	2026-05-29T10:20:54.0000000000	./ai/fullgrid/gemma-2-2b-it-fullgrid-100m-p1200-perchannel/heat/model.layers.13.mlp.down_proj.npy
1013888	2026-05-29T10:20:55.0000000000	./ai/fullgrid/gemma-2-2b-it-fullgrid-100m-p1200-perchannel/heat/model.layers.14.self_attn.o_proj.npy
1013888	2026-05-29T10:20:57.0000000000	./ai/fullgrid/gemma-2-2b-it-fullgrid-100m-p1200-perchannel/heat/model.layers.14.mlp.down_proj.npy
1013888	2026-05-29T10:21:00.0000000000	./ai/fullgrid/gemma-2-2b-it-fullgrid-100m-p1200-perchannel/heat/model.layers.16.self_attn.o_proj.npy
1013888	2026-05-29T10:21:02.0000000000	./ai/fullgrid/gemma-2-2b-it-fullgrid-100m-p1200-perchannel/heat/model.layers.17.self_attn.o_proj.npy
1013888	2026-05-29T10:21:04.0000000000	./ai/fullgrid/gemma-2-2b-it-fullgrid-100m-p1200-perchannel/heat/model.layers.17.mlp.down_proj.npy
1013888	2026-05-29T10:21:07.0000000000	./ai/fullgrid/gemma-2-2b-it-fullgrid-100m-p1200-perchannel/heat/model.layers.18.mlp.down_proj.npy
1013888	2026-05-29T10:21:10.0000000000	./ai/fullgrid/gemma-2-2b-it-fullgrid-100m-p1200-perchannel/heat/model.layers.20.self_attn.o_proj.npy
1013888	2026-05-29T10:21:12.0000000000	./ai/fullgrid/gemma-2-2b-it-fullgrid-100m-p1200-perchannel/heat/model.layers.20.mlp.down_proj.npy
1013888	2026-05-29T10:21:12.0000000000	./ai/fullgrid/gemma-2-2b-it-fullgrid-100m-p1200-perchannel/heat/model.layers.21.self_attn.o_proj.npy
1013888	2026-05-29T10:21:14.0000000000	./ai/fullgrid/gemma-2-2b-it-fullgrid-100m-p1200-perchannel/heat/model.layers.21.mlp.down_proj.npy
1013888	2026-05-29T10:21:15.0000000000	./ai/fullgrid/gemma-2-2b-it-fullgrid-100m-p1200-perchannel/heat/model.layers.22.self_attn.o_proj.npy
1013888	2026-05-29T10:21:22.0000000000	./ai/fullgrid/gemma-2-2b-it-fullgrid-100m-p1200-perchannel/heat/model.layers.25.self_attn.o_proj.npy
1013888	2026-05-29T10:21:24.0000000000	./ai/fullgrid/gemma-2-2b-it-fullgrid-100m-p1200-perchannel/heat/model.layers.25.mlp.down_proj.npy
1013888	2026-05-29T10:21:51.0000000000	./ai/fullgrid/gemma-2-2b-it-fullgrid-100m-p1200-perchannel/heat/model.layers.3.self_attn.o_proj.npy
1024128	2026-05-28T18:07:42.0000000000	./john/fullgrid/bloom-3b-fullgrid-100m-p1200-perchannel-john/heat/transformer.h.0.input_layernorm.npy
1024128	2026-05-28T18:07:42.0000000000	./john/fullgrid/bloom-3b-fullgrid-100m-p1200-perchannel-john/heat/transformer.h.0.mlp.dense_4h_to_h.npy
1024128	2026-05-28T18:07:42.0000000000	./john/fullgrid/bloom-3b-fullgrid-100m-p1200-perchannel-john/heat/transformer.h.0.post_attention_layernorm.npy
1024128	2026-05-28T18:07:42.0000000000	./john/fullgrid/bloom-3b-fullgrid-100m-p1200-perchannel-john/heat/transformer.h.0.self_attention.dense.npy
1024128	2026-05-28T18:07:42.0000000000	./john/fullgrid/bloom-3b-fullgrid-100m-p1200-perchannel-john/heat/transformer.h.1.input_layernorm.npy
1024128	2026-05-28T18:07:42.0000000000	./john/fullgrid/bloom-3b-fullgrid-100m-p1200-perchannel-john/heat/transformer.h.1.mlp.dense_4h_to_h.npy
1024128	2026-05-28T18:07:42.0000000000	./john/fullgrid/bloom-3b-fullgrid-100m-p1200-perchannel-john/heat/transformer.h.1.post_attention_layernorm.npy
1024128	2026-05-28T18:07:42.0000000000	./john/fullgrid/bloom-3b-fullgrid-100m-p1200-perchannel-john/heat/transformer.h.1.self_attention.dense.npy
1024128	2026-05-28T18:07:42.0000000000	./john/fullgrid/bloom-3b-fullgrid-100m-p1200-perchannel-john/heat/transformer.h.10.input_layernorm.npy
1024128	2026-05-28T18:07:42.0000000000	./john/fullgrid/bloom-3b-fullgrid-100m-p1200-perchannel-john/heat/transformer.h.10.mlp.dense_4h_to_h.npy
1024128	2026-05-28T18:07:42.0000000000	./john/fullgrid/bloom-3b-fullgrid-100m-p1200-perchannel-john/heat/transformer.h.10.post_attention_layernorm.npy
1024128	2026-05-28T18:07:42.0000000000	./john/fullgrid/bloom-3b-fullgrid-100m-p1200-perchannel-john/heat/transformer.h.10.self_attention.dense.npy
1024128	2026-05-28T18:07:42.0000000000	./john/fullgrid/bloom-3b-fullgrid-100m-p1200-perchannel-john/heat/transformer.h.11.input_layernorm.npy
1024128	2026-05-28T18:07:42.0000000000	./john/fullgrid/bloom-3b-fullgrid-100m-p1200-perchannel-john/heat/transformer.h.11.mlp.dense_4h_to_h.npy
1024128	2026-05-28T18:07:42.0000000000	./john/fullgrid/bloom-3b-fullgrid-100m-p1200-perchannel-john/heat/transformer.h.11.post_attention_layernorm.npy
1024128	2026-05-28T18:07:42.0000000000	./john/fullgrid/bloom-3b-fullgrid-100m-p1200-perchannel-john/heat/transformer.h.11.self_attention.dense.npy
1024128	2026-05-28T18:07:42.0000000000	./john/fullgrid/bloom-3b-fullgrid-100m-p1200-perchannel-john/heat/transformer.h.12.input_layernorm.npy
1024128	2026-05-28T18:07:42.0000000000	./john/fullgrid/bloom-3b-fullgrid-100m-p1200-perchannel-john/heat/transformer.h.12.mlp.dense_4h_to_h.npy
1024128	2026-05-28T18:07:42.0000000000	./john/fullgrid/bloom-3b-fullgrid-100m-p1200-perchannel-john/heat/transformer.h.12.post_attention_layernorm.npy
1024128	2026-05-28T18:07:42.0000000000	./john/fullgrid/bloom-3b-fullgrid-100m-p1200-perchannel-john/heat/transformer.h.12.self_attention.dense.npy
1024128	2026-05-28T18:07:42.0000000000	./john/fullgrid/bloom-3b-fullgrid-100m-p1200-perchannel-john/heat/transformer.h.13.input_layernorm.npy
1024128	2026-05-28T18:07:42.0000000000	./john/fullgrid/bloom-3b-fullgrid-100m-p1200-perchannel-john/heat/transformer.h.13.mlp.dense_4h_to_h.npy
1024128	2026-05-28T18:07:42.0000000000	./john/fullgrid/bloom-3b-fullgrid-100m-p1200-perchannel-john/heat/transformer.h.13.post_attention_layernorm.npy
1024128	2026-05-28T18:07:42.0000000000	./john/fullgrid/bloom-3b-fullgrid-100m-p1200-perchannel-john/heat/transformer.h.13.self_attention.dense.npy
1024128	2026-05-28T18:07:42.0000000000	./john/fullgrid/bloom-3b-fullgrid-100m-p1200-perchannel-john/heat/transformer.h.14.input_layernorm.npy
1024128	2026-05-28T18:07:42.0000000000	./john/fullgrid/bloom-3b-fullgrid-100m-p1200-perchannel-john/heat/transformer.h.14.mlp.dense_4h_to_h.npy
1024128	2026-05-28T18:07:42.0000000000	./john/fullgrid/bloom-3b-fullgrid-100m-p1200-perchannel-john/heat/transformer.h.14.post_attention_layernorm.npy
1024128	2026-05-28T18:07:42.0000000000	./john/fullgrid/bloom-3b-fullgrid-100m-p1200-perchannel-john/heat/transformer.h.14.self_attention.dense.npy
1024128	2026-05-28T18:07:42.0000000000	./john/fullgrid/bloom-3b-fullgrid-100m-p1200-perchannel-john/heat/transformer.h.15.input_layernorm.npy
1024128	2026-05-28T18:07:42.0000000000	./john/fullgrid/bloom-3b-fullgrid-100m-p1200-perchannel-john/heat/transformer.h.15.mlp.dense_4h_to_h.npy
1024128	2026-05-28T18:07:42.0000000000	./john/fullgrid/bloom-3b-fullgrid-100m-p1200-perchannel-john/heat/transformer.h.15.post_attention_layernorm.npy
1024128	2026-05-28T18:07:42.0000000000	./john/fullgrid/bloom-3b-fullgrid-100m-p1200-perchannel-john/heat/transformer.h.15.self_attention.dense.npy
1024128	2026-05-28T18:07:42.0000000000	./john/fullgrid/bloom-3b-fullgrid-100m-p1200-perchannel-john/heat/transformer.h.16.input_layernorm.npy
1024128	2026-05-28T18:07:42.0000000000	./john/fullgrid/bloom-3b-fullgrid-100m-p1200-perchannel-john/heat/transformer.h.16.mlp.dense_4h_to_h.npy
1024128	2026-05-28T18:07:42.0000000000	./john/fullgrid/bloom-3b-fullgrid-100m-p1200-perchannel-john/heat/transformer.h.16.post_attention_layernorm.npy
1024128	2026-05-28T18:07:42.0000000000	./john/fullgrid/bloom-3b-fullgrid-100m-p1200-perchannel-john/heat/transformer.h.16.self_attention.dense.npy
1024128	2026-05-28T18:07:42.0000000000	./john/fullgrid/bloom-3b-fullgrid-100m-p1200-perchannel-john/heat/transformer.h.17.input_layernorm.npy
1024128	2026-05-28T18:07:42.0000000000	./john/fullgrid/bloom-3b-fullgrid-100m-p1200-perchannel-john/heat/transformer.h.17.mlp.dense_4h_to_h.npy
1024128	2026-05-28T18:07:42.0000000000	./john/fullgrid/bloom-3b-fullgrid-100m-p1200-perchannel-john/heat/transformer.h.17.post_attention_layernorm.npy
1024128	2026-05-28T18:07:42.0000000000	./john/fullgrid/bloom-3b-fullgrid-100m-p1200-perchannel-john/heat/transformer.h.17.self_attention.dense.npy
1024128	2026-05-28T18:07:42.0000000000	./john/fullgrid/bloom-3b-fullgrid-100m-p1200-perchannel-john/heat/transformer.h.18.input_layernorm.npy
1024128	2026-05-28T18:07:42.0000000000	./john/fullgrid/bloom-3b-fullgrid-100m-p1200-perchannel-john/heat/transformer.h.18.mlp.dense_4h_to_h.npy
1024128	2026-05-28T18:07:42.0000000000	./john/fullgrid/bloom-3b-fullgrid-100m-p1200-perchannel-john/heat/transformer.h.18.post_attention_layernorm.npy
1024128	2026-05-28T18:07:42.0000000000	./john/fullgrid/bloom-3b-fullgrid-100m-p1200-perchannel-john/heat/transformer.h.18.self_attention.dense.npy
1024128	2026-05-28T18:07:42.0000000000	./john/fullgrid/bloom-3b-fullgrid-100m-p1200-perchannel-john/heat/transformer.h.19.input_layernorm.npy
1024128	2026-05-28T18:07:42.0000000000	./john/fullgrid/bloom-3b-fullgrid-100m-p1200-perchannel-john/heat/transformer.h.19.mlp.dense_4h_to_h.npy
1024128	2026-05-28T18:07:42.0000000000	./john/fullgrid/bloom-3b-fullgrid-100m-p1200-perchannel-john/heat/transformer.h.19.post_attention_layernorm.npy
1024128	2026-05-28T18:07:42.0000000000	./john/fullgrid/bloom-3b-fullgrid-100m-p1200-perchannel-john/heat/transformer.h.19.self_attention.dense.npy
1024128	2026-05-28T18:07:42.0000000000	./john/fullgrid/bloom-3b-fullgrid-100m-p1200-perchannel-john/heat/transformer.h.2.input_layernorm.npy
1024128	2026-05-28T18:07:42.0000000000	./john/fullgrid/bloom-3b-fullgrid-100m-p1200-perchannel-john/heat/transformer.h.2.mlp.dense_4h_to_h.npy
1024128	2026-05-28T18:07:42.0000000000	./john/fullgrid/bloom-3b-fullgrid-100m-p1200-perchannel-john/heat/transformer.h.2.post_attention_layernorm.npy
1024128	2026-05-28T18:07:42.0000000000	./john/fullgrid/bloom-3b-fullgrid-100m-p1200-perchannel-john/heat/transformer.h.2.self_attention.dense.npy
1024128	2026-05-28T18:07:42.0000000000	./john/fullgrid/bloom-3b-fullgrid-100m-p1200-perchannel-john/heat/transformer.h.20.input_layernorm.npy
1024128	2026-05-28T18:07:42.0000000000	./john/fullgrid/bloom-3b-fullgrid-100m-p1200-perchannel-john/heat/transformer.h.20.mlp.dense_4h_to_h.npy
1024128	2026-05-28T18:07:42.0000000000	./john/fullgrid/bloom-3b-fullgrid-100m-p1200-perchannel-john/heat/transformer.h.20.post_attention_layernorm.npy
1024128	2026-05-28T18:07:42.0000000000	./john/fullgrid/bloom-3b-fullgrid-100m-p1200-perchannel-john/heat/transformer.h.20.self_attention.dense.npy
1024128	2026-05-28T18:07:42.0000000000	./john/fullgrid/bloom-3b-fullgrid-100m-p1200-perchannel-john/heat/transformer.h.21.input_layernorm.npy
1024128	2026-05-28T18:07:42.0000000000	./john/fullgrid/bloom-3b-fullgrid-100m-p1200-perchannel-john/heat/transformer.h.21.mlp.dense_4h_to_h.npy
1024128	2026-05-28T18:07:42.0000000000	./john/fullgrid/bloom-3b-fullgrid-100m-p1200-perchannel-john/heat/transformer.h.21.post_attention_layernorm.npy
1024128	2026-05-28T18:07:42.0000000000	./john/fullgrid/bloom-3b-fullgrid-100m-p1200-perchannel-john/heat/transformer.h.21.self_attention.dense.npy
1024128	2026-05-28T18:07:42.0000000000	./john/fullgrid/bloom-3b-fullgrid-100m-p1200-perchannel-john/heat/transformer.h.22.input_layernorm.npy
1024128	2026-05-28T18:07:42.0000000000	./john/fullgrid/bloom-3b-fullgrid-100m-p1200-perchannel-john/heat/transformer.h.22.mlp.dense_4h_to_h.npy
1024128	2026-05-28T18:07:42.0000000000	./john/fullgrid/bloom-3b-fullgrid-100m-p1200-perchannel-john/heat/transformer.h.22.post_attention_layernorm.npy
1024128	2026-05-28T18:07:42.0000000000	./john/fullgrid/bloom-3b-fullgrid-100m-p1200-perchannel-john/heat/transformer.h.22.self_attention.dense.npy
1024128	2026-05-28T18:07:42.0000000000	./john/fullgrid/bloom-3b-fullgrid-100m-p1200-perchannel-john/heat/transformer.h.23.input_layernorm.npy
1024128	2026-05-28T18:07:42.0000000000	./john/fullgrid/bloom-3b-fullgrid-100m-p1200-perchannel-john/heat/transformer.h.23.mlp.dense_4h_to_h.npy
1024128	2026-05-28T18:07:42.0000000000	./john/fullgrid/bloom-3b-fullgrid-100m-p1200-perchannel-john/heat/transformer.h.23.post_attention_layernorm.npy
1024128	2026-05-28T18:07:42.0000000000	./john/fullgrid/bloom-3b-fullgrid-100m-p1200-perchannel-john/heat/transformer.h.23.self_attention.dense.npy
1024128	2026-05-28T18:07:42.0000000000	./john/fullgrid/bloom-3b-fullgrid-100m-p1200-perchannel-john/heat/transformer.h.24.input_layernorm.npy
1024128	2026-05-28T18:07:42.0000000000	./john/fullgrid/bloom-3b-fullgrid-100m-p1200-perchannel-john/heat/transformer.h.24.mlp.dense_4h_to_h.npy
1024128	2026-05-28T18:07:42.0000000000	./john/fullgrid/bloom-3b-fullgrid-100m-p1200-perchannel-john/heat/transformer.h.24.post_attention_layernorm.npy
1024128	2026-05-28T18:07:42.0000000000	./john/fullgrid/bloom-3b-fullgrid-100m-p1200-perchannel-john/heat/transformer.h.24.self_attention.dense.npy
1024128	2026-05-28T18:07:42.0000000000	./john/fullgrid/bloom-3b-fullgrid-100m-p1200-perchannel-john/heat/transformer.h.25.input_layernorm.npy
1024128	2026-05-28T18:07:42.0000000000	./john/fullgrid/bloom-3b-fullgrid-100m-p1200-perchannel-john/heat/transformer.h.25.mlp.dense_4h_to_h.npy
1024128	2026-05-28T18:07:42.0000000000	./john/fullgrid/bloom-3b-fullgrid-100m-p1200-perchannel-john/heat/transformer.h.25.post_attention_layernorm.npy
1024128	2026-05-28T18:07:42.0000000000	./john/fullgrid/bloom-3b-fullgrid-100m-p1200-perchannel-john/heat/transformer.h.25.self_attention.dense.npy
1024128	2026-05-28T18:07:42.0000000000	./john/fullgrid/bloom-3b-fullgrid-100m-p1200-perchannel-john/heat/transformer.h.26.input_layernorm.npy
1024128	2026-05-28T18:07:42.0000000000	./john/fullgrid/bloom-3b-fullgrid-100m-p1200-perchannel-john/heat/transformer.h.26.mlp.dense_4h_to_h.npy
1024128	2026-05-28T18:07:42.0000000000	./john/fullgrid/bloom-3b-fullgrid-100m-p1200-perchannel-john/heat/transformer.h.26.post_attention_layernorm.npy
1024128	2026-05-28T18:07:42.0000000000	./john/fullgrid/bloom-3b-fullgrid-100m-p1200-perchannel-john/heat/transformer.h.26.self_attention.dense.npy
1024128	2026-05-28T18:07:42.0000000000	./john/fullgrid/bloom-3b-fullgrid-100m-p1200-perchannel-john/heat/transformer.h.27.input_layernorm.npy
1024128	2026-05-28T18:07:42.0000000000	./john/fullgrid/bloom-3b-fullgrid-100m-p1200-perchannel-john/heat/transformer.h.27.mlp.dense_4h_to_h.npy
1024128	2026-05-28T18:07:42.0000000000	./john/fullgrid/bloom-3b-fullgrid-100m-p1200-perchannel-john/heat/transformer.h.27.post_attention_layernorm.npy
1024128	2026-05-28T18:07:42.0000000000	./john/fullgrid/bloom-3b-fullgrid-100m-p1200-perchannel-john/heat/transformer.h.27.self_attention.dense.npy
1024128	2026-05-28T18:07:42.0000000000	./john/fullgrid/bloom-3b-fullgrid-100m-p1200-perchannel-john/heat/transformer.h.28.input_layernorm.npy
1024128	2026-05-28T18:07:42.0000000000	./john/fullgrid/bloom-3b-fullgrid-100m-p1200-perchannel-john/heat/transformer.h.28.mlp.dense_4h_to_h.npy
1024128	2026-05-28T18:07:42.0000000000	./john/fullgrid/bloom-3b-fullgrid-100m-p1200-perchannel-john/heat/transformer.h.28.post_attention_layernorm.npy
1024128	2026-05-28T18:07:42.0000000000	./john/fullgrid/bloom-3b-fullgrid-100m-p1200-perchannel-john/heat/transformer.h.28.self_attention.dense.npy
1024128	2026-05-28T18:07:42.0000000000	./john/fullgrid/bloom-3b-fullgrid-100m-p1200-perchannel-john/heat/transformer.h.29.input_layernorm.npy
1024128	2026-05-28T18:07:42.0000000000	./john/fullgrid/bloom-3b-fullgrid-100m-p1200-perchannel-john/heat/transformer.h.29.mlp.dense_4h_to_h.npy
1024128	2026-05-28T18:07:42.0000000000	./john/fullgrid/bloom-3b-fullgrid-100m-p1200-perchannel-john/heat/transformer.h.29.post_attention_layernorm.npy
1024128	2026-05-28T18:07:42.0000000000	./john/fullgrid/bloom-3b-fullgrid-100m-p1200-perchannel-john/heat/transformer.h.29.self_attention.dense.npy
1024128	2026-05-28T18:07:42.0000000000	./john/fullgrid/bloom-3b-fullgrid-100m-p1200-perchannel-john/heat/transformer.h.3.input_layernorm.npy
1024128	2026-05-28T18:07:42.0000000000	./john/fullgrid/bloom-3b-fullgrid-100m-p1200-perchannel-john/heat/transformer.h.3.mlp.dense_4h_to_h.npy
1024128	2026-05-28T18:07:42.0000000000	./john/fullgrid/bloom-3b-fullgrid-100m-p1200-perchannel-john/heat/transformer.h.3.post_attention_layernorm.npy
1024128	2026-05-28T18:07:42.0000000000	./john/fullgrid/bloom-3b-fullgrid-100m-p1200-perchannel-john/heat/transformer.h.3.self_attention.dense.npy
1024128	2026-05-28T18:07:42.0000000000	./john/fullgrid/bloom-3b-fullgrid-100m-p1200-perchannel-john/heat/transformer.h.4.input_layernorm.npy
1024128	2026-05-28T18:07:42.0000000000	./john/fullgrid/bloom-3b-fullgrid-100m-p1200-perchannel-john/heat/transformer.h.4.mlp.dense_4h_to_h.npy
1024128	2026-05-28T18:07:42.0000000000	./john/fullgrid/bloom-3b-fullgrid-100m-p1200-perchannel-john/heat/transformer.h.4.post_attention_layernorm.npy
1024128	2026-05-28T18:07:42.0000000000	./john/fullgrid/bloom-3b-fullgrid-100m-p1200-perchannel-john/heat/transformer.h.4.self_attention.dense.npy
1024128	2026-05-28T18:07:42.0000000000	./john/fullgrid/bloom-3b-fullgrid-100m-p1200-perchannel-john/heat/transformer.h.5.input_layernorm.npy
1024128	2026-05-28T18:07:42.0000000000	./john/fullgrid/bloom-3b-fullgrid-100m-p1200-perchannel-john/heat/transformer.h.5.mlp.dense_4h_to_h.npy
1024128	2026-05-28T18:07:42.0000000000	./john/fullgrid/bloom-3b-fullgrid-100m-p1200-perchannel-john/heat/transformer.h.5.post_attention_layernorm.npy
1024128	2026-05-28T18:07:42.0000000000	./john/fullgrid/bloom-3b-fullgrid-100m-p1200-perchannel-john/heat/transformer.h.5.self_attention.dense.npy
1024128	2026-05-28T18:07:42.0000000000	./john/fullgrid/bloom-3b-fullgrid-100m-p1200-perchannel-john/heat/transformer.h.6.input_layernorm.npy
1024128	2026-05-28T18:07:42.0000000000	./john/fullgrid/bloom-3b-fullgrid-100m-p1200-perchannel-john/heat/transformer.h.6.mlp.dense_4h_to_h.npy
1024128	2026-05-28T18:07:42.0000000000	./john/fullgrid/bloom-3b-fullgrid-100m-p1200-perchannel-john/heat/transformer.h.6.post_attention_layernorm.npy
1024128	2026-05-28T18:07:42.0000000000	./john/fullgrid/bloom-3b-fullgrid-100m-p1200-perchannel-john/heat/transformer.h.6.self_attention.dense.npy
1024128	2026-05-28T18:07:42.0000000000	./john/fullgrid/bloom-3b-fullgrid-100m-p1200-perchannel-john/heat/transformer.h.7.input_layernorm.npy
1024128	2026-05-28T18:07:42.0000000000	./john/fullgrid/bloom-3b-fullgrid-100m-p1200-perchannel-john/heat/transformer.h.7.mlp.dense_4h_to_h.npy
1024128	2026-05-28T18:07:42.0000000000	./john/fullgrid/bloom-3b-fullgrid-100m-p1200-perchannel-john/heat/transformer.h.7.post_attention_layernorm.npy
1024128	2026-05-28T18:07:42.0000000000	./john/fullgrid/bloom-3b-fullgrid-100m-p1200-perchannel-john/heat/transformer.h.7.self_attention.dense.npy
1024128	2026-05-28T18:07:42.0000000000	./john/fullgrid/bloom-3b-fullgrid-100m-p1200-perchannel-john/heat/transformer.h.8.input_layernorm.npy
1024128	2026-05-28T18:07:42.0000000000	./john/fullgrid/bloom-3b-fullgrid-100m-p1200-perchannel-john/heat/transformer.h.8.mlp.dense_4h_to_h.npy
1024128	2026-05-28T18:07:42.0000000000	./john/fullgrid/bloom-3b-fullgrid-100m-p1200-perchannel-john/heat/transformer.h.8.post_attention_layernorm.npy
1024128	2026-05-28T18:07:42.0000000000	./john/fullgrid/bloom-3b-fullgrid-100m-p1200-perchannel-john/heat/transformer.h.8.self_attention.dense.npy
1024128	2026-05-28T18:07:42.0000000000	./john/fullgrid/bloom-3b-fullgrid-100m-p1200-perchannel-john/heat/transformer.h.9.input_layernorm.npy
1024128	2026-05-28T18:07:42.0000000000	./john/fullgrid/bloom-3b-fullgrid-100m-p1200-perchannel-john/heat/transformer.h.9.mlp.dense_4h_to_h.npy
1024128	2026-05-28T18:07:42.0000000000	./john/fullgrid/bloom-3b-fullgrid-100m-p1200-perchannel-john/heat/transformer.h.9.post_attention_layernorm.npy
1024128	2026-05-28T18:07:42.0000000000	./john/fullgrid/bloom-3b-fullgrid-100m-p1200-perchannel-john/heat/transformer.h.9.self_attention.dense.npy
1024128	2026-05-28T18:07:42.0000000000	./john/fullgrid/bloom-3b-fullgrid-100m-p1200-perchannel-john/heat/transformer.ln_f.npy
1024128	2026-05-28T18:07:42.0000000000	./john/fullgrid/bloom-3b-fullgrid-100m-p1200-perchannel-john/heat/transformer.word_embeddings_layernorm.npy
1024128	2026-05-28T19:31:06.0000000000	./john/fullgrid/bloomz-3b-fullgrid-100m-p1200-perchannel-john/heat/transformer.h.0.input_layernorm.npy
1024128	2026-05-28T19:31:06.0000000000	./john/fullgrid/bloomz-3b-fullgrid-100m-p1200-perchannel-john/heat/transformer.h.0.mlp.dense_4h_to_h.npy
1024128	2026-05-28T19:31:06.0000000000	./john/fullgrid/bloomz-3b-fullgrid-100m-p1200-perchannel-john/heat/transformer.h.0.post_attention_layernorm.npy
1024128	2026-05-28T19:31:06.0000000000	./john/fullgrid/bloomz-3b-fullgrid-100m-p1200-perchannel-john/heat/transformer.h.0.self_attention.dense.npy
1024128	2026-05-28T19:31:06.0000000000	./john/fullgrid/bloomz-3b-fullgrid-100m-p1200-perchannel-john/heat/transformer.h.1.input_layernorm.npy
1024128	2026-05-28T19:31:06.0000000000	./john/fullgrid/bloomz-3b-fullgrid-100m-p1200-perchannel-john/heat/transformer.h.1.mlp.dense_4h_to_h.npy
1024128	2026-05-28T19:31:06.0000000000	./john/fullgrid/bloomz-3b-fullgrid-100m-p1200-perchannel-john/heat/transformer.h.1.post_attention_layernorm.npy
1024128	2026-05-28T19:31:06.0000000000	./john/fullgrid/bloomz-3b-fullgrid-100m-p1200-perchannel-john/heat/transformer.h.1.self_attention.dense.npy
1024128	2026-05-28T19:31:06.0000000000	./john/fullgrid/bloomz-3b-fullgrid-100m-p1200-perchannel-john/heat/transformer.h.10.input_layernorm.npy
1024128	2026-05-28T19:31:06.0000000000	./john/fullgrid/bloomz-3b-fullgrid-100m-p1200-perchannel-john/heat/transformer.h.10.mlp.dense_4h_to_h.npy
1024128	2026-05-28T19:31:06.0000000000	./john/fullgrid/bloomz-3b-fullgrid-100m-p1200-perchannel-john/heat/transformer.h.10.post_attention_layernorm.npy
1024128	2026-05-28T19:31:06.0000000000	./john/fullgrid/bloomz-3b-fullgrid-100m-p1200-perchannel-john/heat/transformer.h.10.self_attention.dense.npy
1024128	2026-05-28T19:31:06.0000000000	./john/fullgrid/bloomz-3b-fullgrid-100m-p1200-perchannel-john/heat/transformer.h.11.input_layernorm.npy
1024128	2026-05-28T19:31:06.0000000000	./john/fullgrid/bloomz-3b-fullgrid-100m-p1200-perchannel-john/heat/transformer.h.11.mlp.dense_4h_to_h.npy
1024128	2026-05-28T19:31:06.0000000000	./john/fullgrid/bloomz-3b-fullgrid-100m-p1200-perchannel-john/heat/transformer.h.11.post_attention_layernorm.npy
1024128	2026-05-28T19:31:06.0000000000	./john/fullgrid/bloomz-3b-fullgrid-100m-p1200-perchannel-john/heat/transformer.h.11.self_attention.dense.npy
1024128	2026-05-28T19:31:06.0000000000	./john/fullgrid/bloomz-3b-fullgrid-100m-p1200-perchannel-john/heat/transformer.h.12.input_layernorm.npy
1024128	2026-05-28T19:31:06.0000000000	./john/fullgrid/bloomz-3b-fullgrid-100m-p1200-perchannel-john/heat/transformer.h.12.mlp.dense_4h_to_h.npy
1024128	2026-05-28T19:31:06.0000000000	./john/fullgrid/bloomz-3b-fullgrid-100m-p1200-perchannel-john/heat/transformer.h.12.post_attention_layernorm.npy
1024128	2026-05-28T19:31:06.0000000000	./john/fullgrid/bloomz-3b-fullgrid-100m-p1200-perchannel-john/heat/transformer.h.12.self_attention.dense.npy
1024128	2026-05-28T19:31:06.0000000000	./john/fullgrid/bloomz-3b-fullgrid-100m-p1200-perchannel-john/heat/transformer.h.13.input_layernorm.npy
1024128	2026-05-28T19:31:06.0000000000	./john/fullgrid/bloomz-3b-fullgrid-100m-p1200-perchannel-john/heat/transformer.h.13.mlp.dense_4h_to_h.npy
1024128	2026-05-28T19:31:06.0000000000	./john/fullgrid/bloomz-3b-fullgrid-100m-p1200-perchannel-john/heat/transformer.h.13.post_attention_layernorm.npy
1024128	2026-05-28T19:31:06.0000000000	./john/fullgrid/bloomz-3b-fullgrid-100m-p1200-perchannel-john/heat/transformer.h.13.self_attention.dense.npy
1024128	2026-05-28T19:31:06.0000000000	./john/fullgrid/bloomz-3b-fullgrid-100m-p1200-perchannel-john/heat/transformer.h.14.input_layernorm.npy
1024128	2026-05-28T19:31:06.0000000000	./john/fullgrid/bloomz-3b-fullgrid-100m-p1200-perchannel-john/heat/transformer.h.14.mlp.dense_4h_to_h.npy
1024128	2026-05-28T19:31:06.0000000000	./john/fullgrid/bloomz-3b-fullgrid-100m-p1200-perchannel-john/heat/transformer.h.14.post_attention_layernorm.npy
1024128	2026-05-28T19:31:06.0000000000	./john/fullgrid/bloomz-3b-fullgrid-100m-p1200-perchannel-john/heat/transformer.h.14.self_attention.dense.npy
1024128	2026-05-28T19:31:06.0000000000	./john/fullgrid/bloomz-3b-fullgrid-100m-p1200-perchannel-john/heat/transformer.h.15.input_layernorm.npy
1024128	2026-05-28T19:31:06.0000000000	./john/fullgrid/bloomz-3b-fullgrid-100m-p1200-perchannel-john/heat/transformer.h.15.mlp.dense_4h_to_h.npy
1024128	2026-05-28T19:31:06.0000000000	./john/fullgrid/bloomz-3b-fullgrid-100m-p1200-perchannel-john/heat/transformer.h.15.post_attention_layernorm.npy
1024128	2026-05-28T19:31:06.0000000000	./john/fullgrid/bloomz-3b-fullgrid-100m-p1200-perchannel-john/heat/transformer.h.15.self_attention.dense.npy
1024128	2026-05-28T19:31:06.0000000000	./john/fullgrid/bloomz-3b-fullgrid-100m-p1200-perchannel-john/heat/transformer.h.16.input_layernorm.npy
1024128	2026-05-28T19:31:06.0000000000	./john/fullgrid/bloomz-3b-fullgrid-100m-p1200-perchannel-john/heat/transformer.h.16.mlp.dense_4h_to_h.npy
1024128	2026-05-28T19:31:06.0000000000	./john/fullgrid/bloomz-3b-fullgrid-100m-p1200-perchannel-john/heat/transformer.h.16.post_attention_layernorm.npy
1024128	2026-05-28T19:31:06.0000000000	./john/fullgrid/bloomz-3b-fullgrid-100m-p1200-perchannel-john/heat/transformer.h.16.self_attention.dense.npy
1024128	2026-05-28T19:31:06.0000000000	./john/fullgrid/bloomz-3b-fullgrid-100m-p1200-perchannel-john/heat/transformer.h.17.input_layernorm.npy
1024128	2026-05-28T19:31:06.0000000000	./john/fullgrid/bloomz-3b-fullgrid-100m-p1200-perchannel-john/heat/transformer.h.17.mlp.dense_4h_to_h.npy
1024128	2026-05-28T19:31:06.0000000000	./john/fullgrid/bloomz-3b-fullgrid-100m-p1200-perchannel-john/heat/transformer.h.17.post_attention_layernorm.npy
1024128	2026-05-28T19:31:06.0000000000	./john/fullgrid/bloomz-3b-fullgrid-100m-p1200-perchannel-john/heat/transformer.h.17.self_attention.dense.npy
1024128	2026-05-28T19:31:06.0000000000	./john/fullgrid/bloomz-3b-fullgrid-100m-p1200-perchannel-john/heat/transformer.h.18.input_layernorm.npy
1024128	2026-05-28T19:31:06.0000000000	./john/fullgrid/bloomz-3b-fullgrid-100m-p1200-perchannel-john/heat/transformer.h.18.mlp.dense_4h_to_h.npy
1024128	2026-05-28T19:31:06.0000000000	./john/fullgrid/bloomz-3b-fullgrid-100m-p1200-perchannel-john/heat/transformer.h.18.post_attention_layernorm.npy
1024128	2026-05-28T19:31:06.0000000000	./john/fullgrid/bloomz-3b-fullgrid-100m-p1200-perchannel-john/heat/transformer.h.18.self_attention.dense.npy
1024128	2026-05-28T19:31:06.0000000000	./john/fullgrid/bloomz-3b-fullgrid-100m-p1200-perchannel-john/heat/transformer.h.19.input_layernorm.npy
1024128	2026-05-28T19:31:06.0000000000	./john/fullgrid/bloomz-3b-fullgrid-100m-p1200-perchannel-john/heat/transformer.h.19.mlp.dense_4h_to_h.npy
1024128	2026-05-28T19:31:06.0000000000	./john/fullgrid/bloomz-3b-fullgrid-100m-p1200-perchannel-john/heat/transformer.h.19.post_attention_layernorm.npy
1024128	2026-05-28T19:31:06.0000000000	./john/fullgrid/bloomz-3b-fullgrid-100m-p1200-perchannel-john/heat/transformer.h.19.self_attention.dense.npy
1024128	2026-05-28T19:31:06.0000000000	./john/fullgrid/bloomz-3b-fullgrid-100m-p1200-perchannel-john/heat/transformer.h.2.input_layernorm.npy
1024128	2026-05-28T19:31:06.0000000000	./john/fullgrid/bloomz-3b-fullgrid-100m-p1200-perchannel-john/heat/transformer.h.2.mlp.dense_4h_to_h.npy
1024128	2026-05-28T19:31:06.0000000000	./john/fullgrid/bloomz-3b-fullgrid-100m-p1200-perchannel-john/heat/transformer.h.2.post_attention_layernorm.npy
1024128	2026-05-28T19:31:06.0000000000	./john/fullgrid/bloomz-3b-fullgrid-100m-p1200-perchannel-john/heat/transformer.h.2.self_attention.dense.npy
1024128	2026-05-28T19:31:06.0000000000	./john/fullgrid/bloomz-3b-fullgrid-100m-p1200-perchannel-john/heat/transformer.h.20.input_layernorm.npy
1024128	2026-05-28T19:31:06.0000000000	./john/fullgrid/bloomz-3b-fullgrid-100m-p1200-perchannel-john/heat/transformer.h.20.mlp.dense_4h_to_h.npy
1024128	2026-05-28T19:31:06.0000000000	./john/fullgrid/bloomz-3b-fullgrid-100m-p1200-perchannel-john/heat/transformer.h.20.post_attention_layernorm.npy
1024128	2026-05-28T19:31:06.0000000000	./john/fullgrid/bloomz-3b-fullgrid-100m-p1200-perchannel-john/heat/transformer.h.20.self_attention.dense.npy
1024128	2026-05-28T19:31:06.0000000000	./john/fullgrid/bloomz-3b-fullgrid-100m-p1200-perchannel-john/heat/transformer.h.21.input_layernorm.npy
1024128	2026-05-28T19:31:06.0000000000	./john/fullgrid/bloomz-3b-fullgrid-100m-p1200-perchannel-john/heat/transformer.h.21.mlp.dense_4h_to_h.npy
1024128	2026-05-28T19:31:06.0000000000	./john/fullgrid/bloomz-3b-fullgrid-100m-p1200-perchannel-john/heat/transformer.h.21.post_attention_layernorm.npy
1024128	2026-05-28T19:31:06.0000000000	./john/fullgrid/bloomz-3b-fullgrid-100m-p1200-perchannel-john/heat/transformer.h.21.self_attention.dense.npy
1024128	2026-05-28T19:31:06.0000000000	./john/fullgrid/bloomz-3b-fullgrid-100m-p1200-perchannel-john/heat/transformer.h.22.input_layernorm.npy
1024128	2026-05-28T19:31:06.0000000000	./john/fullgrid/bloomz-3b-fullgrid-100m-p1200-perchannel-john/heat/transformer.h.22.mlp.dense_4h_to_h.npy
1024128	2026-05-28T19:31:06.0000000000	./john/fullgrid/bloomz-3b-fullgrid-100m-p1200-perchannel-john/heat/transformer.h.22.post_attention_layernorm.npy
1024128	2026-05-28T19:31:06.0000000000	./john/fullgrid/bloomz-3b-fullgrid-100m-p1200-perchannel-john/heat/transformer.h.22.self_attention.dense.npy
1024128	2026-05-28T19:31:06.0000000000	./john/fullgrid/bloomz-3b-fullgrid-100m-p1200-perchannel-john/heat/transformer.h.23.input_layernorm.npy
1024128	2026-05-28T19:31:06.0000000000	./john/fullgrid/bloomz-3b-fullgrid-100m-p1200-perchannel-john/heat/transformer.h.23.mlp.dense_4h_to_h.npy
1024128	2026-05-28T19:31:06.0000000000	./john/fullgrid/bloomz-3b-fullgrid-100m-p1200-perchannel-john/heat/transformer.h.23.post_attention_layernorm.npy
1024128	2026-05-28T19:31:06.0000000000	./john/fullgrid/bloomz-3b-fullgrid-100m-p1200-perchannel-john/heat/transformer.h.23.self_attention.dense.npy
1024128	2026-05-28T19:31:06.0000000000	./john/fullgrid/bloomz-3b-fullgrid-100m-p1200-perchannel-john/heat/transformer.h.24.input_layernorm.npy
1024128	2026-05-28T19:31:06.0000000000	./john/fullgrid/bloomz-3b-fullgrid-100m-p1200-perchannel-john/heat/transformer.h.24.mlp.dense_4h_to_h.npy
1024128	2026-05-28T19:31:06.0000000000	./john/fullgrid/bloomz-3b-fullgrid-100m-p1200-perchannel-john/heat/transformer.h.24.post_attention_layernorm.npy
1024128	2026-05-28T19:31:06.0000000000	./john/fullgrid/bloomz-3b-fullgrid-100m-p1200-perchannel-john/heat/transformer.h.24.self_attention.dense.npy
1024128	2026-05-28T19:31:06.0000000000	./john/fullgrid/bloomz-3b-fullgrid-100m-p1200-perchannel-john/heat/transformer.h.25.input_layernorm.npy
1024128	2026-05-28T19:31:06.0000000000	./john/fullgrid/bloomz-3b-fullgrid-100m-p1200-perchannel-john/heat/transformer.h.25.mlp.dense_4h_to_h.npy
1024128	2026-05-28T19:31:06.0000000000	./john/fullgrid/bloomz-3b-fullgrid-100m-p1200-perchannel-john/heat/transformer.h.25.post_attention_layernorm.npy
1024128	2026-05-28T19:31:06.0000000000	./john/fullgrid/bloomz-3b-fullgrid-100m-p1200-perchannel-john/heat/transformer.h.25.self_attention.dense.npy
1024128	2026-05-28T19:31:06.0000000000	./john/fullgrid/bloomz-3b-fullgrid-100m-p1200-perchannel-john/heat/transformer.h.26.input_layernorm.npy
1024128	2026-05-28T19:31:06.0000000000	./john/fullgrid/bloomz-3b-fullgrid-100m-p1200-perchannel-john/heat/transformer.h.26.mlp.dense_4h_to_h.npy
1024128	2026-05-28T19:31:06.0000000000	./john/fullgrid/bloomz-3b-fullgrid-100m-p1200-perchannel-john/heat/transformer.h.26.post_attention_layernorm.npy
1024128	2026-05-28T19:31:06.0000000000	./john/fullgrid/bloomz-3b-fullgrid-100m-p1200-perchannel-john/heat/transformer.h.26.self_attention.dense.npy
1024128	2026-05-28T19:31:06.0000000000	./john/fullgrid/bloomz-3b-fullgrid-100m-p1200-perchannel-john/heat/transformer.h.27.input_layernorm.npy
1024128	2026-05-28T19:31:06.0000000000	./john/fullgrid/bloomz-3b-fullgrid-100m-p1200-perchannel-john/heat/transformer.h.27.mlp.dense_4h_to_h.npy
1024128	2026-05-28T19:31:06.0000000000	./john/fullgrid/bloomz-3b-fullgrid-100m-p1200-perchannel-john/heat/transformer.h.27.post_attention_layernorm.npy
1024128	2026-05-28T19:31:06.0000000000	./john/fullgrid/bloomz-3b-fullgrid-100m-p1200-perchannel-john/heat/transformer.h.27.self_attention.dense.npy
1024128	2026-05-28T19:31:06.0000000000	./john/fullgrid/bloomz-3b-fullgrid-100m-p1200-perchannel-john/heat/transformer.h.28.input_layernorm.npy
1024128	2026-05-28T19:31:06.0000000000	./john/fullgrid/bloomz-3b-fullgrid-100m-p1200-perchannel-john/heat/transformer.h.28.mlp.dense_4h_to_h.npy
1024128	2026-05-28T19:31:06.0000000000	./john/fullgrid/bloomz-3b-fullgrid-100m-p1200-perchannel-john/heat/transformer.h.28.post_attention_layernorm.npy
1024128	2026-05-28T19:31:06.0000000000	./john/fullgrid/bloomz-3b-fullgrid-100m-p1200-perchannel-john/heat/transformer.h.28.self_attention.dense.npy
1024128	2026-05-28T19:31:06.0000000000	./john/fullgrid/bloomz-3b-fullgrid-100m-p1200-perchannel-john/heat/transformer.h.29.input_layernorm.npy
1024128	2026-05-28T19:31:06.0000000000	./john/fullgrid/bloomz-3b-fullgrid-100m-p1200-perchannel-john/heat/transformer.h.29.mlp.dense_4h_to_h.npy
1024128	2026-05-28T19:31:06.0000000000	./john/fullgrid/bloomz-3b-fullgrid-100m-p1200-perchannel-john/heat/transformer.h.29.post_attention_layernorm.npy
1024128	2026-05-28T19:31:06.0000000000	./john/fullgrid/bloomz-3b-fullgrid-100m-p1200-perchannel-john/heat/transformer.h.29.self_attention.dense.npy
1024128	2026-05-28T19:31:06.0000000000	./john/fullgrid/bloomz-3b-fullgrid-100m-p1200-perchannel-john/heat/transformer.h.3.input_layernorm.npy
1024128	2026-05-28T19:31:06.0000000000	./john/fullgrid/bloomz-3b-fullgrid-100m-p1200-perchannel-john/heat/transformer.h.3.mlp.dense_4h_to_h.npy
1024128	2026-05-28T19:31:06.0000000000	./john/fullgrid/bloomz-3b-fullgrid-100m-p1200-perchannel-john/heat/transformer.h.3.post_attention_layernorm.npy
1024128	2026-05-28T19:31:06.0000000000	./john/fullgrid/bloomz-3b-fullgrid-100m-p1200-perchannel-john/heat/transformer.h.3.self_attention.dense.npy
1024128	2026-05-28T19:31:06.0000000000	./john/fullgrid/bloomz-3b-fullgrid-100m-p1200-perchannel-john/heat/transformer.h.4.input_layernorm.npy
1024128	2026-05-28T19:31:06.0000000000	./john/fullgrid/bloomz-3b-fullgrid-100m-p1200-perchannel-john/heat/transformer.h.4.mlp.dense_4h_to_h.npy
1024128	2026-05-28T19:31:06.0000000000	./john/fullgrid/bloomz-3b-fullgrid-100m-p1200-perchannel-john/heat/transformer.h.4.post_attention_layernorm.npy
1024128	2026-05-28T19:31:06.0000000000	./john/fullgrid/bloomz-3b-fullgrid-100m-p1200-perchannel-john/heat/transformer.h.4.self_attention.dense.npy
1024128	2026-05-28T19:31:06.0000000000	./john/fullgrid/bloomz-3b-fullgrid-100m-p1200-perchannel-john/heat/transformer.h.5.input_layernorm.npy
1024128	2026-05-28T19:31:06.0000000000	./john/fullgrid/bloomz-3b-fullgrid-100m-p1200-perchannel-john/heat/transformer.h.5.mlp.dense_4h_to_h.npy
1024128	2026-05-28T19:31:06.0000000000	./john/fullgrid/bloomz-3b-fullgrid-100m-p1200-perchannel-john/heat/transformer.h.5.post_attention_layernorm.npy
1024128	2026-05-28T19:31:06.0000000000	./john/fullgrid/bloomz-3b-fullgrid-100m-p1200-perchannel-john/heat/transformer.h.5.self_attention.dense.npy
1024128	2026-05-28T19:31:06.0000000000	./john/fullgrid/bloomz-3b-fullgrid-100m-p1200-perchannel-john/heat/transformer.h.6.input_layernorm.npy
1024128	2026-05-28T19:31:06.0000000000	./john/fullgrid/bloomz-3b-fullgrid-100m-p1200-perchannel-john/heat/transformer.h.6.mlp.dense_4h_to_h.npy
1024128	2026-05-28T19:31:06.0000000000	./john/fullgrid/bloomz-3b-fullgrid-100m-p1200-perchannel-john/heat/transformer.h.6.post_attention_layernorm.npy
1024128	2026-05-28T19:31:06.0000000000	./john/fullgrid/bloomz-3b-fullgrid-100m-p1200-perchannel-john/heat/transformer.h.6.self_attention.dense.npy
1024128	2026-05-28T19:31:06.0000000000	./john/fullgrid/bloomz-3b-fullgrid-100m-p1200-perchannel-john/heat/transformer.h.7.input_layernorm.npy
1024128	2026-05-28T19:31:06.0000000000	./john/fullgrid/bloomz-3b-fullgrid-100m-p1200-perchannel-john/heat/transformer.h.7.mlp.dense_4h_to_h.npy
1024128	2026-05-28T19:31:06.0000000000	./john/fullgrid/bloomz-3b-fullgrid-100m-p1200-perchannel-john/heat/transformer.h.7.post_attention_layernorm.npy
1024128	2026-05-28T19:31:06.0000000000	./john/fullgrid/bloomz-3b-fullgrid-100m-p1200-perchannel-john/heat/transformer.h.7.self_attention.dense.npy
1024128	2026-05-28T19:31:06.0000000000	./john/fullgrid/bloomz-3b-fullgrid-100m-p1200-perchannel-john/heat/transformer.h.8.input_layernorm.npy
1024128	2026-05-28T19:31:06.0000000000	./john/fullgrid/bloomz-3b-fullgrid-100m-p1200-perchannel-john/heat/transformer.h.8.mlp.dense_4h_to_h.npy
1024128	2026-05-28T19:31:06.0000000000	./john/fullgrid/bloomz-3b-fullgrid-100m-p1200-perchannel-john/heat/transformer.h.8.post_attention_layernorm.npy
1024128	2026-05-28T19:31:06.0000000000	./john/fullgrid/bloomz-3b-fullgrid-100m-p1200-perchannel-john/heat/transformer.h.8.self_attention.dense.npy
1024128	2026-05-28T19:31:06.0000000000	./john/fullgrid/bloomz-3b-fullgrid-100m-p1200-perchannel-john/heat/transformer.h.9.input_layernorm.npy
1024128	2026-05-28T19:31:06.0000000000	./john/fullgrid/bloomz-3b-fullgrid-100m-p1200-perchannel-john/heat/transformer.h.9.mlp.dense_4h_to_h.npy
1024128	2026-05-28T19:31:06.0000000000	./john/fullgrid/bloomz-3b-fullgrid-100m-p1200-perchannel-john/heat/transformer.h.9.post_attention_layernorm.npy
1024128	2026-05-28T19:31:06.0000000000	./john/fullgrid/bloomz-3b-fullgrid-100m-p1200-perchannel-john/heat/transformer.h.9.self_attention.dense.npy
1024128	2026-05-28T19:31:06.0000000000	./john/fullgrid/bloomz-3b-fullgrid-100m-p1200-perchannel-john/heat/transformer.ln_f.npy
1024128	2026-05-28T19:31:06.0000000000	./john/fullgrid/bloomz-3b-fullgrid-100m-p1200-perchannel-john/heat/transformer.word_embeddings_layernorm.npy
102528	2026-05-28T11:07:19.0000000000	./john/fullgrid/qwen3b-fullgrid-100m-p180/heat/model.layers.0.self_attn.k_proj.npy
102528	2026-05-28T11:07:19.0000000000	./john/fullgrid/qwen3b-fullgrid-100m-p180/heat/model.layers.0.self_attn.v_proj.npy
102528	2026-05-28T11:07:19.0000000000	./john/fullgrid/qwen3b-fullgrid-100m-p180/heat/model.layers.1.self_attn.k_proj.npy
102528	2026-05-28T11:07:19.0000000000	./john/fullgrid/qwen3b-fullgrid-100m-p180/heat/model.layers.1.self_attn.v_proj.npy
102528	2026-05-28T11:07:19.0000000000	./john/fullgrid/qwen3b-fullgrid-100m-p180/heat/model.layers.10.self_attn.k_proj.npy
102528	2026-05-28T11:07:19.0000000000	./john/fullgrid/qwen3b-fullgrid-100m-p180/heat/model.layers.10.self_attn.v_proj.npy
102528	2026-05-28T11:07:19.0000000000	./john/fullgrid/qwen3b-fullgrid-100m-p180/heat/model.layers.11.self_attn.k_proj.npy
102528	2026-05-28T11:07:19.0000000000	./john/fullgrid/qwen3b-fullgrid-100m-p180/heat/model.layers.11.self_attn.v_proj.npy
102528	2026-05-28T11:07:19.0000000000	./john/fullgrid/qwen3b-fullgrid-100m-p180/heat/model.layers.12.self_attn.k_proj.npy
102528	2026-05-28T11:07:19.0000000000	./john/fullgrid/qwen3b-fullgrid-100m-p180/heat/model.layers.12.self_attn.v_proj.npy
102528	2026-05-28T11:07:19.0000000000	./john/fullgrid/qwen3b-fullgrid-100m-p180/heat/model.layers.13.self_attn.k_proj.npy
102528	2026-05-28T11:07:19.0000000000	./john/fullgrid/qwen3b-fullgrid-100m-p180/heat/model.layers.13.self_attn.v_proj.npy
102528	2026-05-28T11:07:19.0000000000	./john/fullgrid/qwen3b-fullgrid-100m-p180/heat/model.layers.14.self_attn.k_proj.npy
102528	2026-05-28T11:07:19.0000000000	./john/fullgrid/qwen3b-fullgrid-100m-p180/heat/model.layers.14.self_attn.v_proj.npy
102528	2026-05-28T11:07:19.0000000000	./john/fullgrid/qwen3b-fullgrid-100m-p180/heat/model.layers.15.self_attn.k_proj.npy
102528	2026-05-28T11:07:19.0000000000	./john/fullgrid/qwen3b-fullgrid-100m-p180/heat/model.layers.15.self_attn.v_proj.npy
102528	2026-05-28T11:07:19.0000000000	./john/fullgrid/qwen3b-fullgrid-100m-p180/heat/model.layers.16.self_attn.k_proj.npy
102528	2026-05-28T11:07:19.0000000000	./john/fullgrid/qwen3b-fullgrid-100m-p180/heat/model.layers.16.self_attn.v_proj.npy
102528	2026-05-28T11:07:19.0000000000	./john/fullgrid/qwen3b-fullgrid-100m-p180/heat/model.layers.17.self_attn.k_proj.npy
102528	2026-05-28T11:07:19.0000000000	./john/fullgrid/qwen3b-fullgrid-100m-p180/heat/model.layers.17.self_attn.v_proj.npy
102528	2026-05-28T11:07:19.0000000000	./john/fullgrid/qwen3b-fullgrid-100m-p180/heat/model.layers.18.self_attn.k_proj.npy
102528	2026-05-28T11:07:19.0000000000	./john/fullgrid/qwen3b-fullgrid-100m-p180/heat/model.layers.18.self_attn.v_proj.npy
102528	2026-05-28T11:07:19.0000000000	./john/fullgrid/qwen3b-fullgrid-100m-p180/heat/model.layers.19.self_attn.k_proj.npy
102528	2026-05-28T11:07:19.0000000000	./john/fullgrid/qwen3b-fullgrid-100m-p180/heat/model.layers.19.self_attn.v_proj.npy
102528	2026-05-28T11:07:19.0000000000	./john/fullgrid/qwen3b-fullgrid-100m-p180/heat/model.layers.2.self_attn.k_proj.npy
102528	2026-05-28T11:07:19.0000000000	./john/fullgrid/qwen3b-fullgrid-100m-p180/heat/model.layers.2.self_attn.v_proj.npy
102528	2026-05-28T11:07:19.0000000000	./john/fullgrid/qwen3b-fullgrid-100m-p180/heat/model.layers.20.self_attn.k_proj.npy
102528	2026-05-28T11:07:19.0000000000	./john/fullgrid/qwen3b-fullgrid-100m-p180/heat/model.layers.20.self_attn.v_proj.npy
102528	2026-05-28T11:07:19.0000000000	./john/fullgrid/qwen3b-fullgrid-100m-p180/heat/model.layers.21.self_attn.k_proj.npy
102528	2026-05-28T11:07:19.0000000000	./john/fullgrid/qwen3b-fullgrid-100m-p180/heat/model.layers.21.self_attn.v_proj.npy
102528	2026-05-28T11:07:19.0000000000	./john/fullgrid/qwen3b-fullgrid-100m-p180/heat/model.layers.22.self_attn.k_proj.npy
102528	2026-05-28T11:07:19.0000000000	./john/fullgrid/qwen3b-fullgrid-100m-p180/heat/model.layers.22.self_attn.v_proj.npy
102528	2026-05-28T11:07:19.0000000000	./john/fullgrid/qwen3b-fullgrid-100m-p180/heat/model.layers.23.self_attn.k_proj.npy
102528	2026-05-28T11:07:19.0000000000	./john/fullgrid/qwen3b-fullgrid-100m-p180/heat/model.layers.23.self_attn.v_proj.npy
102528	2026-05-28T11:07:19.0000000000	./john/fullgrid/qwen3b-fullgrid-100m-p180/heat/model.layers.24.self_attn.k_proj.npy
102528	2026-05-28T11:07:19.0000000000	./john/fullgrid/qwen3b-fullgrid-100m-p180/heat/model.layers.24.self_attn.v_proj.npy
102528	2026-05-28T11:07:19.0000000000	./john/fullgrid/qwen3b-fullgrid-100m-p180/heat/model.layers.25.self_attn.k_proj.npy
102528	2026-05-28T11:07:19.0000000000	./john/fullgrid/qwen3b-fullgrid-100m-p180/heat/model.layers.25.self_attn.v_proj.npy
102528	2026-05-28T11:07:19.0000000000	./john/fullgrid/qwen3b-fullgrid-100m-p180/heat/model.layers.26.self_attn.k_proj.npy
102528	2026-05-28T11:07:19.0000000000	./john/fullgrid/qwen3b-fullgrid-100m-p180/heat/model.layers.26.self_attn.v_proj.npy
102528	2026-05-28T11:07:19.0000000000	./john/fullgrid/qwen3b-fullgrid-100m-p180/heat/model.layers.27.self_attn.k_proj.npy
102528	2026-05-28T11:07:19.0000000000	./john/fullgrid/qwen3b-fullgrid-100m-p180/heat/model.layers.27.self_attn.v_proj.npy
102528	2026-05-28T11:07:19.0000000000	./john/fullgrid/qwen3b-fullgrid-100m-p180/heat/model.layers.28.self_attn.k_proj.npy
102528	2026-05-28T11:07:19.0000000000	./john/fullgrid/qwen3b-fullgrid-100m-p180/heat/model.layers.28.self_attn.v_proj.npy
102528	2026-05-28T11:07:19.0000000000	./john/fullgrid/qwen3b-fullgrid-100m-p180/heat/model.layers.29.self_attn.k_proj.npy
102528	2026-05-28T11:07:19.0000000000	./john/fullgrid/qwen3b-fullgrid-100m-p180/heat/model.layers.29.self_attn.v_proj.npy
102528	2026-05-28T11:07:19.0000000000	./john/fullgrid/qwen3b-fullgrid-100m-p180/heat/model.layers.3.self_attn.k_proj.npy
102528	2026-05-28T11:07:19.0000000000	./john/fullgrid/qwen3b-fullgrid-100m-p180/heat/model.layers.3.self_attn.v_proj.npy
102528	2026-05-28T11:07:19.0000000000	./john/fullgrid/qwen3b-fullgrid-100m-p180/heat/model.layers.30.self_attn.k_proj.npy
102528	2026-05-28T11:07:19.0000000000	./john/fullgrid/qwen3b-fullgrid-100m-p180/heat/model.layers.30.self_attn.v_proj.npy
102528	2026-05-28T11:07:19.0000000000	./john/fullgrid/qwen3b-fullgrid-100m-p180/heat/model.layers.31.self_attn.k_proj.npy
102528	2026-05-28T11:07:19.0000000000	./john/fullgrid/qwen3b-fullgrid-100m-p180/heat/model.layers.31.self_attn.v_proj.npy
102528	2026-05-28T11:07:19.0000000000	./john/fullgrid/qwen3b-fullgrid-100m-p180/heat/model.layers.32.self_attn.k_proj.npy
102528	2026-05-28T11:07:19.0000000000	./john/fullgrid/qwen3b-fullgrid-100m-p180/heat/model.layers.32.self_attn.v_proj.npy
102528	2026-05-28T11:07:19.0000000000	./john/fullgrid/qwen3b-fullgrid-100m-p180/heat/model.layers.33.self_attn.k_proj.npy
102528	2026-05-28T11:07:19.0000000000	./john/fullgrid/qwen3b-fullgrid-100m-p180/heat/model.layers.33.self_attn.v_proj.npy
102528	2026-05-28T11:07:19.0000000000	./john/fullgrid/qwen3b-fullgrid-100m-p180/heat/model.layers.34.self_attn.k_proj.npy
102528	2026-05-28T11:07:19.0000000000	./john/fullgrid/qwen3b-fullgrid-100m-p180/heat/model.layers.34.self_attn.v_proj.npy
102528	2026-05-28T11:07:19.0000000000	./john/fullgrid/qwen3b-fullgrid-100m-p180/heat/model.layers.35.self_attn.k_proj.npy
102528	2026-05-28T11:07:19.0000000000	./john/fullgrid/qwen3b-fullgrid-100m-p180/heat/model.layers.35.self_attn.v_proj.npy
102528	2026-05-28T11:07:19.0000000000	./john/fullgrid/qwen3b-fullgrid-100m-p180/heat/model.layers.4.self_attn.k_proj.npy
102528	2026-05-28T11:07:19.0000000000	./john/fullgrid/qwen3b-fullgrid-100m-p180/heat/model.layers.4.self_attn.v_proj.npy
102528	2026-05-28T11:07:19.0000000000	./john/fullgrid/qwen3b-fullgrid-100m-p180/heat/model.layers.5.self_attn.k_proj.npy
102528	2026-05-28T11:07:19.0000000000	./john/fullgrid/qwen3b-fullgrid-100m-p180/heat/model.layers.5.self_attn.v_proj.npy
102528	2026-05-28T11:07:19.0000000000	./john/fullgrid/qwen3b-fullgrid-100m-p180/heat/model.layers.6.self_attn.k_proj.npy
102528	2026-05-28T11:07:19.0000000000	./john/fullgrid/qwen3b-fullgrid-100m-p180/heat/model.layers.6.self_attn.v_proj.npy
102528	2026-05-28T11:07:19.0000000000	./john/fullgrid/qwen3b-fullgrid-100m-p180/heat/model.layers.7.self_attn.k_proj.npy
102528	2026-05-28T11:07:19.0000000000	./john/fullgrid/qwen3b-fullgrid-100m-p180/heat/model.layers.7.self_attn.v_proj.npy
102528	2026-05-28T11:07:19.0000000000	./john/fullgrid/qwen3b-fullgrid-100m-p180/heat/model.layers.8.self_attn.k_proj.npy
102528	2026-05-28T11:07:19.0000000000	./john/fullgrid/qwen3b-fullgrid-100m-p180/heat/model.layers.8.self_attn.v_proj.npy
102528	2026-05-28T11:07:19.0000000000	./john/fullgrid/qwen3b-fullgrid-100m-p180/heat/model.layers.9.self_attn.k_proj.npy
102528	2026-05-28T11:07:19.0000000000	./john/fullgrid/qwen3b-fullgrid-100m-p180/heat/model.layers.9.self_attn.v_proj.npy
102528	2026-05-28T11:09:19.0000000000	./john/fullgrid/qwen3b-fullgrid-100m-p600/heat/model.layers.0.self_attn.k_proj.npy
102528	2026-05-28T11:09:19.0000000000	./john/fullgrid/qwen3b-fullgrid-100m-p600/heat/model.layers.0.self_attn.v_proj.npy
102528	2026-05-28T11:09:19.0000000000	./john/fullgrid/qwen3b-fullgrid-100m-p600/heat/model.layers.1.self_attn.k_proj.npy
102528	2026-05-28T11:09:19.0000000000	./john/fullgrid/qwen3b-fullgrid-100m-p600/heat/model.layers.1.self_attn.v_proj.npy
102528	2026-05-28T11:09:19.0000000000	./john/fullgrid/qwen3b-fullgrid-100m-p600/heat/model.layers.10.self_attn.k_proj.npy
102528	2026-05-28T11:09:19.0000000000	./john/fullgrid/qwen3b-fullgrid-100m-p600/heat/model.layers.10.self_attn.v_proj.npy
102528	2026-05-28T11:09:19.0000000000	./john/fullgrid/qwen3b-fullgrid-100m-p600/heat/model.layers.11.self_attn.k_proj.npy
102528	2026-05-28T11:09:19.0000000000	./john/fullgrid/qwen3b-fullgrid-100m-p600/heat/model.layers.11.self_attn.v_proj.npy
102528	2026-05-28T11:09:19.0000000000	./john/fullgrid/qwen3b-fullgrid-100m-p600/heat/model.layers.12.self_attn.k_proj.npy
102528	2026-05-28T11:09:19.0000000000	./john/fullgrid/qwen3b-fullgrid-100m-p600/heat/model.layers.12.self_attn.v_proj.npy
102528	2026-05-28T11:09:19.0000000000	./john/fullgrid/qwen3b-fullgrid-100m-p600/heat/model.layers.13.self_attn.k_proj.npy
102528	2026-05-28T11:09:19.0000000000	./john/fullgrid/qwen3b-fullgrid-100m-p600/heat/model.layers.13.self_attn.v_proj.npy
102528	2026-05-28T11:09:19.0000000000	./john/fullgrid/qwen3b-fullgrid-100m-p600/heat/model.layers.14.self_attn.k_proj.npy
102528	2026-05-28T11:09:19.0000000000	./john/fullgrid/qwen3b-fullgrid-100m-p600/heat/model.layers.14.self_attn.v_proj.npy
102528	2026-05-28T11:09:19.0000000000	./john/fullgrid/qwen3b-fullgrid-100m-p600/heat/model.layers.15.self_attn.k_proj.npy
102528	2026-05-28T11:09:19.0000000000	./john/fullgrid/qwen3b-fullgrid-100m-p600/heat/model.layers.15.self_attn.v_proj.npy
102528	2026-05-28T11:09:19.0000000000	./john/fullgrid/qwen3b-fullgrid-100m-p600/heat/model.layers.16.self_attn.k_proj.npy
102528	2026-05-28T11:09:19.0000000000	./john/fullgrid/qwen3b-fullgrid-100m-p600/heat/model.layers.16.self_attn.v_proj.npy
102528	2026-05-28T11:09:19.0000000000	./john/fullgrid/qwen3b-fullgrid-100m-p600/heat/model.layers.17.self_attn.k_proj.npy
102528	2026-05-28T11:09:19.0000000000	./john/fullgrid/qwen3b-fullgrid-100m-p600/heat/model.layers.17.self_attn.v_proj.npy
102528	2026-05-28T11:09:19.0000000000	./john/fullgrid/qwen3b-fullgrid-100m-p600/heat/model.layers.18.self_attn.k_proj.npy
102528	2026-05-28T11:09:19.0000000000	./john/fullgrid/qwen3b-fullgrid-100m-p600/heat/model.layers.18.self_attn.v_proj.npy
102528	2026-05-28T11:09:19.0000000000	./john/fullgrid/qwen3b-fullgrid-100m-p600/heat/model.layers.19.self_attn.k_proj.npy
102528	2026-05-28T11:09:19.0000000000	./john/fullgrid/qwen3b-fullgrid-100m-p600/heat/model.layers.19.self_attn.v_proj.npy
102528	2026-05-28T11:09:19.0000000000	./john/fullgrid/qwen3b-fullgrid-100m-p600/heat/model.layers.2.self_attn.k_proj.npy
102528	2026-05-28T11:09:19.0000000000	./john/fullgrid/qwen3b-fullgrid-100m-p600/heat/model.layers.2.self_attn.v_proj.npy
102528	2026-05-28T11:09:19.0000000000	./john/fullgrid/qwen3b-fullgrid-100m-p600/heat/model.layers.20.self_attn.k_proj.npy
102528	2026-05-28T11:09:19.0000000000	./john/fullgrid/qwen3b-fullgrid-100m-p600/heat/model.layers.20.self_attn.v_proj.npy
102528	2026-05-28T11:09:19.0000000000	./john/fullgrid/qwen3b-fullgrid-100m-p600/heat/model.layers.21.self_attn.k_proj.npy
102528	2026-05-28T11:09:19.0000000000	./john/fullgrid/qwen3b-fullgrid-100m-p600/heat/model.layers.21.self_attn.v_proj.npy
102528	2026-05-28T11:09:19.0000000000	./john/fullgrid/qwen3b-fullgrid-100m-p600/heat/model.layers.22.self_attn.k_proj.npy
102528	2026-05-28T11:09:19.0000000000	./john/fullgrid/qwen3b-fullgrid-100m-p600/heat/model.layers.22.self_attn.v_proj.npy
102528	2026-05-28T11:09:19.0000000000	./john/fullgrid/qwen3b-fullgrid-100m-p600/heat/model.layers.23.self_attn.k_proj.npy
102528	2026-05-28T11:09:19.0000000000	./john/fullgrid/qwen3b-fullgrid-100m-p600/heat/model.layers.23.self_attn.v_proj.npy
102528	2026-05-28T11:09:19.0000000000	./john/fullgrid/qwen3b-fullgrid-100m-p600/heat/model.layers.24.self_attn.k_proj.npy
102528	2026-05-28T11:09:19.0000000000	./john/fullgrid/qwen3b-fullgrid-100m-p600/heat/model.layers.24.self_attn.v_proj.npy
102528	2026-05-28T11:09:19.0000000000	./john/fullgrid/qwen3b-fullgrid-100m-p600/heat/model.layers.25.self_attn.k_proj.npy
102528	2026-05-28T11:09:19.0000000000	./john/fullgrid/qwen3b-fullgrid-100m-p600/heat/model.layers.25.self_attn.v_proj.npy
102528	2026-05-28T11:09:19.0000000000	./john/fullgrid/qwen3b-fullgrid-100m-p600/heat/model.layers.26.self_attn.k_proj.npy
102528	2026-05-28T11:09:19.0000000000	./john/fullgrid/qwen3b-fullgrid-100m-p600/heat/model.layers.26.self_attn.v_proj.npy
102528	2026-05-28T11:09:19.0000000000	./john/fullgrid/qwen3b-fullgrid-100m-p600/heat/model.layers.27.self_attn.k_proj.npy
102528	2026-05-28T11:09:19.0000000000	./john/fullgrid/qwen3b-fullgrid-100m-p600/heat/model.layers.27.self_attn.v_proj.npy
102528	2026-05-28T11:09:19.0000000000	./john/fullgrid/qwen3b-fullgrid-100m-p600/heat/model.layers.28.self_attn.k_proj.npy
102528	2026-05-28T11:09:19.0000000000	./john/fullgrid/qwen3b-fullgrid-100m-p600/heat/model.layers.28.self_attn.v_proj.npy
102528	2026-05-28T11:09:19.0000000000	./john/fullgrid/qwen3b-fullgrid-100m-p600/heat/model.layers.3.self_attn.k_proj.npy
102528	2026-05-28T11:09:19.0000000000	./john/fullgrid/qwen3b-fullgrid-100m-p600/heat/model.layers.3.self_attn.v_proj.npy
102528	2026-05-28T11:09:19.0000000000	./john/fullgrid/qwen3b-fullgrid-100m-p600/heat/model.layers.4.self_attn.k_proj.npy
102528	2026-05-28T11:09:19.0000000000	./john/fullgrid/qwen3b-fullgrid-100m-p600/heat/model.layers.4.self_attn.v_proj.npy
102528	2026-05-28T11:09:19.0000000000	./john/fullgrid/qwen3b-fullgrid-100m-p600/heat/model.layers.5.self_attn.k_proj.npy
102528	2026-05-28T11:09:19.0000000000	./john/fullgrid/qwen3b-fullgrid-100m-p600/heat/model.layers.5.self_attn.v_proj.npy
102528	2026-05-28T11:09:19.0000000000	./john/fullgrid/qwen3b-fullgrid-100m-p600/heat/model.layers.6.self_attn.k_proj.npy
102528	2026-05-28T11:09:19.0000000000	./john/fullgrid/qwen3b-fullgrid-100m-p600/heat/model.layers.6.self_attn.v_proj.npy
102528	2026-05-28T11:09:19.0000000000	./john/fullgrid/qwen3b-fullgrid-100m-p600/heat/model.layers.7.self_attn.k_proj.npy
102528	2026-05-28T11:09:19.0000000000	./john/fullgrid/qwen3b-fullgrid-100m-p600/heat/model.layers.7.self_attn.v_proj.npy
102528	2026-05-28T11:09:19.0000000000	./john/fullgrid/qwen3b-fullgrid-100m-p600/heat/model.layers.8.self_attn.k_proj.npy
102528	2026-05-28T11:09:19.0000000000	./john/fullgrid/qwen3b-fullgrid-100m-p600/heat/model.layers.8.self_attn.v_proj.npy
102528	2026-05-28T11:09:19.0000000000	./john/fullgrid/qwen3b-fullgrid-100m-p600/heat/model.layers.9.self_attn.k_proj.npy
102528	2026-05-28T11:09:19.0000000000	./john/fullgrid/qwen3b-fullgrid-100m-p600/heat/model.layers.9.self_attn.v_proj.npy
102528	2026-05-28T11:09:20.0000000000	./john/fullgrid/qwen3b-fullgrid-100m-p600/heat/model.layers.29.self_attn.k_proj.npy
102528	2026-05-28T11:09:20.0000000000	./john/fullgrid/qwen3b-fullgrid-100m-p600/heat/model.layers.29.self_attn.v_proj.npy
102528	2026-05-28T11:09:20.0000000000	./john/fullgrid/qwen3b-fullgrid-100m-p600/heat/model.layers.30.self_attn.k_proj.npy
102528	2026-05-28T11:09:20.0000000000	./john/fullgrid/qwen3b-fullgrid-100m-p600/heat/model.layers.30.self_attn.v_proj.npy
102528	2026-05-28T11:09:20.0000000000	./john/fullgrid/qwen3b-fullgrid-100m-p600/heat/model.layers.31.self_attn.k_proj.npy
102528	2026-05-28T11:09:20.0000000000	./john/fullgrid/qwen3b-fullgrid-100m-p600/heat/model.layers.31.self_attn.v_proj.npy
102528	2026-05-28T11:09:20.0000000000	./john/fullgrid/qwen3b-fullgrid-100m-p600/heat/model.layers.32.self_attn.k_proj.npy
102528	2026-05-28T11:09:20.0000000000	./john/fullgrid/qwen3b-fullgrid-100m-p600/heat/model.layers.32.self_attn.v_proj.npy
102528	2026-05-28T11:09:20.0000000000	./john/fullgrid/qwen3b-fullgrid-100m-p600/heat/model.layers.33.self_attn.k_proj.npy
102528	2026-05-28T11:09:20.0000000000	./john/fullgrid/qwen3b-fullgrid-100m-p600/heat/model.layers.33.self_attn.v_proj.npy
102528	2026-05-28T11:09:20.0000000000	./john/fullgrid/qwen3b-fullgrid-100m-p600/heat/model.layers.34.self_attn.k_proj.npy
102528	2026-05-28T11:09:20.0000000000	./john/fullgrid/qwen3b-fullgrid-100m-p600/heat/model.layers.34.self_attn.v_proj.npy
102528	2026-05-28T11:09:20.0000000000	./john/fullgrid/qwen3b-fullgrid-100m-p600/heat/model.layers.35.self_attn.k_proj.npy
102528	2026-05-28T11:09:20.0000000000	./john/fullgrid/qwen3b-fullgrid-100m-p600/heat/model.layers.35.self_attn.v_proj.npy
102528	2026-05-28T12:20:35.0000000000	./john/fullgrid/qwen3b-fullgrid-100m-p1200-perchannel/heat/model.layers.0.self_attn.k_proj.npy
102528	2026-05-28T12:20:35.0000000000	./john/fullgrid/qwen3b-fullgrid-100m-p1200-perchannel/heat/model.layers.0.self_attn.v_proj.npy
102528	2026-05-28T12:20:35.0000000000	./john/fullgrid/qwen3b-fullgrid-100m-p1200-perchannel/heat/model.layers.1.self_attn.k_proj.npy
102528	2026-05-28T12:20:35.0000000000	./john/fullgrid/qwen3b-fullgrid-100m-p1200-perchannel/heat/model.layers.1.self_attn.v_proj.npy
102528	2026-05-28T12:20:35.0000000000	./john/fullgrid/qwen3b-fullgrid-100m-p1200-perchannel/heat/model.layers.10.self_attn.k_proj.npy
102528	2026-05-28T12:20:35.0000000000	./john/fullgrid/qwen3b-fullgrid-100m-p1200-perchannel/heat/model.layers.10.self_attn.v_proj.npy
102528	2026-05-28T12:20:35.0000000000	./john/fullgrid/qwen3b-fullgrid-100m-p1200-perchannel/heat/model.layers.11.self_attn.k_proj.npy
102528	2026-05-28T12:20:35.0000000000	./john/fullgrid/qwen3b-fullgrid-100m-p1200-perchannel/heat/model.layers.11.self_attn.v_proj.npy
102528	2026-05-28T12:20:35.0000000000	./john/fullgrid/qwen3b-fullgrid-100m-p1200-perchannel/heat/model.layers.12.self_attn.k_proj.npy
102528	2026-05-28T12:20:35.0000000000	./john/fullgrid/qwen3b-fullgrid-100m-p1200-perchannel/heat/model.layers.12.self_attn.v_proj.npy
102528	2026-05-28T12:20:35.0000000000	./john/fullgrid/qwen3b-fullgrid-100m-p1200-perchannel/heat/model.layers.2.self_attn.k_proj.npy
102528	2026-05-28T12:20:35.0000000000	./john/fullgrid/qwen3b-fullgrid-100m-p1200-perchannel/heat/model.layers.2.self_attn.v_proj.npy
102528	2026-05-28T12:20:35.0000000000	./john/fullgrid/qwen3b-fullgrid-100m-p1200-perchannel/heat/model.layers.3.self_attn.k_proj.npy
102528	2026-05-28T12:20:35.0000000000	./john/fullgrid/qwen3b-fullgrid-100m-p1200-perchannel/heat/model.layers.3.self_attn.v_proj.npy
102528	2026-05-28T12:20:35.0000000000	./john/fullgrid/qwen3b-fullgrid-100m-p1200-perchannel/heat/model.layers.4.self_attn.k_proj.npy
102528	2026-05-28T12:20:35.0000000000	./john/fullgrid/qwen3b-fullgrid-100m-p1200-perchannel/heat/model.layers.4.self_attn.v_proj.npy
102528	2026-05-28T12:20:35.0000000000	./john/fullgrid/qwen3b-fullgrid-100m-p1200-perchannel/heat/model.layers.5.self_attn.k_proj.npy
102528	2026-05-28T12:20:35.0000000000	./john/fullgrid/qwen3b-fullgrid-100m-p1200-perchannel/heat/model.layers.5.self_attn.v_proj.npy
102528	2026-05-28T12:20:35.0000000000	./john/fullgrid/qwen3b-fullgrid-100m-p1200-perchannel/heat/model.layers.6.self_attn.k_proj.npy
102528	2026-05-28T12:20:35.0000000000	./john/fullgrid/qwen3b-fullgrid-100m-p1200-perchannel/heat/model.layers.6.self_attn.v_proj.npy
102528	2026-05-28T12:20:35.0000000000	./john/fullgrid/qwen3b-fullgrid-100m-p1200-perchannel/heat/model.layers.7.self_attn.k_proj.npy
102528	2026-05-28T12:20:35.0000000000	./john/fullgrid/qwen3b-fullgrid-100m-p1200-perchannel/heat/model.layers.7.self_attn.v_proj.npy
102528	2026-05-28T12:20:35.0000000000	./john/fullgrid/qwen3b-fullgrid-100m-p1200-perchannel/heat/model.layers.8.self_attn.k_proj.npy
102528	2026-05-28T12:20:35.0000000000	./john/fullgrid/qwen3b-fullgrid-100m-p1200-perchannel/heat/model.layers.8.self_attn.v_proj.npy
102528	2026-05-28T12:20:35.0000000000	./john/fullgrid/qwen3b-fullgrid-100m-p1200-perchannel/heat/model.layers.9.self_attn.k_proj.npy
102528	2026-05-28T12:20:35.0000000000	./john/fullgrid/qwen3b-fullgrid-100m-p1200-perchannel/heat/model.layers.9.self_attn.v_proj.npy
102528	2026-05-28T12:20:36.0000000000	./john/fullgrid/qwen3b-fullgrid-100m-p1200-perchannel/heat/model.layers.13.self_attn.k_proj.npy
102528	2026-05-28T12:20:36.0000000000	./john/fullgrid/qwen3b-fullgrid-100m-p1200-perchannel/heat/model.layers.13.self_attn.v_proj.npy
102528	2026-05-28T12:20:36.0000000000	./john/fullgrid/qwen3b-fullgrid-100m-p1200-perchannel/heat/model.layers.14.self_attn.k_proj.npy
102528	2026-05-28T12:20:36.0000000000	./john/fullgrid/qwen3b-fullgrid-100m-p1200-perchannel/heat/model.layers.14.self_attn.v_proj.npy
102528	2026-05-28T12:20:36.0000000000	./john/fullgrid/qwen3b-fullgrid-100m-p1200-perchannel/heat/model.layers.15.self_attn.k_proj.npy
102528	2026-05-28T12:20:36.0000000000	./john/fullgrid/qwen3b-fullgrid-100m-p1200-perchannel/heat/model.layers.15.self_attn.v_proj.npy
102528	2026-05-28T12:20:36.0000000000	./john/fullgrid/qwen3b-fullgrid-100m-p1200-perchannel/heat/model.layers.16.self_attn.k_proj.npy
102528	2026-05-28T12:20:36.0000000000	./john/fullgrid/qwen3b-fullgrid-100m-p1200-perchannel/heat/model.layers.16.self_attn.v_proj.npy
102528	2026-05-28T12:20:36.0000000000	./john/fullgrid/qwen3b-fullgrid-100m-p1200-perchannel/heat/model.layers.17.self_attn.k_proj.npy
102528	2026-05-28T12:20:36.0000000000	./john/fullgrid/qwen3b-fullgrid-100m-p1200-perchannel/heat/model.layers.17.self_attn.v_proj.npy
102528	2026-05-28T12:20:36.0000000000	./john/fullgrid/qwen3b-fullgrid-100m-p1200-perchannel/heat/model.layers.18.self_attn.k_proj.npy
102528	2026-05-28T12:20:36.0000000000	./john/fullgrid/qwen3b-fullgrid-100m-p1200-perchannel/heat/model.layers.18.self_attn.v_proj.npy
102528	2026-05-28T12:20:36.0000000000	./john/fullgrid/qwen3b-fullgrid-100m-p1200-perchannel/heat/model.layers.19.self_attn.k_proj.npy
102528	2026-05-28T12:20:36.0000000000	./john/fullgrid/qwen3b-fullgrid-100m-p1200-perchannel/heat/model.layers.19.self_attn.v_proj.npy
102528	2026-05-28T12:20:36.0000000000	./john/fullgrid/qwen3b-fullgrid-100m-p1200-perchannel/heat/model.layers.20.self_attn.k_proj.npy
102528	2026-05-28T12:20:36.0000000000	./john/fullgrid/qwen3b-fullgrid-100m-p1200-perchannel/heat/model.layers.20.self_attn.v_proj.npy
102528	2026-05-28T12:20:36.0000000000	./john/fullgrid/qwen3b-fullgrid-100m-p1200-perchannel/heat/model.layers.21.self_attn.k_proj.npy
102528	2026-05-28T12:20:36.0000000000	./john/fullgrid/qwen3b-fullgrid-100m-p1200-perchannel/heat/model.layers.21.self_attn.v_proj.npy
102528	2026-05-28T12:20:36.0000000000	./john/fullgrid/qwen3b-fullgrid-100m-p1200-perchannel/heat/model.layers.22.self_attn.k_proj.npy
102528	2026-05-28T12:20:36.0000000000	./john/fullgrid/qwen3b-fullgrid-100m-p1200-perchannel/heat/model.layers.22.self_attn.v_proj.npy
102528	2026-05-28T12:20:36.0000000000	./john/fullgrid/qwen3b-fullgrid-100m-p1200-perchannel/heat/model.layers.23.self_attn.k_proj.npy
102528	2026-05-28T12:20:36.0000000000	./john/fullgrid/qwen3b-fullgrid-100m-p1200-perchannel/heat/model.layers.23.self_attn.v_proj.npy
102528	2026-05-28T12:20:36.0000000000	./john/fullgrid/qwen3b-fullgrid-100m-p1200-perchannel/heat/model.layers.24.self_attn.k_proj.npy
102528	2026-05-28T12:20:36.0000000000	./john/fullgrid/qwen3b-fullgrid-100m-p1200-perchannel/heat/model.layers.24.self_attn.v_proj.npy
102528	2026-05-28T12:20:36.0000000000	./john/fullgrid/qwen3b-fullgrid-100m-p1200-perchannel/heat/model.layers.25.self_attn.k_proj.npy
102528	2026-05-28T12:20:36.0000000000	./john/fullgrid/qwen3b-fullgrid-100m-p1200-perchannel/heat/model.layers.25.self_attn.v_proj.npy
102528	2026-05-28T12:20:36.0000000000	./john/fullgrid/qwen3b-fullgrid-100m-p1200-perchannel/heat/model.layers.26.self_attn.k_proj.npy
102528	2026-05-28T12:20:36.0000000000	./john/fullgrid/qwen3b-fullgrid-100m-p1200-perchannel/heat/model.layers.26.self_attn.v_proj.npy
102528	2026-05-28T12:20:36.0000000000	./john/fullgrid/qwen3b-fullgrid-100m-p1200-perchannel/heat/model.layers.27.self_attn.k_proj.npy
102528	2026-05-28T12:20:36.0000000000	./john/fullgrid/qwen3b-fullgrid-100m-p1200-perchannel/heat/model.layers.27.self_attn.v_proj.npy
102528	2026-05-28T12:20:36.0000000000	./john/fullgrid/qwen3b-fullgrid-100m-p1200-perchannel/heat/model.layers.28.self_attn.k_proj.npy
102528	2026-05-28T12:20:36.0000000000	./john/fullgrid/qwen3b-fullgrid-100m-p1200-perchannel/heat/model.layers.28.self_attn.v_proj.npy
102528	2026-05-28T12:20:36.0000000000	./john/fullgrid/qwen3b-fullgrid-100m-p1200-perchannel/heat/model.layers.29.self_attn.k_proj.npy
102528	2026-05-28T12:20:36.0000000000	./john/fullgrid/qwen3b-fullgrid-100m-p1200-perchannel/heat/model.layers.29.self_attn.v_proj.npy
102528	2026-05-28T12:20:36.0000000000	./john/fullgrid/qwen3b-fullgrid-100m-p1200-perchannel/heat/model.layers.30.self_attn.k_proj.npy
102528	2026-05-28T12:20:36.0000000000	./john/fullgrid/qwen3b-fullgrid-100m-p1200-perchannel/heat/model.layers.30.self_attn.v_proj.npy
102528	2026-05-28T12:20:36.0000000000	./john/fullgrid/qwen3b-fullgrid-100m-p1200-perchannel/heat/model.layers.31.self_attn.k_proj.npy
102528	2026-05-28T12:20:36.0000000000	./john/fullgrid/qwen3b-fullgrid-100m-p1200-perchannel/heat/model.layers.31.self_attn.v_proj.npy
102528	2026-05-28T12:20:36.0000000000	./john/fullgrid/qwen3b-fullgrid-100m-p1200-perchannel/heat/model.layers.32.self_attn.k_proj.npy
102528	2026-05-28T12:20:36.0000000000	./john/fullgrid/qwen3b-fullgrid-100m-p1200-perchannel/heat/model.layers.32.self_attn.v_proj.npy
102528	2026-05-28T12:20:36.0000000000	./john/fullgrid/qwen3b-fullgrid-100m-p1200-perchannel/heat/model.layers.33.self_attn.k_proj.npy
102528	2026-05-28T12:20:36.0000000000	./john/fullgrid/qwen3b-fullgrid-100m-p1200-perchannel/heat/model.layers.33.self_attn.v_proj.npy
102528	2026-05-28T12:20:36.0000000000	./john/fullgrid/qwen3b-fullgrid-100m-p1200-perchannel/heat/model.layers.34.self_attn.k_proj.npy
102528	2026-05-28T12:20:36.0000000000	./john/fullgrid/qwen3b-fullgrid-100m-p1200-perchannel/heat/model.layers.34.self_attn.v_proj.npy
102528	2026-05-28T12:20:36.0000000000	./john/fullgrid/qwen3b-fullgrid-100m-p1200-perchannel/heat/model.layers.35.self_attn.k_proj.npy
102528	2026-05-28T12:20:36.0000000000	./john/fullgrid/qwen3b-fullgrid-100m-p1200-perchannel/heat/model.layers.35.self_attn.v_proj.npy
102528	2026-05-28T12:51:42.0000000000	./john/fullgrid/qwen3b-fullgrid-100m-p1200-perchannel-fd4096/heat/model.layers.0.self_attn.k_proj.npy
102528	2026-05-28T12:51:42.0000000000	./john/fullgrid/qwen3b-fullgrid-100m-p1200-perchannel-fd4096/heat/model.layers.0.self_attn.v_proj.npy
102528	2026-05-28T12:51:42.0000000000	./john/fullgrid/qwen3b-fullgrid-100m-p1200-perchannel-fd4096/heat/model.layers.1.self_attn.k_proj.npy
102528	2026-05-28T12:51:42.0000000000	./john/fullgrid/qwen3b-fullgrid-100m-p1200-perchannel-fd4096/heat/model.layers.1.self_attn.v_proj.npy
102528	2026-05-28T12:51:42.0000000000	./john/fullgrid/qwen3b-fullgrid-100m-p1200-perchannel-fd4096/heat/model.layers.10.self_attn.k_proj.npy
102528	2026-05-28T12:51:42.0000000000	./john/fullgrid/qwen3b-fullgrid-100m-p1200-perchannel-fd4096/heat/model.layers.10.self_attn.v_proj.npy
102528	2026-05-28T12:51:42.0000000000	./john/fullgrid/qwen3b-fullgrid-100m-p1200-perchannel-fd4096/heat/model.layers.11.self_attn.k_proj.npy
102528	2026-05-28T12:51:42.0000000000	./john/fullgrid/qwen3b-fullgrid-100m-p1200-perchannel-fd4096/heat/model.layers.11.self_attn.v_proj.npy
102528	2026-05-28T12:51:42.0000000000	./john/fullgrid/qwen3b-fullgrid-100m-p1200-perchannel-fd4096/heat/model.layers.12.self_attn.k_proj.npy
102528	2026-05-28T12:51:42.0000000000	./john/fullgrid/qwen3b-fullgrid-100m-p1200-perchannel-fd4096/heat/model.layers.12.self_attn.v_proj.npy
102528	2026-05-28T12:51:42.0000000000	./john/fullgrid/qwen3b-fullgrid-100m-p1200-perchannel-fd4096/heat/model.layers.13.self_attn.k_proj.npy
102528	2026-05-28T12:51:42.0000000000	./john/fullgrid/qwen3b-fullgrid-100m-p1200-perchannel-fd4096/heat/model.layers.13.self_attn.v_proj.npy
102528	2026-05-28T12:51:42.0000000000	./john/fullgrid/qwen3b-fullgrid-100m-p1200-perchannel-fd4096/heat/model.layers.14.self_attn.k_proj.npy
102528	2026-05-28T12:51:42.0000000000	./john/fullgrid/qwen3b-fullgrid-100m-p1200-perchannel-fd4096/heat/model.layers.14.self_attn.v_proj.npy
102528	2026-05-28T12:51:42.0000000000	./john/fullgrid/qwen3b-fullgrid-100m-p1200-perchannel-fd4096/heat/model.layers.15.self_attn.k_proj.npy
102528	2026-05-28T12:51:42.0000000000	./john/fullgrid/qwen3b-fullgrid-100m-p1200-perchannel-fd4096/heat/model.layers.15.self_attn.v_proj.npy
102528	2026-05-28T12:51:42.0000000000	./john/fullgrid/qwen3b-fullgrid-100m-p1200-perchannel-fd4096/heat/model.layers.16.self_attn.k_proj.npy
102528	2026-05-28T12:51:42.0000000000	./john/fullgrid/qwen3b-fullgrid-100m-p1200-perchannel-fd4096/heat/model.layers.16.self_attn.v_proj.npy
102528	2026-05-28T12:51:42.0000000000	./john/fullgrid/qwen3b-fullgrid-100m-p1200-perchannel-fd4096/heat/model.layers.17.self_attn.k_proj.npy
102528	2026-05-28T12:51:42.0000000000	./john/fullgrid/qwen3b-fullgrid-100m-p1200-perchannel-fd4096/heat/model.layers.17.self_attn.v_proj.npy
102528	2026-05-28T12:51:42.0000000000	./john/fullgrid/qwen3b-fullgrid-100m-p1200-perchannel-fd4096/heat/model.layers.18.self_attn.k_proj.npy
102528	2026-05-28T12:51:42.0000000000	./john/fullgrid/qwen3b-fullgrid-100m-p1200-perchannel-fd4096/heat/model.layers.18.self_attn.v_proj.npy
102528	2026-05-28T12:51:42.0000000000	./john/fullgrid/qwen3b-fullgrid-100m-p1200-perchannel-fd4096/heat/model.layers.19.self_attn.k_proj.npy
102528	2026-05-28T12:51:42.0000000000	./john/fullgrid/qwen3b-fullgrid-100m-p1200-perchannel-fd4096/heat/model.layers.19.self_attn.v_proj.npy
102528	2026-05-28T12:51:42.0000000000	./john/fullgrid/qwen3b-fullgrid-100m-p1200-perchannel-fd4096/heat/model.layers.2.self_attn.k_proj.npy
102528	2026-05-28T12:51:42.0000000000	./john/fullgrid/qwen3b-fullgrid-100m-p1200-perchannel-fd4096/heat/model.layers.2.self_attn.v_proj.npy
102528	2026-05-28T12:51:42.0000000000	./john/fullgrid/qwen3b-fullgrid-100m-p1200-perchannel-fd4096/heat/model.layers.3.self_attn.k_proj.npy
102528	2026-05-28T12:51:42.0000000000	./john/fullgrid/qwen3b-fullgrid-100m-p1200-perchannel-fd4096/heat/model.layers.3.self_attn.v_proj.npy
102528	2026-05-28T12:51:42.0000000000	./john/fullgrid/qwen3b-fullgrid-100m-p1200-perchannel-fd4096/heat/model.layers.4.self_attn.k_proj.npy
102528	2026-05-28T12:51:42.0000000000	./john/fullgrid/qwen3b-fullgrid-100m-p1200-perchannel-fd4096/heat/model.layers.4.self_attn.v_proj.npy
102528	2026-05-28T12:51:42.0000000000	./john/fullgrid/qwen3b-fullgrid-100m-p1200-perchannel-fd4096/heat/model.layers.5.self_attn.k_proj.npy
102528	2026-05-28T12:51:42.0000000000	./john/fullgrid/qwen3b-fullgrid-100m-p1200-perchannel-fd4096/heat/model.layers.5.self_attn.v_proj.npy
102528	2026-05-28T12:51:42.0000000000	./john/fullgrid/qwen3b-fullgrid-100m-p1200-perchannel-fd4096/heat/model.layers.6.self_attn.k_proj.npy
102528	2026-05-28T12:51:42.0000000000	./john/fullgrid/qwen3b-fullgrid-100m-p1200-perchannel-fd4096/heat/model.layers.6.self_attn.v_proj.npy
102528	2026-05-28T12:51:42.0000000000	./john/fullgrid/qwen3b-fullgrid-100m-p1200-perchannel-fd4096/heat/model.layers.7.self_attn.k_proj.npy
102528	2026-05-28T12:51:42.0000000000	./john/fullgrid/qwen3b-fullgrid-100m-p1200-perchannel-fd4096/heat/model.layers.7.self_attn.v_proj.npy
102528	2026-05-28T12:51:42.0000000000	./john/fullgrid/qwen3b-fullgrid-100m-p1200-perchannel-fd4096/heat/model.layers.8.self_attn.k_proj.npy
102528	2026-05-28T12:51:42.0000000000	./john/fullgrid/qwen3b-fullgrid-100m-p1200-perchannel-fd4096/heat/model.layers.8.self_attn.v_proj.npy
102528	2026-05-28T12:51:42.0000000000	./john/fullgrid/qwen3b-fullgrid-100m-p1200-perchannel-fd4096/heat/model.layers.9.self_attn.k_proj.npy
102528	2026-05-28T12:51:42.0000000000	./john/fullgrid/qwen3b-fullgrid-100m-p1200-perchannel-fd4096/heat/model.layers.9.self_attn.v_proj.npy
102528	2026-05-28T12:51:43.0000000000	./john/fullgrid/qwen3b-fullgrid-100m-p1200-perchannel-fd4096/heat/model.layers.20.self_attn.k_proj.npy
102528	2026-05-28T12:51:43.0000000000	./john/fullgrid/qwen3b-fullgrid-100m-p1200-perchannel-fd4096/heat/model.layers.20.self_attn.v_proj.npy
102528	2026-05-28T12:51:43.0000000000	./john/fullgrid/qwen3b-fullgrid-100m-p1200-perchannel-fd4096/heat/model.layers.21.self_attn.k_proj.npy
102528	2026-05-28T12:51:43.0000000000	./john/fullgrid/qwen3b-fullgrid-100m-p1200-perchannel-fd4096/heat/model.layers.21.self_attn.v_proj.npy
102528	2026-05-28T12:51:43.0000000000	./john/fullgrid/qwen3b-fullgrid-100m-p1200-perchannel-fd4096/heat/model.layers.22.self_attn.k_proj.npy
102528	2026-05-28T12:51:43.0000000000	./john/fullgrid/qwen3b-fullgrid-100m-p1200-perchannel-fd4096/heat/model.layers.22.self_attn.v_proj.npy
102528	2026-05-28T12:51:43.0000000000	./john/fullgrid/qwen3b-fullgrid-100m-p1200-perchannel-fd4096/heat/model.layers.23.self_attn.k_proj.npy
102528	2026-05-28T12:51:43.0000000000	./john/fullgrid/qwen3b-fullgrid-100m-p1200-perchannel-fd4096/heat/model.layers.23.self_attn.v_proj.npy
102528	2026-05-28T12:51:43.0000000000	./john/fullgrid/qwen3b-fullgrid-100m-p1200-perchannel-fd4096/heat/model.layers.24.self_attn.k_proj.npy
102528	2026-05-28T12:51:43.0000000000	./john/fullgrid/qwen3b-fullgrid-100m-p1200-perchannel-fd4096/heat/model.layers.24.self_attn.v_proj.npy
102528	2026-05-28T12:51:43.0000000000	./john/fullgrid/qwen3b-fullgrid-100m-p1200-perchannel-fd4096/heat/model.layers.25.self_attn.k_proj.npy
102528	2026-05-28T12:51:43.0000000000	./john/fullgrid/qwen3b-fullgrid-100m-p1200-perchannel-fd4096/heat/model.layers.25.self_attn.v_proj.npy
102528	2026-05-28T12:51:43.0000000000	./john/fullgrid/qwen3b-fullgrid-100m-p1200-perchannel-fd4096/heat/model.layers.26.self_attn.k_proj.npy
102528	2026-05-28T12:51:43.0000000000	./john/fullgrid/qwen3b-fullgrid-100m-p1200-perchannel-fd4096/heat/model.layers.26.self_attn.v_proj.npy
102528	2026-05-28T12:51:43.0000000000	./john/fullgrid/qwen3b-fullgrid-100m-p1200-perchannel-fd4096/heat/model.layers.27.self_attn.k_proj.npy
102528	2026-05-28T12:51:43.0000000000	./john/fullgrid/qwen3b-fullgrid-100m-p1200-perchannel-fd4096/heat/model.layers.27.self_attn.v_proj.npy
102528	2026-05-28T12:51:43.0000000000	./john/fullgrid/qwen3b-fullgrid-100m-p1200-perchannel-fd4096/heat/model.layers.28.self_attn.k_proj.npy
102528	2026-05-28T12:51:43.0000000000	./john/fullgrid/qwen3b-fullgrid-100m-p1200-perchannel-fd4096/heat/model.layers.28.self_attn.v_proj.npy
102528	2026-05-28T12:51:43.0000000000	./john/fullgrid/qwen3b-fullgrid-100m-p1200-perchannel-fd4096/heat/model.layers.29.self_attn.k_proj.npy
102528	2026-05-28T12:51:43.0000000000	./john/fullgrid/qwen3b-fullgrid-100m-p1200-perchannel-fd4096/heat/model.layers.29.self_attn.v_proj.npy
102528	2026-05-28T12:51:43.0000000000	./john/fullgrid/qwen3b-fullgrid-100m-p1200-perchannel-fd4096/heat/model.layers.30.self_attn.k_proj.npy
102528	2026-05-28T12:51:43.0000000000	./john/fullgrid/qwen3b-fullgrid-100m-p1200-perchannel-fd4096/heat/model.layers.30.self_attn.v_proj.npy
102528	2026-05-28T12:51:43.0000000000	./john/fullgrid/qwen3b-fullgrid-100m-p1200-perchannel-fd4096/heat/model.layers.31.self_attn.k_proj.npy
102528	2026-05-28T12:51:43.0000000000	./john/fullgrid/qwen3b-fullgrid-100m-p1200-perchannel-fd4096/heat/model.layers.31.self_attn.v_proj.npy
102528	2026-05-28T12:51:43.0000000000	./john/fullgrid/qwen3b-fullgrid-100m-p1200-perchannel-fd4096/heat/model.layers.32.self_attn.k_proj.npy
102528	2026-05-28T12:51:43.0000000000	./john/fullgrid/qwen3b-fullgrid-100m-p1200-perchannel-fd4096/heat/model.layers.32.self_attn.v_proj.npy
102528	2026-05-28T12:51:43.0000000000	./john/fullgrid/qwen3b-fullgrid-100m-p1200-perchannel-fd4096/heat/model.layers.33.self_attn.k_proj.npy
102528	2026-05-28T12:51:43.0000000000	./john/fullgrid/qwen3b-fullgrid-100m-p1200-perchannel-fd4096/heat/model.layers.33.self_attn.v_proj.npy
102528	2026-05-28T12:51:43.0000000000	./john/fullgrid/qwen3b-fullgrid-100m-p1200-perchannel-fd4096/heat/model.layers.34.self_attn.k_proj.npy
102528	2026-05-28T12:51:43.0000000000	./john/fullgrid/qwen3b-fullgrid-100m-p1200-perchannel-fd4096/heat/model.layers.34.self_attn.v_proj.npy
102528	2026-05-28T12:51:43.0000000000	./john/fullgrid/qwen3b-fullgrid-100m-p1200-perchannel-fd4096/heat/model.layers.35.self_attn.k_proj.npy
102528	2026-05-28T12:51:43.0000000000	./john/fullgrid/qwen3b-fullgrid-100m-p1200-perchannel-fd4096/heat/model.layers.35.self_attn.v_proj.npy
102528	2026-05-28T22:26:17.0000000000	./gx10/fullgrid/qwen25-3b-fullgrid-100m-p1200-perchannel/heat/model.layers.0.self_attn.k_proj.npy
102528	2026-05-28T22:26:17.0000000000	./gx10/fullgrid/qwen25-3b-fullgrid-100m-p1200-perchannel/heat/model.layers.0.self_attn.v_proj.npy
102528	2026-05-28T22:26:18.0000000000	./gx10/fullgrid/qwen25-3b-fullgrid-100m-p1200-perchannel/heat/model.layers.1.self_attn.k_proj.npy
102528	2026-05-28T22:26:18.0000000000	./gx10/fullgrid/qwen25-3b-fullgrid-100m-p1200-perchannel/heat/model.layers.1.self_attn.v_proj.npy
102528	2026-05-28T22:26:20.0000000000	./gx10/fullgrid/qwen25-3b-fullgrid-100m-p1200-perchannel/heat/model.layers.2.self_attn.k_proj.npy
102528	2026-05-28T22:26:20.0000000000	./gx10/fullgrid/qwen25-3b-fullgrid-100m-p1200-perchannel/heat/model.layers.2.self_attn.v_proj.npy
102528	2026-05-28T22:26:20.0000000000	./gx10/fullgrid/qwen25-3b-fullgrid-100m-p1200-perchannel/heat/model.layers.3.self_attn.k_proj.npy
102528	2026-05-28T22:26:20.0000000000	./gx10/fullgrid/qwen25-3b-fullgrid-100m-p1200-perchannel/heat/model.layers.3.self_attn.v_proj.npy
102528	2026-05-28T22:26:21.0000000000	./gx10/fullgrid/qwen25-3b-fullgrid-100m-p1200-perchannel/heat/model.layers.4.self_attn.k_proj.npy
102528	2026-05-28T22:26:21.0000000000	./gx10/fullgrid/qwen25-3b-fullgrid-100m-p1200-perchannel/heat/model.layers.4.self_attn.v_proj.npy
102528	2026-05-28T22:26:22.0000000000	./gx10/fullgrid/qwen25-3b-fullgrid-100m-p1200-perchannel/heat/model.layers.5.self_attn.k_proj.npy
102528	2026-05-28T22:26:22.0000000000	./gx10/fullgrid/qwen25-3b-fullgrid-100m-p1200-perchannel/heat/model.layers.5.self_attn.v_proj.npy
102528	2026-05-28T22:26:23.0000000000	./gx10/fullgrid/qwen25-3b-fullgrid-100m-p1200-perchannel/heat/model.layers.6.self_attn.k_proj.npy
102528	2026-05-28T22:26:23.0000000000	./gx10/fullgrid/qwen25-3b-fullgrid-100m-p1200-perchannel/heat/model.layers.6.self_attn.v_proj.npy
102528	2026-05-28T22:26:23.0000000000	./gx10/fullgrid/qwen25-3b-fullgrid-100m-p1200-perchannel/heat/model.layers.7.self_attn.k_proj.npy
102528	2026-05-28T22:26:23.0000000000	./gx10/fullgrid/qwen25-3b-fullgrid-100m-p1200-perchannel/heat/model.layers.7.self_attn.v_proj.npy
102528	2026-05-28T22:26:24.0000000000	./gx10/fullgrid/qwen25-3b-fullgrid-100m-p1200-perchannel/heat/model.layers.8.self_attn.k_proj.npy
102528	2026-05-28T22:26:24.0000000000	./gx10/fullgrid/qwen25-3b-fullgrid-100m-p1200-perchannel/heat/model.layers.8.self_attn.v_proj.npy
102528	2026-05-28T22:26:25.0000000000	./gx10/fullgrid/qwen25-3b-fullgrid-100m-p1200-perchannel/heat/model.layers.9.self_attn.k_proj.npy
102528	2026-05-28T22:26:25.0000000000	./gx10/fullgrid/qwen25-3b-fullgrid-100m-p1200-perchannel/heat/model.layers.9.self_attn.v_proj.npy
102528	2026-05-28T22:26:26.0000000000	./gx10/fullgrid/qwen25-3b-fullgrid-100m-p1200-perchannel/heat/model.layers.10.self_attn.k_proj.npy
102528	2026-05-28T22:26:26.0000000000	./gx10/fullgrid/qwen25-3b-fullgrid-100m-p1200-perchannel/heat/model.layers.10.self_attn.v_proj.npy
102528	2026-05-28T22:26:26.0000000000	./gx10/fullgrid/qwen25-3b-fullgrid-100m-p1200-perchannel/heat/model.layers.11.self_attn.k_proj.npy
102528	2026-05-28T22:26:26.0000000000	./gx10/fullgrid/qwen25-3b-fullgrid-100m-p1200-perchannel/heat/model.layers.11.self_attn.v_proj.npy
102528	2026-05-28T22:26:27.0000000000	./gx10/fullgrid/qwen25-3b-fullgrid-100m-p1200-perchannel/heat/model.layers.12.self_attn.k_proj.npy
102528	2026-05-28T22:26:27.0000000000	./gx10/fullgrid/qwen25-3b-fullgrid-100m-p1200-perchannel/heat/model.layers.12.self_attn.v_proj.npy
102528	2026-05-28T22:26:30.0000000000	./gx10/fullgrid/qwen25-3b-fullgrid-100m-p1200-perchannel/heat/model.layers.13.self_attn.k_proj.npy
102528	2026-05-28T22:26:30.0000000000	./gx10/fullgrid/qwen25-3b-fullgrid-100m-p1200-perchannel/heat/model.layers.13.self_attn.v_proj.npy
102528	2026-05-28T22:26:31.0000000000	./gx10/fullgrid/qwen25-3b-fullgrid-100m-p1200-perchannel/heat/model.layers.14.self_attn.k_proj.npy
102528	2026-05-28T22:26:31.0000000000	./gx10/fullgrid/qwen25-3b-fullgrid-100m-p1200-perchannel/heat/model.layers.14.self_attn.v_proj.npy
102528	2026-05-28T22:26:31.0000000000	./gx10/fullgrid/qwen25-3b-fullgrid-100m-p1200-perchannel/heat/model.layers.15.self_attn.k_proj.npy
102528	2026-05-28T22:26:31.0000000000	./gx10/fullgrid/qwen25-3b-fullgrid-100m-p1200-perchannel/heat/model.layers.15.self_attn.v_proj.npy
102528	2026-05-28T22:26:32.0000000000	./gx10/fullgrid/qwen25-3b-fullgrid-100m-p1200-perchannel/heat/model.layers.16.self_attn.k_proj.npy
102528	2026-05-28T22:26:32.0000000000	./gx10/fullgrid/qwen25-3b-fullgrid-100m-p1200-perchannel/heat/model.layers.16.self_attn.v_proj.npy
102528	2026-05-28T22:26:33.0000000000	./gx10/fullgrid/qwen25-3b-fullgrid-100m-p1200-perchannel/heat/model.layers.17.self_attn.k_proj.npy
102528	2026-05-28T22:26:33.0000000000	./gx10/fullgrid/qwen25-3b-fullgrid-100m-p1200-perchannel/heat/model.layers.17.self_attn.v_proj.npy
102528	2026-05-28T22:26:33.0000000000	./gx10/fullgrid/qwen25-3b-fullgrid-100m-p1200-perchannel/heat/model.layers.18.self_attn.k_proj.npy
102528	2026-05-28T22:26:33.0000000000	./gx10/fullgrid/qwen25-3b-fullgrid-100m-p1200-perchannel/heat/model.layers.18.self_attn.v_proj.npy
102528	2026-05-28T22:26:34.0000000000	./gx10/fullgrid/qwen25-3b-fullgrid-100m-p1200-perchannel/heat/model.layers.19.self_attn.k_proj.npy
102528	2026-05-28T22:26:34.0000000000	./gx10/fullgrid/qwen25-3b-fullgrid-100m-p1200-perchannel/heat/model.layers.19.self_attn.v_proj.npy
102528	2026-05-28T22:26:35.0000000000	./gx10/fullgrid/qwen25-3b-fullgrid-100m-p1200-perchannel/heat/model.layers.20.self_attn.k_proj.npy
102528	2026-05-28T22:26:35.0000000000	./gx10/fullgrid/qwen25-3b-fullgrid-100m-p1200-perchannel/heat/model.layers.20.self_attn.v_proj.npy
102528	2026-05-28T22:26:36.0000000000	./gx10/fullgrid/qwen25-3b-fullgrid-100m-p1200-perchannel/heat/model.layers.21.self_attn.k_proj.npy
102528	2026-05-28T22:26:36.0000000000	./gx10/fullgrid/qwen25-3b-fullgrid-100m-p1200-perchannel/heat/model.layers.21.self_attn.v_proj.npy
102528	2026-05-28T22:26:36.0000000000	./gx10/fullgrid/qwen25-3b-fullgrid-100m-p1200-perchannel/heat/model.layers.22.self_attn.k_proj.npy
102528	2026-05-28T22:26:36.0000000000	./gx10/fullgrid/qwen25-3b-fullgrid-100m-p1200-perchannel/heat/model.layers.22.self_attn.v_proj.npy
102528	2026-05-28T22:26:37.0000000000	./gx10/fullgrid/qwen25-3b-fullgrid-100m-p1200-perchannel/heat/model.layers.23.self_attn.k_proj.npy
102528	2026-05-28T22:26:37.0000000000	./gx10/fullgrid/qwen25-3b-fullgrid-100m-p1200-perchannel/heat/model.layers.23.self_attn.v_proj.npy
102528	2026-05-28T22:26:38.0000000000	./gx10/fullgrid/qwen25-3b-fullgrid-100m-p1200-perchannel/heat/model.layers.24.self_attn.k_proj.npy
102528	2026-05-28T22:26:38.0000000000	./gx10/fullgrid/qwen25-3b-fullgrid-100m-p1200-perchannel/heat/model.layers.24.self_attn.v_proj.npy
102528	2026-05-28T22:26:39.0000000000	./gx10/fullgrid/qwen25-3b-fullgrid-100m-p1200-perchannel/heat/model.layers.25.self_attn.k_proj.npy
102528	2026-05-28T22:26:39.0000000000	./gx10/fullgrid/qwen25-3b-fullgrid-100m-p1200-perchannel/heat/model.layers.25.self_attn.v_proj.npy
102528	2026-05-28T22:26:40.0000000000	./gx10/fullgrid/qwen25-3b-fullgrid-100m-p1200-perchannel/heat/model.layers.26.self_attn.k_proj.npy
102528	2026-05-28T22:26:40.0000000000	./gx10/fullgrid/qwen25-3b-fullgrid-100m-p1200-perchannel/heat/model.layers.26.self_attn.v_proj.npy
102528	2026-05-28T22:26:41.0000000000	./gx10/fullgrid/qwen25-3b-fullgrid-100m-p1200-perchannel/heat/model.layers.27.self_attn.k_proj.npy
102528	2026-05-28T22:26:41.0000000000	./gx10/fullgrid/qwen25-3b-fullgrid-100m-p1200-perchannel/heat/model.layers.27.self_attn.v_proj.npy
102528	2026-05-28T22:26:41.0000000000	./gx10/fullgrid/qwen25-3b-fullgrid-100m-p1200-perchannel/heat/model.layers.28.self_attn.k_proj.npy
102528	2026-05-28T22:26:41.0000000000	./gx10/fullgrid/qwen25-3b-fullgrid-100m-p1200-perchannel/heat/model.layers.28.self_attn.v_proj.npy
102528	2026-05-28T22:26:42.0000000000	./gx10/fullgrid/qwen25-3b-fullgrid-100m-p1200-perchannel/heat/model.layers.29.self_attn.k_proj.npy
102528	2026-05-28T22:26:42.0000000000	./gx10/fullgrid/qwen25-3b-fullgrid-100m-p1200-perchannel/heat/model.layers.29.self_attn.v_proj.npy
102528	2026-05-28T22:26:43.0000000000	./gx10/fullgrid/qwen25-3b-fullgrid-100m-p1200-perchannel/heat/model.layers.30.self_attn.k_proj.npy
102528	2026-05-28T22:26:43.0000000000	./gx10/fullgrid/qwen25-3b-fullgrid-100m-p1200-perchannel/heat/model.layers.30.self_attn.v_proj.npy
102528	2026-05-28T22:26:44.0000000000	./gx10/fullgrid/qwen25-3b-fullgrid-100m-p1200-perchannel/heat/model.layers.31.self_attn.k_proj.npy
102528	2026-05-28T22:26:44.0000000000	./gx10/fullgrid/qwen25-3b-fullgrid-100m-p1200-perchannel/heat/model.layers.31.self_attn.v_proj.npy
102528	2026-05-28T22:26:45.0000000000	./gx10/fullgrid/qwen25-3b-fullgrid-100m-p1200-perchannel/heat/model.layers.32.self_attn.k_proj.npy
102528	2026-05-28T22:26:45.0000000000	./gx10/fullgrid/qwen25-3b-fullgrid-100m-p1200-perchannel/heat/model.layers.32.self_attn.v_proj.npy
102528	2026-05-28T22:26:46.0000000000	./gx10/fullgrid/qwen25-3b-fullgrid-100m-p1200-perchannel/heat/model.layers.33.self_attn.k_proj.npy
102528	2026-05-28T22:26:46.0000000000	./gx10/fullgrid/qwen25-3b-fullgrid-100m-p1200-perchannel/heat/model.layers.33.self_attn.v_proj.npy
102528	2026-05-28T22:26:46.0000000000	./gx10/fullgrid/qwen25-3b-fullgrid-100m-p1200-perchannel/heat/model.layers.34.self_attn.k_proj.npy
102528	2026-05-28T22:26:46.0000000000	./gx10/fullgrid/qwen25-3b-fullgrid-100m-p1200-perchannel/heat/model.layers.34.self_attn.v_proj.npy
102528	2026-05-28T22:26:47.0000000000	./gx10/fullgrid/qwen25-3b-fullgrid-100m-p1200-perchannel/heat/model.layers.35.self_attn.k_proj.npy
102528	2026-05-28T22:26:47.0000000000	./gx10/fullgrid/qwen25-3b-fullgrid-100m-p1200-perchannel/heat/model.layers.35.self_attn.v_proj.npy
10364	2026-05-28T10:58:47.0000000000	./ai/fullgrid/gpt2-fullgrid-100m-p180/probes.txt
10364	2026-05-28T11:00:25.0000000000	./ai/fullgrid/gpt2-medium-fullgrid-100m-p180/probes.txt
10364	2026-05-28T11:03:36.0000000000	./john/fullgrid/qwen3b-fullgrid-100m-p180/probes.txt
10364	2026-05-28T11:07:49.0000000000	./john/fullgrid/qwen3b-fullgrid-q8s11-p180/probes.txt
10364	2026-05-28T12:22:21.0000000000	./john/fullgrid/qwen3b-fullgrid-q6s15-p180/probes.txt
10392	2026-05-28T11:24:05.0000000000	./ai/fullgrid/logs/gpt2-medium-fullgrid-100m-p720.log
10392	2026-05-28T11:24:05.0000000000	./local-index/ai/fullgrid/logs/gpt2-medium-fullgrid-100m-p720.log
112640128	2026-05-28T10:45:08.0000000000	./ai/fullgrid/gemma-2-2b-it-fullgrid-100m/heat/lm_head.npy
112640128	2026-05-28T11:04:27.0000000000	./ai/fullgrid/gemma-2-2b-it-fullgrid-100m-p720/heat/lm_head.npy
112640128	2026-05-28T11:32:55.0000000000	./ai/fullgrid/gemma-2-2b-it-fullgrid-100m-p720-fixededges/heat/lm_head.npy
112640128	2026-05-28T11:43:36.0000000000	./ai/fullgrid/gemma-2-2b-it-fullgrid-100m-union-fixededges/heat/lm_head.npy
112640128	2026-05-29T10:20:20.0000000000	./ai/fullgrid/gemma-2-2b-it-fullgrid-100m-p1200-perchannel/heat/lm_head.npy
1126528	2026-05-28T16:46:05.0000000000	./john/fullgrid/pythia-2.8b-fullgrid-100m-p1200-perchannel-john/heat/gpt_neox.final_layer_norm.npy
1126528	2026-05-28T16:46:05.0000000000	./john/fullgrid/pythia-2.8b-fullgrid-100m-p1200-perchannel-john/heat/gpt_neox.layers.0.attention.dense.npy
1126528	2026-05-28T16:46:05.0000000000	./john/fullgrid/pythia-2.8b-fullgrid-100m-p1200-perchannel-john/heat/gpt_neox.layers.0.input_layernorm.npy
1126528	2026-05-28T16:46:05.0000000000	./john/fullgrid/pythia-2.8b-fullgrid-100m-p1200-perchannel-john/heat/gpt_neox.layers.0.mlp.dense_4h_to_h.npy
1126528	2026-05-28T16:46:05.0000000000	./john/fullgrid/pythia-2.8b-fullgrid-100m-p1200-perchannel-john/heat/gpt_neox.layers.0.post_attention_layernorm.npy
1126528	2026-05-28T16:46:05.0000000000	./john/fullgrid/pythia-2.8b-fullgrid-100m-p1200-perchannel-john/heat/gpt_neox.layers.1.attention.dense.npy
1126528	2026-05-28T16:46:05.0000000000	./john/fullgrid/pythia-2.8b-fullgrid-100m-p1200-perchannel-john/heat/gpt_neox.layers.1.input_layernorm.npy
1126528	2026-05-28T16:46:05.0000000000	./john/fullgrid/pythia-2.8b-fullgrid-100m-p1200-perchannel-john/heat/gpt_neox.layers.1.mlp.dense_4h_to_h.npy
1126528	2026-05-28T16:46:05.0000000000	./john/fullgrid/pythia-2.8b-fullgrid-100m-p1200-perchannel-john/heat/gpt_neox.layers.1.post_attention_layernorm.npy
1126528	2026-05-28T16:46:05.0000000000	./john/fullgrid/pythia-2.8b-fullgrid-100m-p1200-perchannel-john/heat/gpt_neox.layers.10.attention.dense.npy
1126528	2026-05-28T16:46:05.0000000000	./john/fullgrid/pythia-2.8b-fullgrid-100m-p1200-perchannel-john/heat/gpt_neox.layers.10.input_layernorm.npy
1126528	2026-05-28T16:46:05.0000000000	./john/fullgrid/pythia-2.8b-fullgrid-100m-p1200-perchannel-john/heat/gpt_neox.layers.10.mlp.dense_4h_to_h.npy
1126528	2026-05-28T16:46:05.0000000000	./john/fullgrid/pythia-2.8b-fullgrid-100m-p1200-perchannel-john/heat/gpt_neox.layers.10.post_attention_layernorm.npy
1126528	2026-05-28T16:46:05.0000000000	./john/fullgrid/pythia-2.8b-fullgrid-100m-p1200-perchannel-john/heat/gpt_neox.layers.11.attention.dense.npy
1126528	2026-05-28T16:46:05.0000000000	./john/fullgrid/pythia-2.8b-fullgrid-100m-p1200-perchannel-john/heat/gpt_neox.layers.11.input_layernorm.npy
1126528	2026-05-28T16:46:05.0000000000	./john/fullgrid/pythia-2.8b-fullgrid-100m-p1200-perchannel-john/heat/gpt_neox.layers.11.mlp.dense_4h_to_h.npy
1126528	2026-05-28T16:46:05.0000000000	./john/fullgrid/pythia-2.8b-fullgrid-100m-p1200-perchannel-john/heat/gpt_neox.layers.11.post_attention_layernorm.npy
1126528	2026-05-28T16:46:05.0000000000	./john/fullgrid/pythia-2.8b-fullgrid-100m-p1200-perchannel-john/heat/gpt_neox.layers.12.attention.dense.npy
1126528	2026-05-28T16:46:05.0000000000	./john/fullgrid/pythia-2.8b-fullgrid-100m-p1200-perchannel-john/heat/gpt_neox.layers.12.input_layernorm.npy
1126528	2026-05-28T16:46:05.0000000000	./john/fullgrid/pythia-2.8b-fullgrid-100m-p1200-perchannel-john/heat/gpt_neox.layers.12.mlp.dense_4h_to_h.npy
1126528	2026-05-28T16:46:05.0000000000	./john/fullgrid/pythia-2.8b-fullgrid-100m-p1200-perchannel-john/heat/gpt_neox.layers.12.post_attention_layernorm.npy
1126528	2026-05-28T16:46:05.0000000000	./john/fullgrid/pythia-2.8b-fullgrid-100m-p1200-perchannel-john/heat/gpt_neox.layers.13.attention.dense.npy
1126528	2026-05-28T16:46:05.0000000000	./john/fullgrid/pythia-2.8b-fullgrid-100m-p1200-perchannel-john/heat/gpt_neox.layers.13.input_layernorm.npy
1126528	2026-05-28T16:46:05.0000000000	./john/fullgrid/pythia-2.8b-fullgrid-100m-p1200-perchannel-john/heat/gpt_neox.layers.13.mlp.dense_4h_to_h.npy
1126528	2026-05-28T16:46:05.0000000000	./john/fullgrid/pythia-2.8b-fullgrid-100m-p1200-perchannel-john/heat/gpt_neox.layers.13.post_attention_layernorm.npy
1126528	2026-05-28T16:46:05.0000000000	./john/fullgrid/pythia-2.8b-fullgrid-100m-p1200-perchannel-john/heat/gpt_neox.layers.14.attention.dense.npy
1126528	2026-05-28T16:46:05.0000000000	./john/fullgrid/pythia-2.8b-fullgrid-100m-p1200-perchannel-john/heat/gpt_neox.layers.14.input_layernorm.npy
1126528	2026-05-28T16:46:05.0000000000	./john/fullgrid/pythia-2.8b-fullgrid-100m-p1200-perchannel-john/heat/gpt_neox.layers.14.mlp.dense_4h_to_h.npy
1126528	2026-05-28T16:46:05.0000000000	./john/fullgrid/pythia-2.8b-fullgrid-100m-p1200-perchannel-john/heat/gpt_neox.layers.14.post_attention_layernorm.npy
1126528	2026-05-28T16:46:05.0000000000	./john/fullgrid/pythia-2.8b-fullgrid-100m-p1200-perchannel-john/heat/gpt_neox.layers.15.attention.dense.npy
1126528	2026-05-28T16:46:05.0000000000	./john/fullgrid/pythia-2.8b-fullgrid-100m-p1200-perchannel-john/heat/gpt_neox.layers.15.input_layernorm.npy
1126528	2026-05-28T16:46:05.0000000000	./john/fullgrid/pythia-2.8b-fullgrid-100m-p1200-perchannel-john/heat/gpt_neox.layers.15.mlp.dense_4h_to_h.npy
1126528	2026-05-28T16:46:05.0000000000	./john/fullgrid/pythia-2.8b-fullgrid-100m-p1200-perchannel-john/heat/gpt_neox.layers.15.post_attention_layernorm.npy
1126528	2026-05-28T16:46:05.0000000000	./john/fullgrid/pythia-2.8b-fullgrid-100m-p1200-perchannel-john/heat/gpt_neox.layers.16.attention.dense.npy
1126528	2026-05-28T16:46:05.0000000000	./john/fullgrid/pythia-2.8b-fullgrid-100m-p1200-perchannel-john/heat/gpt_neox.layers.16.input_layernorm.npy
1126528	2026-05-28T16:46:05.0000000000	./john/fullgrid/pythia-2.8b-fullgrid-100m-p1200-perchannel-john/heat/gpt_neox.layers.16.mlp.dense_4h_to_h.npy
1126528	2026-05-28T16:46:05.0000000000	./john/fullgrid/pythia-2.8b-fullgrid-100m-p1200-perchannel-john/heat/gpt_neox.layers.16.post_attention_layernorm.npy
1126528	2026-05-28T16:46:05.0000000000	./john/fullgrid/pythia-2.8b-fullgrid-100m-p1200-perchannel-john/heat/gpt_neox.layers.17.attention.dense.npy
1126528	2026-05-28T16:46:05.0000000000	./john/fullgrid/pythia-2.8b-fullgrid-100m-p1200-perchannel-john/heat/gpt_neox.layers.17.input_layernorm.npy
1126528	2026-05-28T16:46:05.0000000000	./john/fullgrid/pythia-2.8b-fullgrid-100m-p1200-perchannel-john/heat/gpt_neox.layers.17.mlp.dense_4h_to_h.npy
1126528	2026-05-28T16:46:05.0000000000	./john/fullgrid/pythia-2.8b-fullgrid-100m-p1200-perchannel-john/heat/gpt_neox.layers.17.post_attention_layernorm.npy
1126528	2026-05-28T16:46:05.0000000000	./john/fullgrid/pythia-2.8b-fullgrid-100m-p1200-perchannel-john/heat/gpt_neox.layers.18.attention.dense.npy
1126528	2026-05-28T16:46:05.0000000000	./john/fullgrid/pythia-2.8b-fullgrid-100m-p1200-perchannel-john/heat/gpt_neox.layers.18.input_layernorm.npy
1126528	2026-05-28T16:46:05.0000000000	./john/fullgrid/pythia-2.8b-fullgrid-100m-p1200-perchannel-john/heat/gpt_neox.layers.18.mlp.dense_4h_to_h.npy
1126528	2026-05-28T16:46:05.0000000000	./john/fullgrid/pythia-2.8b-fullgrid-100m-p1200-perchannel-john/heat/gpt_neox.layers.18.post_attention_layernorm.npy
1126528	2026-05-28T16:46:05.0000000000	./john/fullgrid/pythia-2.8b-fullgrid-100m-p1200-perchannel-john/heat/gpt_neox.layers.19.attention.dense.npy
1126528	2026-05-28T16:46:05.0000000000	./john/fullgrid/pythia-2.8b-fullgrid-100m-p1200-perchannel-john/heat/gpt_neox.layers.19.input_layernorm.npy
1126528	2026-05-28T16:46:05.0000000000	./john/fullgrid/pythia-2.8b-fullgrid-100m-p1200-perchannel-john/heat/gpt_neox.layers.19.mlp.dense_4h_to_h.npy
1126528	2026-05-28T16:46:05.0000000000	./john/fullgrid/pythia-2.8b-fullgrid-100m-p1200-perchannel-john/heat/gpt_neox.layers.19.post_attention_layernorm.npy
1126528	2026-05-28T16:46:05.0000000000	./john/fullgrid/pythia-2.8b-fullgrid-100m-p1200-perchannel-john/heat/gpt_neox.layers.2.attention.dense.npy
1126528	2026-05-28T16:46:05.0000000000	./john/fullgrid/pythia-2.8b-fullgrid-100m-p1200-perchannel-john/heat/gpt_neox.layers.2.input_layernorm.npy
1126528	2026-05-28T16:46:05.0000000000	./john/fullgrid/pythia-2.8b-fullgrid-100m-p1200-perchannel-john/heat/gpt_neox.layers.2.mlp.dense_4h_to_h.npy
1126528	2026-05-28T16:46:05.0000000000	./john/fullgrid/pythia-2.8b-fullgrid-100m-p1200-perchannel-john/heat/gpt_neox.layers.2.post_attention_layernorm.npy
1126528	2026-05-28T16:46:05.0000000000	./john/fullgrid/pythia-2.8b-fullgrid-100m-p1200-perchannel-john/heat/gpt_neox.layers.20.attention.dense.npy
1126528	2026-05-28T16:46:05.0000000000	./john/fullgrid/pythia-2.8b-fullgrid-100m-p1200-perchannel-john/heat/gpt_neox.layers.20.input_layernorm.npy
1126528	2026-05-28T16:46:05.0000000000	./john/fullgrid/pythia-2.8b-fullgrid-100m-p1200-perchannel-john/heat/gpt_neox.layers.20.mlp.dense_4h_to_h.npy
1126528	2026-05-28T16:46:05.0000000000	./john/fullgrid/pythia-2.8b-fullgrid-100m-p1200-perchannel-john/heat/gpt_neox.layers.20.post_attention_layernorm.npy
1126528	2026-05-28T16:46:05.0000000000	./john/fullgrid/pythia-2.8b-fullgrid-100m-p1200-perchannel-john/heat/gpt_neox.layers.21.attention.dense.npy
1126528	2026-05-28T16:46:05.0000000000	./john/fullgrid/pythia-2.8b-fullgrid-100m-p1200-perchannel-john/heat/gpt_neox.layers.21.input_layernorm.npy
1126528	2026-05-28T16:46:05.0000000000	./john/fullgrid/pythia-2.8b-fullgrid-100m-p1200-perchannel-john/heat/gpt_neox.layers.21.mlp.dense_4h_to_h.npy
1126528	2026-05-28T16:46:05.0000000000	./john/fullgrid/pythia-2.8b-fullgrid-100m-p1200-perchannel-john/heat/gpt_neox.layers.21.post_attention_layernorm.npy
1126528	2026-05-28T16:46:05.0000000000	./john/fullgrid/pythia-2.8b-fullgrid-100m-p1200-perchannel-john/heat/gpt_neox.layers.22.attention.dense.npy
1126528	2026-05-28T16:46:05.0000000000	./john/fullgrid/pythia-2.8b-fullgrid-100m-p1200-perchannel-john/heat/gpt_neox.layers.22.input_layernorm.npy
1126528	2026-05-28T16:46:05.0000000000	./john/fullgrid/pythia-2.8b-fullgrid-100m-p1200-perchannel-john/heat/gpt_neox.layers.22.mlp.dense_4h_to_h.npy
1126528	2026-05-28T16:46:05.0000000000	./john/fullgrid/pythia-2.8b-fullgrid-100m-p1200-perchannel-john/heat/gpt_neox.layers.22.post_attention_layernorm.npy
1126528	2026-05-28T16:46:05.0000000000	./john/fullgrid/pythia-2.8b-fullgrid-100m-p1200-perchannel-john/heat/gpt_neox.layers.23.attention.dense.npy
1126528	2026-05-28T16:46:05.0000000000	./john/fullgrid/pythia-2.8b-fullgrid-100m-p1200-perchannel-john/heat/gpt_neox.layers.23.input_layernorm.npy
1126528	2026-05-28T16:46:05.0000000000	./john/fullgrid/pythia-2.8b-fullgrid-100m-p1200-perchannel-john/heat/gpt_neox.layers.23.mlp.dense_4h_to_h.npy
1126528	2026-05-28T16:46:05.0000000000	./john/fullgrid/pythia-2.8b-fullgrid-100m-p1200-perchannel-john/heat/gpt_neox.layers.23.post_attention_layernorm.npy
1126528	2026-05-28T16:46:05.0000000000	./john/fullgrid/pythia-2.8b-fullgrid-100m-p1200-perchannel-john/heat/gpt_neox.layers.24.attention.dense.npy
1126528	2026-05-28T16:46:05.0000000000	./john/fullgrid/pythia-2.8b-fullgrid-100m-p1200-perchannel-john/heat/gpt_neox.layers.24.input_layernorm.npy
1126528	2026-05-28T16:46:05.0000000000	./john/fullgrid/pythia-2.8b-fullgrid-100m-p1200-perchannel-john/heat/gpt_neox.layers.24.mlp.dense_4h_to_h.npy
1126528	2026-05-28T16:46:05.0000000000	./john/fullgrid/pythia-2.8b-fullgrid-100m-p1200-perchannel-john/heat/gpt_neox.layers.24.post_attention_layernorm.npy
1126528	2026-05-28T16:46:05.0000000000	./john/fullgrid/pythia-2.8b-fullgrid-100m-p1200-perchannel-john/heat/gpt_neox.layers.25.attention.dense.npy
1126528	2026-05-28T16:46:05.0000000000	./john/fullgrid/pythia-2.8b-fullgrid-100m-p1200-perchannel-john/heat/gpt_neox.layers.25.input_layernorm.npy
1126528	2026-05-28T16:46:05.0000000000	./john/fullgrid/pythia-2.8b-fullgrid-100m-p1200-perchannel-john/heat/gpt_neox.layers.25.mlp.dense_4h_to_h.npy
1126528	2026-05-28T16:46:05.0000000000	./john/fullgrid/pythia-2.8b-fullgrid-100m-p1200-perchannel-john/heat/gpt_neox.layers.25.post_attention_layernorm.npy
1126528	2026-05-28T16:46:05.0000000000	./john/fullgrid/pythia-2.8b-fullgrid-100m-p1200-perchannel-john/heat/gpt_neox.layers.26.attention.dense.npy
1126528	2026-05-28T16:46:05.0000000000	./john/fullgrid/pythia-2.8b-fullgrid-100m-p1200-perchannel-john/heat/gpt_neox.layers.26.input_layernorm.npy
1126528	2026-05-28T16:46:05.0000000000	./john/fullgrid/pythia-2.8b-fullgrid-100m-p1200-perchannel-john/heat/gpt_neox.layers.26.mlp.dense_4h_to_h.npy
1126528	2026-05-28T16:46:05.0000000000	./john/fullgrid/pythia-2.8b-fullgrid-100m-p1200-perchannel-john/heat/gpt_neox.layers.26.post_attention_layernorm.npy
1126528	2026-05-28T16:46:05.0000000000	./john/fullgrid/pythia-2.8b-fullgrid-100m-p1200-perchannel-john/heat/gpt_neox.layers.27.attention.dense.npy
1126528	2026-05-28T16:46:05.0000000000	./john/fullgrid/pythia-2.8b-fullgrid-100m-p1200-perchannel-john/heat/gpt_neox.layers.27.input_layernorm.npy
1126528	2026-05-28T16:46:05.0000000000	./john/fullgrid/pythia-2.8b-fullgrid-100m-p1200-perchannel-john/heat/gpt_neox.layers.27.mlp.dense_4h_to_h.npy
1126528	2026-05-28T16:46:05.0000000000	./john/fullgrid/pythia-2.8b-fullgrid-100m-p1200-perchannel-john/heat/gpt_neox.layers.27.post_attention_layernorm.npy
1126528	2026-05-28T16:46:05.0000000000	./john/fullgrid/pythia-2.8b-fullgrid-100m-p1200-perchannel-john/heat/gpt_neox.layers.28.attention.dense.npy
1126528	2026-05-28T16:46:05.0000000000	./john/fullgrid/pythia-2.8b-fullgrid-100m-p1200-perchannel-john/heat/gpt_neox.layers.28.input_layernorm.npy
1126528	2026-05-28T16:46:05.0000000000	./john/fullgrid/pythia-2.8b-fullgrid-100m-p1200-perchannel-john/heat/gpt_neox.layers.28.mlp.dense_4h_to_h.npy
1126528	2026-05-28T16:46:05.0000000000	./john/fullgrid/pythia-2.8b-fullgrid-100m-p1200-perchannel-john/heat/gpt_neox.layers.28.post_attention_layernorm.npy
1126528	2026-05-28T16:46:05.0000000000	./john/fullgrid/pythia-2.8b-fullgrid-100m-p1200-perchannel-john/heat/gpt_neox.layers.29.attention.dense.npy
1126528	2026-05-28T16:46:05.0000000000	./john/fullgrid/pythia-2.8b-fullgrid-100m-p1200-perchannel-john/heat/gpt_neox.layers.29.input_layernorm.npy
1126528	2026-05-28T16:46:05.0000000000	./john/fullgrid/pythia-2.8b-fullgrid-100m-p1200-perchannel-john/heat/gpt_neox.layers.29.mlp.dense_4h_to_h.npy
1126528	2026-05-28T16:46:05.0000000000	./john/fullgrid/pythia-2.8b-fullgrid-100m-p1200-perchannel-john/heat/gpt_neox.layers.29.post_attention_layernorm.npy
1126528	2026-05-28T16:46:05.0000000000	./john/fullgrid/pythia-2.8b-fullgrid-100m-p1200-perchannel-john/heat/gpt_neox.layers.3.attention.dense.npy
1126528	2026-05-28T16:46:05.0000000000	./john/fullgrid/pythia-2.8b-fullgrid-100m-p1200-perchannel-john/heat/gpt_neox.layers.3.input_layernorm.npy
1126528	2026-05-28T16:46:05.0000000000	./john/fullgrid/pythia-2.8b-fullgrid-100m-p1200-perchannel-john/heat/gpt_neox.layers.3.mlp.dense_4h_to_h.npy
1126528	2026-05-28T16:46:05.0000000000	./john/fullgrid/pythia-2.8b-fullgrid-100m-p1200-perchannel-john/heat/gpt_neox.layers.3.post_attention_layernorm.npy
1126528	2026-05-28T16:46:05.0000000000	./john/fullgrid/pythia-2.8b-fullgrid-100m-p1200-perchannel-john/heat/gpt_neox.layers.30.attention.dense.npy
1126528	2026-05-28T16:46:05.0000000000	./john/fullgrid/pythia-2.8b-fullgrid-100m-p1200-perchannel-john/heat/gpt_neox.layers.30.input_layernorm.npy
1126528	2026-05-28T16:46:05.0000000000	./john/fullgrid/pythia-2.8b-fullgrid-100m-p1200-perchannel-john/heat/gpt_neox.layers.30.mlp.dense_4h_to_h.npy
1126528	2026-05-28T16:46:05.0000000000	./john/fullgrid/pythia-2.8b-fullgrid-100m-p1200-perchannel-john/heat/gpt_neox.layers.30.post_attention_layernorm.npy
1126528	2026-05-28T16:46:05.0000000000	./john/fullgrid/pythia-2.8b-fullgrid-100m-p1200-perchannel-john/heat/gpt_neox.layers.31.attention.dense.npy
1126528	2026-05-28T16:46:05.0000000000	./john/fullgrid/pythia-2.8b-fullgrid-100m-p1200-perchannel-john/heat/gpt_neox.layers.31.input_layernorm.npy
1126528	2026-05-28T16:46:05.0000000000	./john/fullgrid/pythia-2.8b-fullgrid-100m-p1200-perchannel-john/heat/gpt_neox.layers.31.mlp.dense_4h_to_h.npy
1126528	2026-05-28T16:46:05.0000000000	./john/fullgrid/pythia-2.8b-fullgrid-100m-p1200-perchannel-john/heat/gpt_neox.layers.31.post_attention_layernorm.npy
1126528	2026-05-28T16:46:05.0000000000	./john/fullgrid/pythia-2.8b-fullgrid-100m-p1200-perchannel-john/heat/gpt_neox.layers.4.attention.dense.npy
1126528	2026-05-28T16:46:05.0000000000	./john/fullgrid/pythia-2.8b-fullgrid-100m-p1200-perchannel-john/heat/gpt_neox.layers.4.input_layernorm.npy
1126528	2026-05-28T16:46:05.0000000000	./john/fullgrid/pythia-2.8b-fullgrid-100m-p1200-perchannel-john/heat/gpt_neox.layers.4.mlp.dense_4h_to_h.npy
1126528	2026-05-28T16:46:05.0000000000	./john/fullgrid/pythia-2.8b-fullgrid-100m-p1200-perchannel-john/heat/gpt_neox.layers.4.post_attention_layernorm.npy
1126528	2026-05-28T16:46:05.0000000000	./john/fullgrid/pythia-2.8b-fullgrid-100m-p1200-perchannel-john/heat/gpt_neox.layers.5.attention.dense.npy
1126528	2026-05-28T16:46:05.0000000000	./john/fullgrid/pythia-2.8b-fullgrid-100m-p1200-perchannel-john/heat/gpt_neox.layers.5.input_layernorm.npy
1126528	2026-05-28T16:46:05.0000000000	./john/fullgrid/pythia-2.8b-fullgrid-100m-p1200-perchannel-john/heat/gpt_neox.layers.5.mlp.dense_4h_to_h.npy
1126528	2026-05-28T16:46:05.0000000000	./john/fullgrid/pythia-2.8b-fullgrid-100m-p1200-perchannel-john/heat/gpt_neox.layers.5.post_attention_layernorm.npy
1126528	2026-05-28T16:46:05.0000000000	./john/fullgrid/pythia-2.8b-fullgrid-100m-p1200-perchannel-john/heat/gpt_neox.layers.6.attention.dense.npy
1126528	2026-05-28T16:46:05.0000000000	./john/fullgrid/pythia-2.8b-fullgrid-100m-p1200-perchannel-john/heat/gpt_neox.layers.6.input_layernorm.npy
1126528	2026-05-28T16:46:05.0000000000	./john/fullgrid/pythia-2.8b-fullgrid-100m-p1200-perchannel-john/heat/gpt_neox.layers.6.mlp.dense_4h_to_h.npy
1126528	2026-05-28T16:46:05.0000000000	./john/fullgrid/pythia-2.8b-fullgrid-100m-p1200-perchannel-john/heat/gpt_neox.layers.6.post_attention_layernorm.npy
1126528	2026-05-28T16:46:05.0000000000	./john/fullgrid/pythia-2.8b-fullgrid-100m-p1200-perchannel-john/heat/gpt_neox.layers.7.attention.dense.npy
1126528	2026-05-28T16:46:05.0000000000	./john/fullgrid/pythia-2.8b-fullgrid-100m-p1200-perchannel-john/heat/gpt_neox.layers.7.input_layernorm.npy
1126528	2026-05-28T16:46:05.0000000000	./john/fullgrid/pythia-2.8b-fullgrid-100m-p1200-perchannel-john/heat/gpt_neox.layers.7.mlp.dense_4h_to_h.npy
1126528	2026-05-28T16:46:05.0000000000	./john/fullgrid/pythia-2.8b-fullgrid-100m-p1200-perchannel-john/heat/gpt_neox.layers.7.post_attention_layernorm.npy
1126528	2026-05-28T16:46:05.0000000000	./john/fullgrid/pythia-2.8b-fullgrid-100m-p1200-perchannel-john/heat/gpt_neox.layers.8.attention.dense.npy
1126528	2026-05-28T16:46:05.0000000000	./john/fullgrid/pythia-2.8b-fullgrid-100m-p1200-perchannel-john/heat/gpt_neox.layers.8.input_layernorm.npy
1126528	2026-05-28T16:46:05.0000000000	./john/fullgrid/pythia-2.8b-fullgrid-100m-p1200-perchannel-john/heat/gpt_neox.layers.8.mlp.dense_4h_to_h.npy
1126528	2026-05-28T16:46:05.0000000000	./john/fullgrid/pythia-2.8b-fullgrid-100m-p1200-perchannel-john/heat/gpt_neox.layers.8.post_attention_layernorm.npy
1126528	2026-05-28T16:46:05.0000000000	./john/fullgrid/pythia-2.8b-fullgrid-100m-p1200-perchannel-john/heat/gpt_neox.layers.9.attention.dense.npy
1126528	2026-05-28T16:46:05.0000000000	./john/fullgrid/pythia-2.8b-fullgrid-100m-p1200-perchannel-john/heat/gpt_neox.layers.9.input_layernorm.npy
1126528	2026-05-28T16:46:05.0000000000	./john/fullgrid/pythia-2.8b-fullgrid-100m-p1200-perchannel-john/heat/gpt_neox.layers.9.mlp.dense_4h_to_h.npy
1126528	2026-05-28T16:46:05.0000000000	./john/fullgrid/pythia-2.8b-fullgrid-100m-p1200-perchannel-john/heat/gpt_neox.layers.9.post_attention_layernorm.npy
1151	2026-05-28T11:30:54.0000000000	./ai/fullgrid/logs/gemma-2-2b-it-fullgrid-100m-p720-fixededges.log
1151	2026-05-28T11:30:54.0000000000	./local-index/ai/fullgrid/logs/gemma-2-2b-it-fullgrid-100m-p720-fixededges.log
1182	2026-05-28T11:24:04.0000000000	./ai/fullgrid/logs/gemma-2-2b-it-fullgrid-100m-p720.log
1182	2026-05-28T11:24:04.0000000000	./local-index/ai/fullgrid/logs/gemma-2-2b-it-fullgrid-100m-p720.log
1239168	2026-05-28T15:51:29.0000000000	./john/fullgrid/phi-2-fullgrid-100m-p1200-perchannel-john/heat/model.final_layernorm.npy
1239168	2026-05-28T15:51:29.0000000000	./john/fullgrid/phi-2-fullgrid-100m-p1200-perchannel-john/heat/model.layers.0.input_layernorm.npy
1239168	2026-05-28T15:51:29.0000000000	./john/fullgrid/phi-2-fullgrid-100m-p1200-perchannel-john/heat/model.layers.0.mlp.fc2.npy
1239168	2026-05-28T15:51:29.0000000000	./john/fullgrid/phi-2-fullgrid-100m-p1200-perchannel-john/heat/model.layers.0.self_attn.dense.npy
1239168	2026-05-28T15:51:29.0000000000	./john/fullgrid/phi-2-fullgrid-100m-p1200-perchannel-john/heat/model.layers.0.self_attn.k_proj.npy
1239168	2026-05-28T15:51:29.0000000000	./john/fullgrid/phi-2-fullgrid-100m-p1200-perchannel-john/heat/model.layers.0.self_attn.q_proj.npy
1239168	2026-05-28T15:51:29.0000000000	./john/fullgrid/phi-2-fullgrid-100m-p1200-perchannel-john/heat/model.layers.0.self_attn.v_proj.npy
1239168	2026-05-28T15:51:29.0000000000	./john/fullgrid/phi-2-fullgrid-100m-p1200-perchannel-john/heat/model.layers.1.input_layernorm.npy
1239168	2026-05-28T15:51:29.0000000000	./john/fullgrid/phi-2-fullgrid-100m-p1200-perchannel-john/heat/model.layers.1.mlp.fc2.npy
1239168	2026-05-28T15:51:29.0000000000	./john/fullgrid/phi-2-fullgrid-100m-p1200-perchannel-john/heat/model.layers.1.self_attn.dense.npy
1239168	2026-05-28T15:51:29.0000000000	./john/fullgrid/phi-2-fullgrid-100m-p1200-perchannel-john/heat/model.layers.1.self_attn.k_proj.npy
1239168	2026-05-28T15:51:29.0000000000	./john/fullgrid/phi-2-fullgrid-100m-p1200-perchannel-john/heat/model.layers.1.self_attn.q_proj.npy
1239168	2026-05-28T15:51:29.0000000000	./john/fullgrid/phi-2-fullgrid-100m-p1200-perchannel-john/heat/model.layers.1.self_attn.v_proj.npy
1239168	2026-05-28T15:51:29.0000000000	./john/fullgrid/phi-2-fullgrid-100m-p1200-perchannel-john/heat/model.layers.10.input_layernorm.npy
1239168	2026-05-28T15:51:29.0000000000	./john/fullgrid/phi-2-fullgrid-100m-p1200-perchannel-john/heat/model.layers.10.mlp.fc2.npy
1239168	2026-05-28T15:51:29.0000000000	./john/fullgrid/phi-2-fullgrid-100m-p1200-perchannel-john/heat/model.layers.10.self_attn.dense.npy
1239168	2026-05-28T15:51:29.0000000000	./john/fullgrid/phi-2-fullgrid-100m-p1200-perchannel-john/heat/model.layers.10.self_attn.k_proj.npy
1239168	2026-05-28T15:51:29.0000000000	./john/fullgrid/phi-2-fullgrid-100m-p1200-perchannel-john/heat/model.layers.10.self_attn.q_proj.npy
1239168	2026-05-28T15:51:29.0000000000	./john/fullgrid/phi-2-fullgrid-100m-p1200-perchannel-john/heat/model.layers.10.self_attn.v_proj.npy
1239168	2026-05-28T15:51:29.0000000000	./john/fullgrid/phi-2-fullgrid-100m-p1200-perchannel-john/heat/model.layers.11.input_layernorm.npy
1239168	2026-05-28T15:51:29.0000000000	./john/fullgrid/phi-2-fullgrid-100m-p1200-perchannel-john/heat/model.layers.11.mlp.fc2.npy
1239168	2026-05-28T15:51:29.0000000000	./john/fullgrid/phi-2-fullgrid-100m-p1200-perchannel-john/heat/model.layers.11.self_attn.dense.npy
1239168	2026-05-28T15:51:29.0000000000	./john/fullgrid/phi-2-fullgrid-100m-p1200-perchannel-john/heat/model.layers.11.self_attn.k_proj.npy
1239168	2026-05-28T15:51:29.0000000000	./john/fullgrid/phi-2-fullgrid-100m-p1200-perchannel-john/heat/model.layers.11.self_attn.q_proj.npy
1239168	2026-05-28T15:51:29.0000000000	./john/fullgrid/phi-2-fullgrid-100m-p1200-perchannel-john/heat/model.layers.11.self_attn.v_proj.npy
1239168	2026-05-28T15:51:29.0000000000	./john/fullgrid/phi-2-fullgrid-100m-p1200-perchannel-john/heat/model.layers.12.input_layernorm.npy
1239168	2026-05-28T15:51:29.0000000000	./john/fullgrid/phi-2-fullgrid-100m-p1200-perchannel-john/heat/model.layers.12.mlp.fc2.npy
1239168	2026-05-28T15:51:29.0000000000	./john/fullgrid/phi-2-fullgrid-100m-p1200-perchannel-john/heat/model.layers.12.self_attn.dense.npy
1239168	2026-05-28T15:51:29.0000000000	./john/fullgrid/phi-2-fullgrid-100m-p1200-perchannel-john/heat/model.layers.12.self_attn.k_proj.npy
1239168	2026-05-28T15:51:29.0000000000	./john/fullgrid/phi-2-fullgrid-100m-p1200-perchannel-john/heat/model.layers.12.self_attn.q_proj.npy
1239168	2026-05-28T15:51:29.0000000000	./john/fullgrid/phi-2-fullgrid-100m-p1200-perchannel-john/heat/model.layers.12.self_attn.v_proj.npy
1239168	2026-05-28T15:51:29.0000000000	./john/fullgrid/phi-2-fullgrid-100m-p1200-perchannel-john/heat/model.layers.13.input_layernorm.npy
1239168	2026-05-28T15:51:29.0000000000	./john/fullgrid/phi-2-fullgrid-100m-p1200-perchannel-john/heat/model.layers.13.mlp.fc2.npy
1239168	2026-05-28T15:51:29.0000000000	./john/fullgrid/phi-2-fullgrid-100m-p1200-perchannel-john/heat/model.layers.13.self_attn.dense.npy
1239168	2026-05-28T15:51:29.0000000000	./john/fullgrid/phi-2-fullgrid-100m-p1200-perchannel-john/heat/model.layers.13.self_attn.k_proj.npy
1239168	2026-05-28T15:51:29.0000000000	./john/fullgrid/phi-2-fullgrid-100m-p1200-perchannel-john/heat/model.layers.13.self_attn.q_proj.npy
1239168	2026-05-28T15:51:29.0000000000	./john/fullgrid/phi-2-fullgrid-100m-p1200-perchannel-john/heat/model.layers.13.self_attn.v_proj.npy
1239168	2026-05-28T15:51:29.0000000000	./john/fullgrid/phi-2-fullgrid-100m-p1200-perchannel-john/heat/model.layers.14.input_layernorm.npy
1239168	2026-05-28T15:51:29.0000000000	./john/fullgrid/phi-2-fullgrid-100m-p1200-perchannel-john/heat/model.layers.14.mlp.fc2.npy
1239168	2026-05-28T15:51:29.0000000000	./john/fullgrid/phi-2-fullgrid-100m-p1200-perchannel-john/heat/model.layers.14.self_attn.dense.npy
1239168	2026-05-28T15:51:29.0000000000	./john/fullgrid/phi-2-fullgrid-100m-p1200-perchannel-john/heat/model.layers.14.self_attn.k_proj.npy
1239168	2026-05-28T15:51:29.0000000000	./john/fullgrid/phi-2-fullgrid-100m-p1200-perchannel-john/heat/model.layers.14.self_attn.q_proj.npy
1239168	2026-05-28T15:51:29.0000000000	./john/fullgrid/phi-2-fullgrid-100m-p1200-perchannel-john/heat/model.layers.14.self_attn.v_proj.npy
1239168	2026-05-28T15:51:29.0000000000	./john/fullgrid/phi-2-fullgrid-100m-p1200-perchannel-john/heat/model.layers.15.input_layernorm.npy
1239168	2026-05-28T15:51:29.0000000000	./john/fullgrid/phi-2-fullgrid-100m-p1200-perchannel-john/heat/model.layers.15.mlp.fc2.npy
1239168	2026-05-28T15:51:29.0000000000	./john/fullgrid/phi-2-fullgrid-100m-p1200-perchannel-john/heat/model.layers.15.self_attn.dense.npy
1239168	2026-05-28T15:51:29.0000000000	./john/fullgrid/phi-2-fullgrid-100m-p1200-perchannel-john/heat/model.layers.15.self_attn.k_proj.npy
1239168	2026-05-28T15:51:29.0000000000	./john/fullgrid/phi-2-fullgrid-100m-p1200-perchannel-john/heat/model.layers.15.self_attn.q_proj.npy
1239168	2026-05-28T15:51:29.0000000000	./john/fullgrid/phi-2-fullgrid-100m-p1200-perchannel-john/heat/model.layers.15.self_attn.v_proj.npy
1239168	2026-05-28T15:51:29.0000000000	./john/fullgrid/phi-2-fullgrid-100m-p1200-perchannel-john/heat/model.layers.16.input_layernorm.npy
1239168	2026-05-28T15:51:29.0000000000	./john/fullgrid/phi-2-fullgrid-100m-p1200-perchannel-john/heat/model.layers.16.mlp.fc2.npy
1239168	2026-05-28T15:51:29.0000000000	./john/fullgrid/phi-2-fullgrid-100m-p1200-perchannel-john/heat/model.layers.16.self_attn.dense.npy
1239168	2026-05-28T15:51:29.0000000000	./john/fullgrid/phi-2-fullgrid-100m-p1200-perchannel-john/heat/model.layers.16.self_attn.k_proj.npy
1239168	2026-05-28T15:51:29.0000000000	./john/fullgrid/phi-2-fullgrid-100m-p1200-perchannel-john/heat/model.layers.16.self_attn.q_proj.npy
1239168	2026-05-28T15:51:29.0000000000	./john/fullgrid/phi-2-fullgrid-100m-p1200-perchannel-john/heat/model.layers.16.self_attn.v_proj.npy
1239168	2026-05-28T15:51:29.0000000000	./john/fullgrid/phi-2-fullgrid-100m-p1200-perchannel-john/heat/model.layers.17.input_layernorm.npy
1239168	2026-05-28T15:51:29.0000000000	./john/fullgrid/phi-2-fullgrid-100m-p1200-perchannel-john/heat/model.layers.17.mlp.fc2.npy
1239168	2026-05-28T15:51:29.0000000000	./john/fullgrid/phi-2-fullgrid-100m-p1200-perchannel-john/heat/model.layers.17.self_attn.dense.npy
1239168	2026-05-28T15:51:29.0000000000	./john/fullgrid/phi-2-fullgrid-100m-p1200-perchannel-john/heat/model.layers.17.self_attn.k_proj.npy
1239168	2026-05-28T15:51:29.0000000000	./john/fullgrid/phi-2-fullgrid-100m-p1200-perchannel-john/heat/model.layers.17.self_attn.q_proj.npy
1239168	2026-05-28T15:51:29.0000000000	./john/fullgrid/phi-2-fullgrid-100m-p1200-perchannel-john/heat/model.layers.17.self_attn.v_proj.npy
1239168	2026-05-28T15:51:29.0000000000	./john/fullgrid/phi-2-fullgrid-100m-p1200-perchannel-john/heat/model.layers.18.input_layernorm.npy
1239168	2026-05-28T15:51:29.0000000000	./john/fullgrid/phi-2-fullgrid-100m-p1200-perchannel-john/heat/model.layers.18.mlp.fc2.npy
1239168	2026-05-28T15:51:29.0000000000	./john/fullgrid/phi-2-fullgrid-100m-p1200-perchannel-john/heat/model.layers.18.self_attn.dense.npy
1239168	2026-05-28T15:51:29.0000000000	./john/fullgrid/phi-2-fullgrid-100m-p1200-perchannel-john/heat/model.layers.18.self_attn.k_proj.npy
1239168	2026-05-28T15:51:29.0000000000	./john/fullgrid/phi-2-fullgrid-100m-p1200-perchannel-john/heat/model.layers.18.self_attn.q_proj.npy
1239168	2026-05-28T15:51:29.0000000000	./john/fullgrid/phi-2-fullgrid-100m-p1200-perchannel-john/heat/model.layers.18.self_attn.v_proj.npy
1239168	2026-05-28T15:51:29.0000000000	./john/fullgrid/phi-2-fullgrid-100m-p1200-perchannel-john/heat/model.layers.19.input_layernorm.npy
1239168	2026-05-28T15:51:29.0000000000	./john/fullgrid/phi-2-fullgrid-100m-p1200-perchannel-john/heat/model.layers.19.mlp.fc2.npy
1239168	2026-05-28T15:51:29.0000000000	./john/fullgrid/phi-2-fullgrid-100m-p1200-perchannel-john/heat/model.layers.19.self_attn.dense.npy
1239168	2026-05-28T15:51:29.0000000000	./john/fullgrid/phi-2-fullgrid-100m-p1200-perchannel-john/heat/model.layers.19.self_attn.k_proj.npy
1239168	2026-05-28T15:51:29.0000000000	./john/fullgrid/phi-2-fullgrid-100m-p1200-perchannel-john/heat/model.layers.19.self_attn.q_proj.npy
1239168	2026-05-28T15:51:29.0000000000	./john/fullgrid/phi-2-fullgrid-100m-p1200-perchannel-john/heat/model.layers.19.self_attn.v_proj.npy
1239168	2026-05-28T15:51:29.0000000000	./john/fullgrid/phi-2-fullgrid-100m-p1200-perchannel-john/heat/model.layers.2.input_layernorm.npy
1239168	2026-05-28T15:51:29.0000000000	./john/fullgrid/phi-2-fullgrid-100m-p1200-perchannel-john/heat/model.layers.2.mlp.fc2.npy
1239168	2026-05-28T15:51:29.0000000000	./john/fullgrid/phi-2-fullgrid-100m-p1200-perchannel-john/heat/model.layers.2.self_attn.dense.npy
1239168	2026-05-28T15:51:29.0000000000	./john/fullgrid/phi-2-fullgrid-100m-p1200-perchannel-john/heat/model.layers.2.self_attn.k_proj.npy
1239168	2026-05-28T15:51:29.0000000000	./john/fullgrid/phi-2-fullgrid-100m-p1200-perchannel-john/heat/model.layers.2.self_attn.q_proj.npy
1239168	2026-05-28T15:51:29.0000000000	./john/fullgrid/phi-2-fullgrid-100m-p1200-perchannel-john/heat/model.layers.2.self_attn.v_proj.npy
1239168	2026-05-28T15:51:29.0000000000	./john/fullgrid/phi-2-fullgrid-100m-p1200-perchannel-john/heat/model.layers.20.input_layernorm.npy
1239168	2026-05-28T15:51:29.0000000000	./john/fullgrid/phi-2-fullgrid-100m-p1200-perchannel-john/heat/model.layers.20.mlp.fc2.npy
1239168	2026-05-28T15:51:29.0000000000	./john/fullgrid/phi-2-fullgrid-100m-p1200-perchannel-john/heat/model.layers.20.self_attn.dense.npy
1239168	2026-05-28T15:51:29.0000000000	./john/fullgrid/phi-2-fullgrid-100m-p1200-perchannel-john/heat/model.layers.20.self_attn.k_proj.npy
1239168	2026-05-28T15:51:29.0000000000	./john/fullgrid/phi-2-fullgrid-100m-p1200-perchannel-john/heat/model.layers.20.self_attn.q_proj.npy
1239168	2026-05-28T15:51:29.0000000000	./john/fullgrid/phi-2-fullgrid-100m-p1200-perchannel-john/heat/model.layers.20.self_attn.v_proj.npy
1239168	2026-05-28T15:51:29.0000000000	./john/fullgrid/phi-2-fullgrid-100m-p1200-perchannel-john/heat/model.layers.21.input_layernorm.npy
1239168	2026-05-28T15:51:29.0000000000	./john/fullgrid/phi-2-fullgrid-100m-p1200-perchannel-john/heat/model.layers.21.mlp.fc2.npy
1239168	2026-05-28T15:51:29.0000000000	./john/fullgrid/phi-2-fullgrid-100m-p1200-perchannel-john/heat/model.layers.21.self_attn.dense.npy
1239168	2026-05-28T15:51:29.0000000000	./john/fullgrid/phi-2-fullgrid-100m-p1200-perchannel-john/heat/model.layers.21.self_attn.k_proj.npy
1239168	2026-05-28T15:51:29.0000000000	./john/fullgrid/phi-2-fullgrid-100m-p1200-perchannel-john/heat/model.layers.21.self_attn.q_proj.npy
1239168	2026-05-28T15:51:29.0000000000	./john/fullgrid/phi-2-fullgrid-100m-p1200-perchannel-john/heat/model.layers.21.self_attn.v_proj.npy
1239168	2026-05-28T15:51:29.0000000000	./john/fullgrid/phi-2-fullgrid-100m-p1200-perchannel-john/heat/model.layers.22.input_layernorm.npy
1239168	2026-05-28T15:51:29.0000000000	./john/fullgrid/phi-2-fullgrid-100m-p1200-perchannel-john/heat/model.layers.22.mlp.fc2.npy
1239168	2026-05-28T15:51:29.0000000000	./john/fullgrid/phi-2-fullgrid-100m-p1200-perchannel-john/heat/model.layers.22.self_attn.dense.npy
1239168	2026-05-28T15:51:29.0000000000	./john/fullgrid/phi-2-fullgrid-100m-p1200-perchannel-john/heat/model.layers.22.self_attn.k_proj.npy
1239168	2026-05-28T15:51:29.0000000000	./john/fullgrid/phi-2-fullgrid-100m-p1200-perchannel-john/heat/model.layers.22.self_attn.q_proj.npy
1239168	2026-05-28T15:51:29.0000000000	./john/fullgrid/phi-2-fullgrid-100m-p1200-perchannel-john/heat/model.layers.22.self_attn.v_proj.npy
1239168	2026-05-28T15:51:29.0000000000	./john/fullgrid/phi-2-fullgrid-100m-p1200-perchannel-john/heat/model.layers.23.input_layernorm.npy
1239168	2026-05-28T15:51:29.0000000000	./john/fullgrid/phi-2-fullgrid-100m-p1200-perchannel-john/heat/model.layers.23.mlp.fc2.npy
1239168	2026-05-28T15:51:29.0000000000	./john/fullgrid/phi-2-fullgrid-100m-p1200-perchannel-john/heat/model.layers.23.self_attn.dense.npy
1239168	2026-05-28T15:51:29.0000000000	./john/fullgrid/phi-2-fullgrid-100m-p1200-perchannel-john/heat/model.layers.23.self_attn.k_proj.npy
1239168	2026-05-28T15:51:29.0000000000	./john/fullgrid/phi-2-fullgrid-100m-p1200-perchannel-john/heat/model.layers.23.self_attn.q_proj.npy
1239168	2026-05-28T15:51:29.0000000000	./john/fullgrid/phi-2-fullgrid-100m-p1200-perchannel-john/heat/model.layers.23.self_attn.v_proj.npy
1239168	2026-05-28T15:51:29.0000000000	./john/fullgrid/phi-2-fullgrid-100m-p1200-perchannel-john/heat/model.layers.24.input_layernorm.npy
1239168	2026-05-28T15:51:29.0000000000	./john/fullgrid/phi-2-fullgrid-100m-p1200-perchannel-john/heat/model.layers.24.mlp.fc2.npy
1239168	2026-05-28T15:51:29.0000000000	./john/fullgrid/phi-2-fullgrid-100m-p1200-perchannel-john/heat/model.layers.24.self_attn.dense.npy
1239168	2026-05-28T15:51:29.0000000000	./john/fullgrid/phi-2-fullgrid-100m-p1200-perchannel-john/heat/model.layers.24.self_attn.k_proj.npy
1239168	2026-05-28T15:51:29.0000000000	./john/fullgrid/phi-2-fullgrid-100m-p1200-perchannel-john/heat/model.layers.24.self_attn.q_proj.npy
1239168	2026-05-28T15:51:29.0000000000	./john/fullgrid/phi-2-fullgrid-100m-p1200-perchannel-john/heat/model.layers.24.self_attn.v_proj.npy
1239168	2026-05-28T15:51:29.0000000000	./john/fullgrid/phi-2-fullgrid-100m-p1200-perchannel-john/heat/model.layers.25.input_layernorm.npy
1239168	2026-05-28T15:51:29.0000000000	./john/fullgrid/phi-2-fullgrid-100m-p1200-perchannel-john/heat/model.layers.25.mlp.fc2.npy
1239168	2026-05-28T15:51:29.0000000000	./john/fullgrid/phi-2-fullgrid-100m-p1200-perchannel-john/heat/model.layers.25.self_attn.dense.npy
1239168	2026-05-28T15:51:29.0000000000	./john/fullgrid/phi-2-fullgrid-100m-p1200-perchannel-john/heat/model.layers.25.self_attn.k_proj.npy
1239168	2026-05-28T15:51:29.0000000000	./john/fullgrid/phi-2-fullgrid-100m-p1200-perchannel-john/heat/model.layers.25.self_attn.q_proj.npy
1239168	2026-05-28T15:51:29.0000000000	./john/fullgrid/phi-2-fullgrid-100m-p1200-perchannel-john/heat/model.layers.25.self_attn.v_proj.npy
1239168	2026-05-28T15:51:29.0000000000	./john/fullgrid/phi-2-fullgrid-100m-p1200-perchannel-john/heat/model.layers.26.input_layernorm.npy
1239168	2026-05-28T15:51:29.0000000000	./john/fullgrid/phi-2-fullgrid-100m-p1200-perchannel-john/heat/model.layers.26.mlp.fc2.npy
1239168	2026-05-28T15:51:29.0000000000	./john/fullgrid/phi-2-fullgrid-100m-p1200-perchannel-john/heat/model.layers.26.self_attn.dense.npy
1239168	2026-05-28T15:51:29.0000000000	./john/fullgrid/phi-2-fullgrid-100m-p1200-perchannel-john/heat/model.layers.26.self_attn.k_proj.npy
1239168	2026-05-28T15:51:29.0000000000	./john/fullgrid/phi-2-fullgrid-100m-p1200-perchannel-john/heat/model.layers.26.self_attn.q_proj.npy
1239168	2026-05-28T15:51:29.0000000000	./john/fullgrid/phi-2-fullgrid-100m-p1200-perchannel-john/heat/model.layers.26.self_attn.v_proj.npy
1239168	2026-05-28T15:51:29.0000000000	./john/fullgrid/phi-2-fullgrid-100m-p1200-perchannel-john/heat/model.layers.27.input_layernorm.npy
1239168	2026-05-28T15:51:29.0000000000	./john/fullgrid/phi-2-fullgrid-100m-p1200-perchannel-john/heat/model.layers.27.mlp.fc2.npy
1239168	2026-05-28T15:51:29.0000000000	./john/fullgrid/phi-2-fullgrid-100m-p1200-perchannel-john/heat/model.layers.27.self_attn.dense.npy
1239168	2026-05-28T15:51:29.0000000000	./john/fullgrid/phi-2-fullgrid-100m-p1200-perchannel-john/heat/model.layers.27.self_attn.k_proj.npy
1239168	2026-05-28T15:51:29.0000000000	./john/fullgrid/phi-2-fullgrid-100m-p1200-perchannel-john/heat/model.layers.27.self_attn.q_proj.npy
1239168	2026-05-28T15:51:29.0000000000	./john/fullgrid/phi-2-fullgrid-100m-p1200-perchannel-john/heat/model.layers.27.self_attn.v_proj.npy
1239168	2026-05-28T15:51:29.0000000000	./john/fullgrid/phi-2-fullgrid-100m-p1200-perchannel-john/heat/model.layers.28.input_layernorm.npy
1239168	2026-05-28T15:51:29.0000000000	./john/fullgrid/phi-2-fullgrid-100m-p1200-perchannel-john/heat/model.layers.28.mlp.fc2.npy
1239168	2026-05-28T15:51:29.0000000000	./john/fullgrid/phi-2-fullgrid-100m-p1200-perchannel-john/heat/model.layers.28.self_attn.dense.npy
1239168	2026-05-28T15:51:29.0000000000	./john/fullgrid/phi-2-fullgrid-100m-p1200-perchannel-john/heat/model.layers.28.self_attn.k_proj.npy
1239168	2026-05-28T15:51:29.0000000000	./john/fullgrid/phi-2-fullgrid-100m-p1200-perchannel-john/heat/model.layers.28.self_attn.q_proj.npy
1239168	2026-05-28T15:51:29.0000000000	./john/fullgrid/phi-2-fullgrid-100m-p1200-perchannel-john/heat/model.layers.28.self_attn.v_proj.npy
1239168	2026-05-28T15:51:29.0000000000	./john/fullgrid/phi-2-fullgrid-100m-p1200-perchannel-john/heat/model.layers.29.input_layernorm.npy
1239168	2026-05-28T15:51:29.0000000000	./john/fullgrid/phi-2-fullgrid-100m-p1200-perchannel-john/heat/model.layers.29.mlp.fc2.npy
1239168	2026-05-28T15:51:29.0000000000	./john/fullgrid/phi-2-fullgrid-100m-p1200-perchannel-john/heat/model.layers.29.self_attn.dense.npy
1239168	2026-05-28T15:51:29.0000000000	./john/fullgrid/phi-2-fullgrid-100m-p1200-perchannel-john/heat/model.layers.29.self_attn.k_proj.npy
1239168	2026-05-28T15:51:29.0000000000	./john/fullgrid/phi-2-fullgrid-100m-p1200-perchannel-john/heat/model.layers.29.self_attn.q_proj.npy
1239168	2026-05-28T15:51:29.0000000000	./john/fullgrid/phi-2-fullgrid-100m-p1200-perchannel-john/heat/model.layers.29.self_attn.v_proj.npy
1239168	2026-05-28T15:51:29.0000000000	./john/fullgrid/phi-2-fullgrid-100m-p1200-perchannel-john/heat/model.layers.3.input_layernorm.npy
1239168	2026-05-28T15:51:29.0000000000	./john/fullgrid/phi-2-fullgrid-100m-p1200-perchannel-john/heat/model.layers.3.mlp.fc2.npy
1239168	2026-05-28T15:51:29.0000000000	./john/fullgrid/phi-2-fullgrid-100m-p1200-perchannel-john/heat/model.layers.3.self_attn.dense.npy
1239168	2026-05-28T15:51:29.0000000000	./john/fullgrid/phi-2-fullgrid-100m-p1200-perchannel-john/heat/model.layers.3.self_attn.k_proj.npy
1239168	2026-05-28T15:51:29.0000000000	./john/fullgrid/phi-2-fullgrid-100m-p1200-perchannel-john/heat/model.layers.3.self_attn.q_proj.npy
1239168	2026-05-28T15:51:29.0000000000	./john/fullgrid/phi-2-fullgrid-100m-p1200-perchannel-john/heat/model.layers.3.self_attn.v_proj.npy
1239168	2026-05-28T15:51:29.0000000000	./john/fullgrid/phi-2-fullgrid-100m-p1200-perchannel-john/heat/model.layers.30.input_layernorm.npy
1239168	2026-05-28T15:51:29.0000000000	./john/fullgrid/phi-2-fullgrid-100m-p1200-perchannel-john/heat/model.layers.30.mlp.fc2.npy
1239168	2026-05-28T15:51:29.0000000000	./john/fullgrid/phi-2-fullgrid-100m-p1200-perchannel-john/heat/model.layers.30.self_attn.dense.npy
1239168	2026-05-28T15:51:29.0000000000	./john/fullgrid/phi-2-fullgrid-100m-p1200-perchannel-john/heat/model.layers.30.self_attn.k_proj.npy
1239168	2026-05-28T15:51:29.0000000000	./john/fullgrid/phi-2-fullgrid-100m-p1200-perchannel-john/heat/model.layers.30.self_attn.q_proj.npy
1239168	2026-05-28T15:51:29.0000000000	./john/fullgrid/phi-2-fullgrid-100m-p1200-perchannel-john/heat/model.layers.30.self_attn.v_proj.npy
1239168	2026-05-28T15:51:29.0000000000	./john/fullgrid/phi-2-fullgrid-100m-p1200-perchannel-john/heat/model.layers.31.input_layernorm.npy
1239168	2026-05-28T15:51:29.0000000000	./john/fullgrid/phi-2-fullgrid-100m-p1200-perchannel-john/heat/model.layers.31.mlp.fc2.npy
1239168	2026-05-28T15:51:29.0000000000	./john/fullgrid/phi-2-fullgrid-100m-p1200-perchannel-john/heat/model.layers.31.self_attn.dense.npy
1239168	2026-05-28T15:51:29.0000000000	./john/fullgrid/phi-2-fullgrid-100m-p1200-perchannel-john/heat/model.layers.31.self_attn.k_proj.npy
1239168	2026-05-28T15:51:29.0000000000	./john/fullgrid/phi-2-fullgrid-100m-p1200-perchannel-john/heat/model.layers.31.self_attn.q_proj.npy
1239168	2026-05-28T15:51:29.0000000000	./john/fullgrid/phi-2-fullgrid-100m-p1200-perchannel-john/heat/model.layers.31.self_attn.v_proj.npy
1239168	2026-05-28T15:51:29.0000000000	./john/fullgrid/phi-2-fullgrid-100m-p1200-perchannel-john/heat/model.layers.4.input_layernorm.npy
1239168	2026-05-28T15:51:29.0000000000	./john/fullgrid/phi-2-fullgrid-100m-p1200-perchannel-john/heat/model.layers.4.mlp.fc2.npy
1239168	2026-05-28T15:51:29.0000000000	./john/fullgrid/phi-2-fullgrid-100m-p1200-perchannel-john/heat/model.layers.4.self_attn.dense.npy
1239168	2026-05-28T15:51:29.0000000000	./john/fullgrid/phi-2-fullgrid-100m-p1200-perchannel-john/heat/model.layers.4.self_attn.k_proj.npy
1239168	2026-05-28T15:51:29.0000000000	./john/fullgrid/phi-2-fullgrid-100m-p1200-perchannel-john/heat/model.layers.4.self_attn.q_proj.npy
1239168	2026-05-28T15:51:29.0000000000	./john/fullgrid/phi-2-fullgrid-100m-p1200-perchannel-john/heat/model.layers.4.self_attn.v_proj.npy
1239168	2026-05-28T15:51:29.0000000000	./john/fullgrid/phi-2-fullgrid-100m-p1200-perchannel-john/heat/model.layers.5.input_layernorm.npy
1239168	2026-05-28T15:51:29.0000000000	./john/fullgrid/phi-2-fullgrid-100m-p1200-perchannel-john/heat/model.layers.5.mlp.fc2.npy
1239168	2026-05-28T15:51:29.0000000000	./john/fullgrid/phi-2-fullgrid-100m-p1200-perchannel-john/heat/model.layers.5.self_attn.dense.npy
1239168	2026-05-28T15:51:29.0000000000	./john/fullgrid/phi-2-fullgrid-100m-p1200-perchannel-john/heat/model.layers.5.self_attn.k_proj.npy
1239168	2026-05-28T15:51:29.0000000000	./john/fullgrid/phi-2-fullgrid-100m-p1200-perchannel-john/heat/model.layers.5.self_attn.q_proj.npy
1239168	2026-05-28T15:51:29.0000000000	./john/fullgrid/phi-2-fullgrid-100m-p1200-perchannel-john/heat/model.layers.5.self_attn.v_proj.npy
1239168	2026-05-28T15:51:29.0000000000	./john/fullgrid/phi-2-fullgrid-100m-p1200-perchannel-john/heat/model.layers.6.input_layernorm.npy
1239168	2026-05-28T15:51:29.0000000000	./john/fullgrid/phi-2-fullgrid-100m-p1200-perchannel-john/heat/model.layers.6.mlp.fc2.npy
1239168	2026-05-28T15:51:29.0000000000	./john/fullgrid/phi-2-fullgrid-100m-p1200-perchannel-john/heat/model.layers.6.self_attn.dense.npy
1239168	2026-05-28T15:51:29.0000000000	./john/fullgrid/phi-2-fullgrid-100m-p1200-perchannel-john/heat/model.layers.6.self_attn.k_proj.npy
1239168	2026-05-28T15:51:29.0000000000	./john/fullgrid/phi-2-fullgrid-100m-p1200-perchannel-john/heat/model.layers.6.self_attn.q_proj.npy
1239168	2026-05-28T15:51:29.0000000000	./john/fullgrid/phi-2-fullgrid-100m-p1200-perchannel-john/heat/model.layers.6.self_attn.v_proj.npy
1239168	2026-05-28T15:51:29.0000000000	./john/fullgrid/phi-2-fullgrid-100m-p1200-perchannel-john/heat/model.layers.7.input_layernorm.npy
1239168	2026-05-28T15:51:29.0000000000	./john/fullgrid/phi-2-fullgrid-100m-p1200-perchannel-john/heat/model.layers.7.mlp.fc2.npy
1239168	2026-05-28T15:51:29.0000000000	./john/fullgrid/phi-2-fullgrid-100m-p1200-perchannel-john/heat/model.layers.7.self_attn.dense.npy
1239168	2026-05-28T15:51:29.0000000000	./john/fullgrid/phi-2-fullgrid-100m-p1200-perchannel-john/heat/model.layers.7.self_attn.k_proj.npy
1239168	2026-05-28T15:51:29.0000000000	./john/fullgrid/phi-2-fullgrid-100m-p1200-perchannel-john/heat/model.layers.7.self_attn.q_proj.npy
1239168	2026-05-28T15:51:29.0000000000	./john/fullgrid/phi-2-fullgrid-100m-p1200-perchannel-john/heat/model.layers.7.self_attn.v_proj.npy
1239168	2026-05-28T15:51:29.0000000000	./john/fullgrid/phi-2-fullgrid-100m-p1200-perchannel-john/heat/model.layers.8.input_layernorm.npy
1239168	2026-05-28T15:51:29.0000000000	./john/fullgrid/phi-2-fullgrid-100m-p1200-perchannel-john/heat/model.layers.8.mlp.fc2.npy
1239168	2026-05-28T15:51:29.0000000000	./john/fullgrid/phi-2-fullgrid-100m-p1200-perchannel-john/heat/model.layers.8.self_attn.dense.npy
1239168	2026-05-28T15:51:29.0000000000	./john/fullgrid/phi-2-fullgrid-100m-p1200-perchannel-john/heat/model.layers.8.self_attn.k_proj.npy
1239168	2026-05-28T15:51:29.0000000000	./john/fullgrid/phi-2-fullgrid-100m-p1200-perchannel-john/heat/model.layers.8.self_attn.q_proj.npy
1239168	2026-05-28T15:51:29.0000000000	./john/fullgrid/phi-2-fullgrid-100m-p1200-perchannel-john/heat/model.layers.8.self_attn.v_proj.npy
1239168	2026-05-28T15:51:29.0000000000	./john/fullgrid/phi-2-fullgrid-100m-p1200-perchannel-john/heat/model.layers.9.input_layernorm.npy
1239168	2026-05-28T15:51:29.0000000000	./john/fullgrid/phi-2-fullgrid-100m-p1200-perchannel-john/heat/model.layers.9.mlp.fc2.npy
1239168	2026-05-28T15:51:29.0000000000	./john/fullgrid/phi-2-fullgrid-100m-p1200-perchannel-john/heat/model.layers.9.self_attn.dense.npy
1239168	2026-05-28T15:51:29.0000000000	./john/fullgrid/phi-2-fullgrid-100m-p1200-perchannel-john/heat/model.layers.9.self_attn.k_proj.npy
1239168	2026-05-28T15:51:29.0000000000	./john/fullgrid/phi-2-fullgrid-100m-p1200-perchannel-john/heat/model.layers.9.self_attn.q_proj.npy
1239168	2026-05-28T15:51:29.0000000000	./john/fullgrid/phi-2-fullgrid-100m-p1200-perchannel-john/heat/model.layers.9.self_attn.v_proj.npy
12779	2026-05-28T18:29:47.0000000000	./john/fullgrid/logs/bloomz-560m-fullgrid-100m-p1200-perchannel-john.log
12779	2026-05-28T18:29:47.0000000000	./local-index/john/fullgrid/logs/bloomz-560m-fullgrid-100m-p1200-perchannel-john.log
12801	2026-05-28T17:08:09.0000000000	./john/fullgrid/logs/bloom-560m-fullgrid-100m-p1200-perchannel-john.log
12801	2026-05-28T17:08:09.0000000000	./local-index/john/fullgrid/logs/bloom-560m-fullgrid-100m-p1200-perchannel-john.log
12813	2026-05-28T18:57:17.0000000000	./john/fullgrid/logs/bloomz-1b1-fullgrid-100m-p1200-perchannel-john.log
12813	2026-05-28T18:57:17.0000000000	./local-index/john/fullgrid/logs/bloomz-1b1-fullgrid-100m-p1200-perchannel-john.log
12815	2026-05-28T17:32:45.0000000000	./john/fullgrid/logs/bloom-1b1-fullgrid-100m-p1200-perchannel-john.log
12815	2026-05-28T17:32:45.0000000000	./local-index/john/fullgrid/logs/bloom-1b1-fullgrid-100m-p1200-perchannel-john.log
12900	2026-05-28T19:31:06.0000000000	./john/fullgrid/logs/bloomz-3b-fullgrid-100m-p1200-perchannel-john.log
12900	2026-05-28T19:31:06.0000000000	./local-index/john/fullgrid/logs/bloomz-3b-fullgrid-100m-p1200-perchannel-john.log
12911	2026-05-28T18:07:42.0000000000	./john/fullgrid/logs/bloom-3b-fullgrid-100m-p1200-perchannel-john.log
12911	2026-05-28T18:07:42.0000000000	./local-index/john/fullgrid/logs/bloom-3b-fullgrid-100m-p1200-perchannel-john.log
12954	2026-05-28T16:46:05.0000000000	./john/fullgrid/logs/pythia-2.8b-fullgrid-100m-p1200-perchannel-john.log
12954	2026-05-28T16:46:05.0000000000	./local-index/john/fullgrid/logs/pythia-2.8b-fullgrid-100m-p1200-perchannel-john.log
1299	2026-05-28T11:43:36.0000000000	./ai/fullgrid/logs/gemma-2-2b-it-fullgrid-100m-union-fixededges.log
1299	2026-05-28T11:43:36.0000000000	./local-index/ai/fullgrid/logs/gemma-2-2b-it-fullgrid-100m-union-fixededges.log
13083	2026-05-28T12:51:43.0000000000	./john/fullgrid/logs/qwen3b-fullgrid-100m-p1200-perchannel-fd4096.log
13083	2026-05-28T12:51:43.0000000000	./local-index/john/fullgrid/logs/qwen3b-fullgrid-100m-p1200-perchannel-fd4096.log
13221	2026-05-28T14:55:17.0000000000	./john/fullgrid/logs/internlm2-7b-fullgrid-100m-p1200-perchannel-fd4096.log
13221	2026-05-28T14:55:17.0000000000	./local-index/john/fullgrid/logs/internlm2-7b-fullgrid-100m-p1200-perchannel-fd4096.log
1327232	2026-05-28T10:32:36.0000000000	./ai/fullgrid/gpt2-medium-fullgrid-100m/heat/transformer.h.0.attn.c_proj.npy
1327232	2026-05-28T10:32:36.0000000000	./ai/fullgrid/gpt2-medium-fullgrid-100m/heat/transformer.h.2.attn.c_proj.npy
1327232	2026-05-28T10:32:36.0000000000	./ai/fullgrid/gpt2-medium-fullgrid-100m/heat/transformer.h.3.attn.c_proj.npy
1327232	2026-05-28T10:32:36.0000000000	./ai/fullgrid/gpt2-medium-fullgrid-100m/heat/transformer.h.3.mlp.c_proj.npy
1327232	2026-05-28T10:32:36.0000000000	./ai/fullgrid/gpt2-medium-fullgrid-100m/heat/transformer.h.5.mlp.c_proj.npy
1327232	2026-05-28T10:32:36.0000000000	./ai/fullgrid/gpt2-medium-fullgrid-100m/heat/transformer.h.6.mlp.c_proj.npy
1327232	2026-05-28T10:32:36.0000000000	./ai/fullgrid/gpt2-medium-fullgrid-100m/heat/transformer.h.7.attn.c_proj.npy
1327232	2026-05-28T10:32:36.0000000000	./ai/fullgrid/gpt2-medium-fullgrid-100m/heat/transformer.h.8.mlp.c_proj.npy
1327232	2026-05-28T10:32:37.0000000000	./ai/fullgrid/gpt2-medium-fullgrid-100m/heat/transformer.h.0.mlp.c_proj.npy
1327232	2026-05-28T10:32:37.0000000000	./ai/fullgrid/gpt2-medium-fullgrid-100m/heat/transformer.h.1.ln_1.npy
1327232	2026-05-28T10:32:37.0000000000	./ai/fullgrid/gpt2-medium-fullgrid-100m/heat/transformer.h.1.ln_2.npy
1327232	2026-05-28T10:32:37.0000000000	./ai/fullgrid/gpt2-medium-fullgrid-100m/heat/transformer.h.10.attn.c_proj.npy
1327232	2026-05-28T10:32:37.0000000000	./ai/fullgrid/gpt2-medium-fullgrid-100m/heat/transformer.h.10.ln_2.npy
1327232	2026-05-28T10:32:37.0000000000	./ai/fullgrid/gpt2-medium-fullgrid-100m/heat/transformer.h.2.ln_1.npy
1327232	2026-05-28T10:32:37.0000000000	./ai/fullgrid/gpt2-medium-fullgrid-100m/heat/transformer.h.2.ln_2.npy
1327232	2026-05-28T10:32:37.0000000000	./ai/fullgrid/gpt2-medium-fullgrid-100m/heat/transformer.h.2.mlp.c_proj.npy
1327232	2026-05-28T10:32:37.0000000000	./ai/fullgrid/gpt2-medium-fullgrid-100m/heat/transformer.h.3.ln_1.npy
1327232	2026-05-28T10:32:37.0000000000	./ai/fullgrid/gpt2-medium-fullgrid-100m/heat/transformer.h.9.attn.c_proj.npy
1327232	2026-05-28T10:32:37.0000000000	./ai/fullgrid/gpt2-medium-fullgrid-100m/heat/transformer.h.9.mlp.c_proj.npy
1327232	2026-05-28T10:32:38.0000000000	./ai/fullgrid/gpt2-medium-fullgrid-100m/heat/transformer.h.10.mlp.c_proj.npy
1327232	2026-05-28T10:32:38.0000000000	./ai/fullgrid/gpt2-medium-fullgrid-100m/heat/transformer.h.11.ln_1.npy
1327232	2026-05-28T10:32:38.0000000000	./ai/fullgrid/gpt2-medium-fullgrid-100m/heat/transformer.h.11.ln_2.npy
1327232	2026-05-28T10:32:38.0000000000	./ai/fullgrid/gpt2-medium-fullgrid-100m/heat/transformer.h.5.attn.c_proj.npy
1327232	2026-05-28T10:32:38.0000000000	./ai/fullgrid/gpt2-medium-fullgrid-100m/heat/transformer.h.6.attn.c_proj.npy
1327232	2026-05-28T10:32:38.0000000000	./ai/fullgrid/gpt2-medium-fullgrid-100m/heat/transformer.h.7.mlp.c_proj.npy
1327232	2026-05-28T10:32:38.0000000000	./ai/fullgrid/gpt2-medium-fullgrid-100m/heat/transformer.h.8.attn.c_proj.npy
1327232	2026-05-28T10:32:39.0000000000	./ai/fullgrid/gpt2-medium-fullgrid-100m/heat/transformer.h.11.attn.c_proj.npy
1327232	2026-05-28T10:32:39.0000000000	./ai/fullgrid/gpt2-medium-fullgrid-100m/heat/transformer.h.4.attn.c_proj.npy
1327232	2026-05-28T10:32:39.0000000000	./ai/fullgrid/gpt2-medium-fullgrid-100m/heat/transformer.h.9.ln_2.npy
1327232	2026-05-28T10:32:40.0000000000	./ai/fullgrid/gpt2-medium-fullgrid-100m/heat/transformer.h.3.ln_2.npy
1327232	2026-05-28T10:32:41.0000000000	./ai/fullgrid/gpt2-medium-fullgrid-100m/heat/transformer.h.0.ln_1.npy
1327232	2026-05-28T10:32:41.0000000000	./ai/fullgrid/gpt2-medium-fullgrid-100m/heat/transformer.h.4.mlp.c_proj.npy
1327232	2026-05-28T10:32:42.0000000000	./ai/fullgrid/gpt2-medium-fullgrid-100m/heat/transformer.h.1.mlp.c_proj.npy
1327232	2026-05-28T10:32:42.0000000000	./ai/fullgrid/gpt2-medium-fullgrid-100m/heat/transformer.h.11.mlp.c_proj.npy
1327232	2026-05-28T10:32:42.0000000000	./ai/fullgrid/gpt2-medium-fullgrid-100m/heat/transformer.h.12.attn.c_proj.npy
1327232	2026-05-28T10:32:42.0000000000	./ai/fullgrid/gpt2-medium-fullgrid-100m/heat/transformer.h.13.attn.c_proj.npy
1327232	2026-05-28T10:32:42.0000000000	./ai/fullgrid/gpt2-medium-fullgrid-100m/heat/transformer.h.13.mlp.c_proj.npy
1327232	2026-05-28T10:32:42.0000000000	./ai/fullgrid/gpt2-medium-fullgrid-100m/heat/transformer.h.14.attn.c_proj.npy
1327232	2026-05-28T10:32:42.0000000000	./ai/fullgrid/gpt2-medium-fullgrid-100m/heat/transformer.h.14.mlp.c_proj.npy
1327232	2026-05-28T10:32:42.0000000000	./ai/fullgrid/gpt2-medium-fullgrid-100m/heat/transformer.h.15.attn.c_proj.npy
1327232	2026-05-28T10:32:42.0000000000	./ai/fullgrid/gpt2-medium-fullgrid-100m/heat/transformer.h.15.mlp.c_proj.npy
1327232	2026-05-28T10:32:42.0000000000	./ai/fullgrid/gpt2-medium-fullgrid-100m/heat/transformer.h.17.attn.c_proj.npy
1327232	2026-05-28T10:32:42.0000000000	./ai/fullgrid/gpt2-medium-fullgrid-100m/heat/transformer.h.17.mlp.c_proj.npy
1327232	2026-05-28T10:32:42.0000000000	./ai/fullgrid/gpt2-medium-fullgrid-100m/heat/transformer.h.18.attn.c_proj.npy
1327232	2026-05-28T10:32:42.0000000000	./ai/fullgrid/gpt2-medium-fullgrid-100m/heat/transformer.h.19.attn.c_proj.npy
1327232	2026-05-28T10:32:42.0000000000	./ai/fullgrid/gpt2-medium-fullgrid-100m/heat/transformer.h.19.mlp.c_proj.npy
1327232	2026-05-28T10:32:42.0000000000	./ai/fullgrid/gpt2-medium-fullgrid-100m/heat/transformer.h.20.attn.c_proj.npy
1327232	2026-05-28T10:32:42.0000000000	./ai/fullgrid/gpt2-medium-fullgrid-100m/heat/transformer.h.20.ln_1.npy
1327232	2026-05-28T10:32:42.0000000000	./ai/fullgrid/gpt2-medium-fullgrid-100m/heat/transformer.h.20.ln_2.npy
1327232	2026-05-28T10:32:42.0000000000	./ai/fullgrid/gpt2-medium-fullgrid-100m/heat/transformer.h.20.mlp.c_proj.npy
1327232	2026-05-28T10:32:42.0000000000	./ai/fullgrid/gpt2-medium-fullgrid-100m/heat/transformer.h.21.attn.c_proj.npy
1327232	2026-05-28T10:32:42.0000000000	./ai/fullgrid/gpt2-medium-fullgrid-100m/heat/transformer.h.21.ln_1.npy
1327232	2026-05-28T10:32:42.0000000000	./ai/fullgrid/gpt2-medium-fullgrid-100m/heat/transformer.h.21.ln_2.npy
1327232	2026-05-28T10:32:42.0000000000	./ai/fullgrid/gpt2-medium-fullgrid-100m/heat/transformer.h.21.mlp.c_proj.npy
1327232	2026-05-28T10:32:42.0000000000	./ai/fullgrid/gpt2-medium-fullgrid-100m/heat/transformer.h.22.attn.c_proj.npy
1327232	2026-05-28T10:32:42.0000000000	./ai/fullgrid/gpt2-medium-fullgrid-100m/heat/transformer.h.22.ln_1.npy
1327232	2026-05-28T10:32:42.0000000000	./ai/fullgrid/gpt2-medium-fullgrid-100m/heat/transformer.h.22.ln_2.npy
1327232	2026-05-28T10:32:42.0000000000	./ai/fullgrid/gpt2-medium-fullgrid-100m/heat/transformer.h.22.mlp.c_proj.npy
1327232	2026-05-28T10:32:42.0000000000	./ai/fullgrid/gpt2-medium-fullgrid-100m/heat/transformer.h.23.attn.c_proj.npy
1327232	2026-05-28T10:32:42.0000000000	./ai/fullgrid/gpt2-medium-fullgrid-100m/heat/transformer.h.23.ln_1.npy
1327232	2026-05-28T10:32:42.0000000000	./ai/fullgrid/gpt2-medium-fullgrid-100m/heat/transformer.h.23.ln_2.npy
1327232	2026-05-28T10:32:42.0000000000	./ai/fullgrid/gpt2-medium-fullgrid-100m/heat/transformer.h.23.mlp.c_proj.npy
1327232	2026-05-28T10:32:42.0000000000	./ai/fullgrid/gpt2-medium-fullgrid-100m/heat/transformer.ln_f.npy
1327232	2026-05-28T10:32:43.0000000000	./ai/fullgrid/gpt2-medium-fullgrid-100m/heat/transformer.h.16.mlp.c_proj.npy
1327232	2026-05-28T10:32:43.0000000000	./ai/fullgrid/gpt2-medium-fullgrid-100m/heat/transformer.h.18.mlp.c_proj.npy
1327232	2026-05-28T10:32:44.0000000000	./ai/fullgrid/gpt2-medium-fullgrid-100m/heat/transformer.h.12.mlp.c_proj.npy
1327232	2026-05-28T10:32:46.0000000000	./ai/fullgrid/gpt2-medium-fullgrid-100m/heat/transformer.h.12.ln_1.npy
1327232	2026-05-28T10:32:46.0000000000	./ai/fullgrid/gpt2-medium-fullgrid-100m/heat/transformer.h.12.ln_2.npy
1327232	2026-05-28T10:32:46.0000000000	./ai/fullgrid/gpt2-medium-fullgrid-100m/heat/transformer.h.13.ln_1.npy
1327232	2026-05-28T10:32:46.0000000000	./ai/fullgrid/gpt2-medium-fullgrid-100m/heat/transformer.h.13.ln_2.npy
1327232	2026-05-28T10:32:46.0000000000	./ai/fullgrid/gpt2-medium-fullgrid-100m/heat/transformer.h.14.ln_1.npy
1327232	2026-05-28T10:32:46.0000000000	./ai/fullgrid/gpt2-medium-fullgrid-100m/heat/transformer.h.14.ln_2.npy
1327232	2026-05-28T10:32:46.0000000000	./ai/fullgrid/gpt2-medium-fullgrid-100m/heat/transformer.h.15.ln_1.npy
1327232	2026-05-28T10:32:46.0000000000	./ai/fullgrid/gpt2-medium-fullgrid-100m/heat/transformer.h.15.ln_2.npy
1327232	2026-05-28T10:32:46.0000000000	./ai/fullgrid/gpt2-medium-fullgrid-100m/heat/transformer.h.16.ln_1.npy
1327232	2026-05-28T10:32:46.0000000000	./ai/fullgrid/gpt2-medium-fullgrid-100m/heat/transformer.h.16.ln_2.npy
1327232	2026-05-28T10:32:46.0000000000	./ai/fullgrid/gpt2-medium-fullgrid-100m/heat/transformer.h.17.ln_1.npy
1327232	2026-05-28T10:32:46.0000000000	./ai/fullgrid/gpt2-medium-fullgrid-100m/heat/transformer.h.17.ln_2.npy
1327232	2026-05-28T10:32:46.0000000000	./ai/fullgrid/gpt2-medium-fullgrid-100m/heat/transformer.h.18.ln_1.npy
1327232	2026-05-28T10:32:46.0000000000	./ai/fullgrid/gpt2-medium-fullgrid-100m/heat/transformer.h.4.ln_1.npy
1327232	2026-05-28T10:32:46.0000000000	./ai/fullgrid/gpt2-medium-fullgrid-100m/heat/transformer.h.4.ln_2.npy
1327232	2026-05-28T10:32:46.0000000000	./ai/fullgrid/gpt2-medium-fullgrid-100m/heat/transformer.h.5.ln_1.npy
1327232	2026-05-28T10:32:46.0000000000	./ai/fullgrid/gpt2-medium-fullgrid-100m/heat/transformer.h.9.ln_1.npy
1327232	2026-05-28T10:32:47.0000000000	./ai/fullgrid/gpt2-medium-fullgrid-100m/heat/transformer.h.10.ln_1.npy
1327232	2026-05-28T10:32:47.0000000000	./ai/fullgrid/gpt2-medium-fullgrid-100m/heat/transformer.h.16.attn.c_proj.npy
1327232	2026-05-28T10:32:47.0000000000	./ai/fullgrid/gpt2-medium-fullgrid-100m/heat/transformer.h.5.ln_2.npy
1327232	2026-05-28T10:32:47.0000000000	./ai/fullgrid/gpt2-medium-fullgrid-100m/heat/transformer.h.6.ln_1.npy
1327232	2026-05-28T10:32:47.0000000000	./ai/fullgrid/gpt2-medium-fullgrid-100m/heat/transformer.h.6.ln_2.npy
1327232	2026-05-28T10:32:47.0000000000	./ai/fullgrid/gpt2-medium-fullgrid-100m/heat/transformer.h.7.ln_1.npy
1327232	2026-05-28T10:32:47.0000000000	./ai/fullgrid/gpt2-medium-fullgrid-100m/heat/transformer.h.7.ln_2.npy
1327232	2026-05-28T10:32:47.0000000000	./ai/fullgrid/gpt2-medium-fullgrid-100m/heat/transformer.h.8.ln_1.npy
1327232	2026-05-28T10:32:47.0000000000	./ai/fullgrid/gpt2-medium-fullgrid-100m/heat/transformer.h.8.ln_2.npy
1327232	2026-05-28T10:32:48.0000000000	./ai/fullgrid/gpt2-medium-fullgrid-100m/heat/transformer.h.0.ln_2.npy
1327232	2026-05-28T10:32:49.0000000000	./ai/fullgrid/gpt2-medium-fullgrid-100m/heat/transformer.h.1.attn.c_proj.npy
1327232	2026-05-28T10:32:49.0000000000	./ai/fullgrid/gpt2-medium-fullgrid-100m/heat/transformer.h.18.ln_2.npy
1327232	2026-05-28T10:32:49.0000000000	./ai/fullgrid/gpt2-medium-fullgrid-100m/heat/transformer.h.19.ln_1.npy
1327232	2026-05-28T10:32:49.0000000000	./ai/fullgrid/gpt2-medium-fullgrid-100m/heat/transformer.h.19.ln_2.npy
1327232	2026-05-28T11:02:39.0000000000	./ai/fullgrid/gpt2-medium-fullgrid-100m-p180/heat/transformer.h.0.attn.c_proj.npy
1327232	2026-05-28T11:02:39.0000000000	./ai/fullgrid/gpt2-medium-fullgrid-100m-p180/heat/transformer.h.0.mlp.c_proj.npy
1327232	2026-05-28T11:02:39.0000000000	./ai/fullgrid/gpt2-medium-fullgrid-100m-p180/heat/transformer.h.1.attn.c_proj.npy
1327232	2026-05-28T11:02:39.0000000000	./ai/fullgrid/gpt2-medium-fullgrid-100m-p180/heat/transformer.h.1.ln_1.npy
1327232	2026-05-28T11:02:39.0000000000	./ai/fullgrid/gpt2-medium-fullgrid-100m-p180/heat/transformer.h.2.attn.c_proj.npy
1327232	2026-05-28T11:02:39.0000000000	./ai/fullgrid/gpt2-medium-fullgrid-100m-p180/heat/transformer.h.2.mlp.c_proj.npy
1327232	2026-05-28T11:02:39.0000000000	./ai/fullgrid/gpt2-medium-fullgrid-100m-p180/heat/transformer.h.3.attn.c_proj.npy
1327232	2026-05-28T11:02:39.0000000000	./ai/fullgrid/gpt2-medium-fullgrid-100m-p180/heat/transformer.h.3.mlp.c_proj.npy
1327232	2026-05-28T11:02:39.0000000000	./ai/fullgrid/gpt2-medium-fullgrid-100m-p180/heat/transformer.h.4.mlp.c_proj.npy
1327232	2026-05-28T11:02:39.0000000000	./ai/fullgrid/gpt2-medium-fullgrid-100m-p180/heat/transformer.h.5.attn.c_proj.npy
1327232	2026-05-28T11:02:39.0000000000	./ai/fullgrid/gpt2-medium-fullgrid-100m-p180/heat/transformer.h.6.attn.c_proj.npy
1327232	2026-05-28T11:02:40.0000000000	./ai/fullgrid/gpt2-medium-fullgrid-100m-p180/heat/transformer.h.4.attn.c_proj.npy
1327232	2026-05-28T11:02:40.0000000000	./ai/fullgrid/gpt2-medium-fullgrid-100m-p180/heat/transformer.h.5.ln_2.npy
1327232	2026-05-28T11:02:40.0000000000	./ai/fullgrid/gpt2-medium-fullgrid-100m-p180/heat/transformer.h.6.ln_1.npy
1327232	2026-05-28T11:02:40.0000000000	./ai/fullgrid/gpt2-medium-fullgrid-100m-p180/heat/transformer.h.6.ln_2.npy
1327232	2026-05-28T11:02:41.0000000000	./ai/fullgrid/gpt2-medium-fullgrid-100m-p180/heat/transformer.h.0.ln_1.npy
1327232	2026-05-28T11:02:41.0000000000	./ai/fullgrid/gpt2-medium-fullgrid-100m-p180/heat/transformer.h.1.mlp.c_proj.npy
1327232	2026-05-28T11:02:41.0000000000	./ai/fullgrid/gpt2-medium-fullgrid-100m-p180/heat/transformer.h.2.ln_1.npy
1327232	2026-05-28T11:02:41.0000000000	./ai/fullgrid/gpt2-medium-fullgrid-100m-p180/heat/transformer.h.2.ln_2.npy
1327232	2026-05-28T11:02:41.0000000000	./ai/fullgrid/gpt2-medium-fullgrid-100m-p180/heat/transformer.h.5.ln_1.npy
1327232	2026-05-28T11:02:41.0000000000	./ai/fullgrid/gpt2-medium-fullgrid-100m-p180/heat/transformer.h.5.mlp.c_proj.npy
1327232	2026-05-28T11:02:42.0000000000	./ai/fullgrid/gpt2-medium-fullgrid-100m-p180/heat/transformer.h.1.ln_2.npy
1327232	2026-05-28T11:02:42.0000000000	./ai/fullgrid/gpt2-medium-fullgrid-100m-p180/heat/transformer.h.3.ln_1.npy
1327232	2026-05-28T11:02:42.0000000000	./ai/fullgrid/gpt2-medium-fullgrid-100m-p180/heat/transformer.h.3.ln_2.npy
1327232	2026-05-28T11:02:42.0000000000	./ai/fullgrid/gpt2-medium-fullgrid-100m-p180/heat/transformer.h.4.ln_1.npy
1327232	2026-05-28T11:02:42.0000000000	./ai/fullgrid/gpt2-medium-fullgrid-100m-p180/heat/transformer.h.4.ln_2.npy
1327232	2026-05-28T11:02:43.0000000000	./ai/fullgrid/gpt2-medium-fullgrid-100m-p180/heat/transformer.h.16.mlp.c_proj.npy
1327232	2026-05-28T11:02:43.0000000000	./ai/fullgrid/gpt2-medium-fullgrid-100m-p180/heat/transformer.h.17.attn.c_proj.npy
1327232	2026-05-28T11:02:44.0000000000	./ai/fullgrid/gpt2-medium-fullgrid-100m-p180/heat/transformer.h.11.attn.c_proj.npy
1327232	2026-05-28T11:02:44.0000000000	./ai/fullgrid/gpt2-medium-fullgrid-100m-p180/heat/transformer.h.11.mlp.c_proj.npy
1327232	2026-05-28T11:02:44.0000000000	./ai/fullgrid/gpt2-medium-fullgrid-100m-p180/heat/transformer.h.12.mlp.c_proj.npy
1327232	2026-05-28T11:02:44.0000000000	./ai/fullgrid/gpt2-medium-fullgrid-100m-p180/heat/transformer.h.17.mlp.c_proj.npy
1327232	2026-05-28T11:02:44.0000000000	./ai/fullgrid/gpt2-medium-fullgrid-100m-p180/heat/transformer.h.18.mlp.c_proj.npy
1327232	2026-05-28T11:02:44.0000000000	./ai/fullgrid/gpt2-medium-fullgrid-100m-p180/heat/transformer.h.19.attn.c_proj.npy
1327232	2026-05-28T11:02:44.0000000000	./ai/fullgrid/gpt2-medium-fullgrid-100m-p180/heat/transformer.h.20.mlp.c_proj.npy
1327232	2026-05-28T11:02:44.0000000000	./ai/fullgrid/gpt2-medium-fullgrid-100m-p180/heat/transformer.h.21.mlp.c_proj.npy
1327232	2026-05-28T11:02:44.0000000000	./ai/fullgrid/gpt2-medium-fullgrid-100m-p180/heat/transformer.h.22.attn.c_proj.npy
1327232	2026-05-28T11:02:44.0000000000	./ai/fullgrid/gpt2-medium-fullgrid-100m-p180/heat/transformer.h.22.mlp.c_proj.npy
1327232	2026-05-28T11:02:44.0000000000	./ai/fullgrid/gpt2-medium-fullgrid-100m-p180/heat/transformer.h.23.attn.c_proj.npy
1327232	2026-05-28T11:02:44.0000000000	./ai/fullgrid/gpt2-medium-fullgrid-100m-p180/heat/transformer.h.23.mlp.c_proj.npy
1327232	2026-05-28T11:02:44.0000000000	./ai/fullgrid/gpt2-medium-fullgrid-100m-p180/heat/transformer.h.7.attn.c_proj.npy
1327232	2026-05-28T11:02:44.0000000000	./ai/fullgrid/gpt2-medium-fullgrid-100m-p180/heat/transformer.h.9.attn.c_proj.npy
1327232	2026-05-28T11:02:44.0000000000	./ai/fullgrid/gpt2-medium-fullgrid-100m-p180/heat/transformer.h.9.mlp.c_proj.npy
1327232	2026-05-28T11:02:45.0000000000	./ai/fullgrid/gpt2-medium-fullgrid-100m-p180/heat/transformer.h.0.ln_2.npy
1327232	2026-05-28T11:02:45.0000000000	./ai/fullgrid/gpt2-medium-fullgrid-100m-p180/heat/transformer.h.10.ln_2.npy
1327232	2026-05-28T11:02:45.0000000000	./ai/fullgrid/gpt2-medium-fullgrid-100m-p180/heat/transformer.h.10.mlp.c_proj.npy
1327232	2026-05-28T11:02:45.0000000000	./ai/fullgrid/gpt2-medium-fullgrid-100m-p180/heat/transformer.h.13.attn.c_proj.npy
1327232	2026-05-28T11:02:45.0000000000	./ai/fullgrid/gpt2-medium-fullgrid-100m-p180/heat/transformer.h.13.mlp.c_proj.npy
1327232	2026-05-28T11:02:45.0000000000	./ai/fullgrid/gpt2-medium-fullgrid-100m-p180/heat/transformer.h.14.mlp.c_proj.npy
1327232	2026-05-28T11:02:45.0000000000	./ai/fullgrid/gpt2-medium-fullgrid-100m-p180/heat/transformer.h.15.mlp.c_proj.npy
1327232	2026-05-28T11:02:45.0000000000	./ai/fullgrid/gpt2-medium-fullgrid-100m-p180/heat/transformer.h.16.attn.c_proj.npy
1327232	2026-05-28T11:02:45.0000000000	./ai/fullgrid/gpt2-medium-fullgrid-100m-p180/heat/transformer.h.19.mlp.c_proj.npy
1327232	2026-05-28T11:02:45.0000000000	./ai/fullgrid/gpt2-medium-fullgrid-100m-p180/heat/transformer.h.20.attn.c_proj.npy
1327232	2026-05-28T11:02:45.0000000000	./ai/fullgrid/gpt2-medium-fullgrid-100m-p180/heat/transformer.h.6.mlp.c_proj.npy
1327232	2026-05-28T11:02:45.0000000000	./ai/fullgrid/gpt2-medium-fullgrid-100m-p180/heat/transformer.h.7.ln_2.npy
1327232	2026-05-28T11:02:45.0000000000	./ai/fullgrid/gpt2-medium-fullgrid-100m-p180/heat/transformer.h.7.mlp.c_proj.npy
1327232	2026-05-28T11:02:45.0000000000	./ai/fullgrid/gpt2-medium-fullgrid-100m-p180/heat/transformer.h.8.attn.c_proj.npy
1327232	2026-05-28T11:02:45.0000000000	./ai/fullgrid/gpt2-medium-fullgrid-100m-p180/heat/transformer.h.8.ln_1.npy
1327232	2026-05-28T11:02:45.0000000000	./ai/fullgrid/gpt2-medium-fullgrid-100m-p180/heat/transformer.h.8.ln_2.npy
1327232	2026-05-28T11:02:45.0000000000	./ai/fullgrid/gpt2-medium-fullgrid-100m-p180/heat/transformer.h.9.ln_1.npy
1327232	2026-05-28T11:02:45.0000000000	./ai/fullgrid/gpt2-medium-fullgrid-100m-p180/heat/transformer.h.9.ln_2.npy
1327232	2026-05-28T11:02:46.0000000000	./ai/fullgrid/gpt2-medium-fullgrid-100m-p180/heat/transformer.h.10.attn.c_proj.npy
1327232	2026-05-28T11:02:46.0000000000	./ai/fullgrid/gpt2-medium-fullgrid-100m-p180/heat/transformer.h.10.ln_1.npy
1327232	2026-05-28T11:02:46.0000000000	./ai/fullgrid/gpt2-medium-fullgrid-100m-p180/heat/transformer.h.11.ln_1.npy
1327232	2026-05-28T11:02:46.0000000000	./ai/fullgrid/gpt2-medium-fullgrid-100m-p180/heat/transformer.h.11.ln_2.npy
1327232	2026-05-28T11:02:46.0000000000	./ai/fullgrid/gpt2-medium-fullgrid-100m-p180/heat/transformer.h.12.ln_1.npy
1327232	2026-05-28T11:02:46.0000000000	./ai/fullgrid/gpt2-medium-fullgrid-100m-p180/heat/transformer.h.12.ln_2.npy
1327232	2026-05-28T11:02:46.0000000000	./ai/fullgrid/gpt2-medium-fullgrid-100m-p180/heat/transformer.h.13.ln_1.npy
1327232	2026-05-28T11:02:46.0000000000	./ai/fullgrid/gpt2-medium-fullgrid-100m-p180/heat/transformer.h.13.ln_2.npy
1327232	2026-05-28T11:02:46.0000000000	./ai/fullgrid/gpt2-medium-fullgrid-100m-p180/heat/transformer.h.14.ln_1.npy
1327232	2026-05-28T11:02:46.0000000000	./ai/fullgrid/gpt2-medium-fullgrid-100m-p180/heat/transformer.h.14.ln_2.npy
1327232	2026-05-28T11:02:46.0000000000	./ai/fullgrid/gpt2-medium-fullgrid-100m-p180/heat/transformer.ln_f.npy
1327232	2026-05-28T11:02:47.0000000000	./ai/fullgrid/gpt2-medium-fullgrid-100m-p180/heat/transformer.h.12.attn.c_proj.npy
1327232	2026-05-28T11:02:47.0000000000	./ai/fullgrid/gpt2-medium-fullgrid-100m-p180/heat/transformer.h.14.attn.c_proj.npy
1327232	2026-05-28T11:02:47.0000000000	./ai/fullgrid/gpt2-medium-fullgrid-100m-p180/heat/transformer.h.15.ln_1.npy
1327232	2026-05-28T11:02:47.0000000000	./ai/fullgrid/gpt2-medium-fullgrid-100m-p180/heat/transformer.h.19.ln_1.npy
1327232	2026-05-28T11:02:47.0000000000	./ai/fullgrid/gpt2-medium-fullgrid-100m-p180/heat/transformer.h.19.ln_2.npy
1327232	2026-05-28T11:02:47.0000000000	./ai/fullgrid/gpt2-medium-fullgrid-100m-p180/heat/transformer.h.20.ln_1.npy
1327232	2026-05-28T11:02:47.0000000000	./ai/fullgrid/gpt2-medium-fullgrid-100m-p180/heat/transformer.h.20.ln_2.npy
1327232	2026-05-28T11:02:47.0000000000	./ai/fullgrid/gpt2-medium-fullgrid-100m-p180/heat/transformer.h.21.attn.c_proj.npy
1327232	2026-05-28T11:02:47.0000000000	./ai/fullgrid/gpt2-medium-fullgrid-100m-p180/heat/transformer.h.21.ln_2.npy
1327232	2026-05-28T11:02:47.0000000000	./ai/fullgrid/gpt2-medium-fullgrid-100m-p180/heat/transformer.h.23.ln_1.npy
1327232	2026-05-28T11:02:47.0000000000	./ai/fullgrid/gpt2-medium-fullgrid-100m-p180/heat/transformer.h.23.ln_2.npy
1327232	2026-05-28T11:02:47.0000000000	./ai/fullgrid/gpt2-medium-fullgrid-100m-p180/heat/transformer.h.8.mlp.c_proj.npy
1327232	2026-05-28T11:02:48.0000000000	./ai/fullgrid/gpt2-medium-fullgrid-100m-p180/heat/transformer.h.15.attn.c_proj.npy
1327232	2026-05-28T11:02:48.0000000000	./ai/fullgrid/gpt2-medium-fullgrid-100m-p180/heat/transformer.h.15.ln_2.npy
1327232	2026-05-28T11:02:48.0000000000	./ai/fullgrid/gpt2-medium-fullgrid-100m-p180/heat/transformer.h.16.ln_1.npy
1327232	2026-05-28T11:02:48.0000000000	./ai/fullgrid/gpt2-medium-fullgrid-100m-p180/heat/transformer.h.16.ln_2.npy
1327232	2026-05-28T11:02:48.0000000000	./ai/fullgrid/gpt2-medium-fullgrid-100m-p180/heat/transformer.h.17.ln_1.npy
1327232	2026-05-28T11:02:48.0000000000	./ai/fullgrid/gpt2-medium-fullgrid-100m-p180/heat/transformer.h.17.ln_2.npy
1327232	2026-05-28T11:02:48.0000000000	./ai/fullgrid/gpt2-medium-fullgrid-100m-p180/heat/transformer.h.18.attn.c_proj.npy
1327232	2026-05-28T11:02:48.0000000000	./ai/fullgrid/gpt2-medium-fullgrid-100m-p180/heat/transformer.h.18.ln_1.npy
1327232	2026-05-28T11:02:48.0000000000	./ai/fullgrid/gpt2-medium-fullgrid-100m-p180/heat/transformer.h.18.ln_2.npy
1327232	2026-05-28T11:02:48.0000000000	./ai/fullgrid/gpt2-medium-fullgrid-100m-p180/heat/transformer.h.21.ln_1.npy
1327232	2026-05-28T11:02:48.0000000000	./ai/fullgrid/gpt2-medium-fullgrid-100m-p180/heat/transformer.h.22.ln_1.npy
1327232	2026-05-28T11:02:48.0000000000	./ai/fullgrid/gpt2-medium-fullgrid-100m-p180/heat/transformer.h.22.ln_2.npy
1327232	2026-05-28T11:02:50.0000000000	./ai/fullgrid/gpt2-medium-fullgrid-100m-p180/heat/transformer.h.7.ln_1.npy
1327232	2026-05-28T11:03:26.0000000000	./ai/fullgrid/gpt2-medium-fullgrid-100m-p720/heat/transformer.h.0.attn.c_proj.npy
1327232	2026-05-28T11:03:26.0000000000	./ai/fullgrid/gpt2-medium-fullgrid-100m-p720/heat/transformer.h.0.ln_1.npy
1327232	2026-05-28T11:03:26.0000000000	./ai/fullgrid/gpt2-medium-fullgrid-100m-p720/heat/transformer.h.0.ln_2.npy
1327232	2026-05-28T11:03:26.0000000000	./ai/fullgrid/gpt2-medium-fullgrid-100m-p720/heat/transformer.h.0.mlp.c_proj.npy
1327232	2026-05-28T11:03:26.0000000000	./ai/fullgrid/gpt2-medium-fullgrid-100m-p720/heat/transformer.h.1.attn.c_proj.npy
1327232	2026-05-28T11:03:26.0000000000	./ai/fullgrid/gpt2-medium-fullgrid-100m-p720/heat/transformer.h.1.ln_1.npy
1327232	2026-05-28T11:03:26.0000000000	./ai/fullgrid/gpt2-medium-fullgrid-100m-p720/heat/transformer.h.1.ln_2.npy
1327232	2026-05-28T11:03:26.0000000000	./ai/fullgrid/gpt2-medium-fullgrid-100m-p720/heat/transformer.h.1.mlp.c_proj.npy
1327232	2026-05-28T11:03:26.0000000000	./ai/fullgrid/gpt2-medium-fullgrid-100m-p720/heat/transformer.h.10.attn.c_proj.npy
1327232	2026-05-28T11:03:26.0000000000	./ai/fullgrid/gpt2-medium-fullgrid-100m-p720/heat/transformer.h.10.ln_1.npy
1327232	2026-05-28T11:03:26.0000000000	./ai/fullgrid/gpt2-medium-fullgrid-100m-p720/heat/transformer.h.10.ln_2.npy
1327232	2026-05-28T11:03:26.0000000000	./ai/fullgrid/gpt2-medium-fullgrid-100m-p720/heat/transformer.h.10.mlp.c_proj.npy
1327232	2026-05-28T11:03:26.0000000000	./ai/fullgrid/gpt2-medium-fullgrid-100m-p720/heat/transformer.h.11.attn.c_proj.npy
1327232	2026-05-28T11:03:26.0000000000	./ai/fullgrid/gpt2-medium-fullgrid-100m-p720/heat/transformer.h.11.ln_1.npy
1327232	2026-05-28T11:03:26.0000000000	./ai/fullgrid/gpt2-medium-fullgrid-100m-p720/heat/transformer.h.11.ln_2.npy
1327232	2026-05-28T11:03:26.0000000000	./ai/fullgrid/gpt2-medium-fullgrid-100m-p720/heat/transformer.h.11.mlp.c_proj.npy
1327232	2026-05-28T11:03:26.0000000000	./ai/fullgrid/gpt2-medium-fullgrid-100m-p720/heat/transformer.h.12.attn.c_proj.npy
1327232	2026-05-28T11:03:26.0000000000	./ai/fullgrid/gpt2-medium-fullgrid-100m-p720/heat/transformer.h.12.ln_1.npy
1327232	2026-05-28T11:03:26.0000000000	./ai/fullgrid/gpt2-medium-fullgrid-100m-p720/heat/transformer.h.12.ln_2.npy
1327232	2026-05-28T11:03:26.0000000000	./ai/fullgrid/gpt2-medium-fullgrid-100m-p720/heat/transformer.h.12.mlp.c_proj.npy
1327232	2026-05-28T11:03:26.0000000000	./ai/fullgrid/gpt2-medium-fullgrid-100m-p720/heat/transformer.h.13.attn.c_proj.npy
1327232	2026-05-28T11:03:26.0000000000	./ai/fullgrid/gpt2-medium-fullgrid-100m-p720/heat/transformer.h.13.ln_1.npy
1327232	2026-05-28T11:03:26.0000000000	./ai/fullgrid/gpt2-medium-fullgrid-100m-p720/heat/transformer.h.13.ln_2.npy
1327232	2026-05-28T11:03:26.0000000000	./ai/fullgrid/gpt2-medium-fullgrid-100m-p720/heat/transformer.h.13.mlp.c_proj.npy
1327232	2026-05-28T11:03:26.0000000000	./ai/fullgrid/gpt2-medium-fullgrid-100m-p720/heat/transformer.h.14.attn.c_proj.npy
1327232	2026-05-28T11:03:26.0000000000	./ai/fullgrid/gpt2-medium-fullgrid-100m-p720/heat/transformer.h.14.ln_1.npy
1327232	2026-05-28T11:03:26.0000000000	./ai/fullgrid/gpt2-medium-fullgrid-100m-p720/heat/transformer.h.14.ln_2.npy
1327232	2026-05-28T11:03:26.0000000000	./ai/fullgrid/gpt2-medium-fullgrid-100m-p720/heat/transformer.h.14.mlp.c_proj.npy
1327232	2026-05-28T11:03:26.0000000000	./ai/fullgrid/gpt2-medium-fullgrid-100m-p720/heat/transformer.h.15.attn.c_proj.npy
1327232	2026-05-28T11:03:26.0000000000	./ai/fullgrid/gpt2-medium-fullgrid-100m-p720/heat/transformer.h.15.ln_1.npy
1327232	2026-05-28T11:03:26.0000000000	./ai/fullgrid/gpt2-medium-fullgrid-100m-p720/heat/transformer.h.15.ln_2.npy
1327232	2026-05-28T11:03:26.0000000000	./ai/fullgrid/gpt2-medium-fullgrid-100m-p720/heat/transformer.h.15.mlp.c_proj.npy
1327232	2026-05-28T11:03:26.0000000000	./ai/fullgrid/gpt2-medium-fullgrid-100m-p720/heat/transformer.h.16.attn.c_proj.npy
1327232	2026-05-28T11:03:26.0000000000	./ai/fullgrid/gpt2-medium-fullgrid-100m-p720/heat/transformer.h.16.ln_1.npy
1327232	2026-05-28T11:03:26.0000000000	./ai/fullgrid/gpt2-medium-fullgrid-100m-p720/heat/transformer.h.16.ln_2.npy
1327232	2026-05-28T11:03:26.0000000000	./ai/fullgrid/gpt2-medium-fullgrid-100m-p720/heat/transformer.h.16.mlp.c_proj.npy
1327232	2026-05-28T11:03:26.0000000000	./ai/fullgrid/gpt2-medium-fullgrid-100m-p720/heat/transformer.h.17.attn.c_proj.npy
1327232	2026-05-28T11:03:26.0000000000	./ai/fullgrid/gpt2-medium-fullgrid-100m-p720/heat/transformer.h.17.ln_1.npy
1327232	2026-05-28T11:03:26.0000000000	./ai/fullgrid/gpt2-medium-fullgrid-100m-p720/heat/transformer.h.17.ln_2.npy
1327232	2026-05-28T11:03:26.0000000000	./ai/fullgrid/gpt2-medium-fullgrid-100m-p720/heat/transformer.h.17.mlp.c_proj.npy
1327232	2026-05-28T11:03:26.0000000000	./ai/fullgrid/gpt2-medium-fullgrid-100m-p720/heat/transformer.h.18.attn.c_proj.npy
1327232	2026-05-28T11:03:26.0000000000	./ai/fullgrid/gpt2-medium-fullgrid-100m-p720/heat/transformer.h.18.ln_1.npy
1327232	2026-05-28T11:03:26.0000000000	./ai/fullgrid/gpt2-medium-fullgrid-100m-p720/heat/transformer.h.18.ln_2.npy
1327232	2026-05-28T11:03:26.0000000000	./ai/fullgrid/gpt2-medium-fullgrid-100m-p720/heat/transformer.h.18.mlp.c_proj.npy
1327232	2026-05-28T11:03:26.0000000000	./ai/fullgrid/gpt2-medium-fullgrid-100m-p720/heat/transformer.h.19.attn.c_proj.npy
1327232	2026-05-28T11:03:26.0000000000	./ai/fullgrid/gpt2-medium-fullgrid-100m-p720/heat/transformer.h.19.ln_1.npy
1327232	2026-05-28T11:03:26.0000000000	./ai/fullgrid/gpt2-medium-fullgrid-100m-p720/heat/transformer.h.19.ln_2.npy
1327232	2026-05-28T11:03:26.0000000000	./ai/fullgrid/gpt2-medium-fullgrid-100m-p720/heat/transformer.h.19.mlp.c_proj.npy
1327232	2026-05-28T11:03:26.0000000000	./ai/fullgrid/gpt2-medium-fullgrid-100m-p720/heat/transformer.h.2.attn.c_proj.npy
1327232	2026-05-28T11:03:26.0000000000	./ai/fullgrid/gpt2-medium-fullgrid-100m-p720/heat/transformer.h.2.ln_1.npy
1327232	2026-05-28T11:03:26.0000000000	./ai/fullgrid/gpt2-medium-fullgrid-100m-p720/heat/transformer.h.2.ln_2.npy
1327232	2026-05-28T11:03:26.0000000000	./ai/fullgrid/gpt2-medium-fullgrid-100m-p720/heat/transformer.h.2.mlp.c_proj.npy
1327232	2026-05-28T11:03:26.0000000000	./ai/fullgrid/gpt2-medium-fullgrid-100m-p720/heat/transformer.h.20.attn.c_proj.npy
1327232	2026-05-28T11:03:26.0000000000	./ai/fullgrid/gpt2-medium-fullgrid-100m-p720/heat/transformer.h.20.ln_1.npy
1327232	2026-05-28T11:03:26.0000000000	./ai/fullgrid/gpt2-medium-fullgrid-100m-p720/heat/transformer.h.20.ln_2.npy
1327232	2026-05-28T11:03:26.0000000000	./ai/fullgrid/gpt2-medium-fullgrid-100m-p720/heat/transformer.h.20.mlp.c_proj.npy
1327232	2026-05-28T11:03:26.0000000000	./ai/fullgrid/gpt2-medium-fullgrid-100m-p720/heat/transformer.h.21.attn.c_proj.npy
1327232	2026-05-28T11:03:26.0000000000	./ai/fullgrid/gpt2-medium-fullgrid-100m-p720/heat/transformer.h.21.ln_1.npy
1327232	2026-05-28T11:03:26.0000000000	./ai/fullgrid/gpt2-medium-fullgrid-100m-p720/heat/transformer.h.21.ln_2.npy
1327232	2026-05-28T11:03:26.0000000000	./ai/fullgrid/gpt2-medium-fullgrid-100m-p720/heat/transformer.h.21.mlp.c_proj.npy
1327232	2026-05-28T11:03:26.0000000000	./ai/fullgrid/gpt2-medium-fullgrid-100m-p720/heat/transformer.h.22.attn.c_proj.npy
1327232	2026-05-28T11:03:26.0000000000	./ai/fullgrid/gpt2-medium-fullgrid-100m-p720/heat/transformer.h.22.ln_1.npy
1327232	2026-05-28T11:03:26.0000000000	./ai/fullgrid/gpt2-medium-fullgrid-100m-p720/heat/transformer.h.22.ln_2.npy
1327232	2026-05-28T11:03:26.0000000000	./ai/fullgrid/gpt2-medium-fullgrid-100m-p720/heat/transformer.h.22.mlp.c_proj.npy
1327232	2026-05-28T11:03:26.0000000000	./ai/fullgrid/gpt2-medium-fullgrid-100m-p720/heat/transformer.h.23.attn.c_proj.npy
1327232	2026-05-28T11:03:26.0000000000	./ai/fullgrid/gpt2-medium-fullgrid-100m-p720/heat/transformer.h.23.ln_1.npy
1327232	2026-05-28T11:03:26.0000000000	./ai/fullgrid/gpt2-medium-fullgrid-100m-p720/heat/transformer.h.23.ln_2.npy
1327232	2026-05-28T11:03:26.0000000000	./ai/fullgrid/gpt2-medium-fullgrid-100m-p720/heat/transformer.h.23.mlp.c_proj.npy
1327232	2026-05-28T11:03:26.0000000000	./ai/fullgrid/gpt2-medium-fullgrid-100m-p720/heat/transformer.h.3.attn.c_proj.npy
1327232	2026-05-28T11:03:26.0000000000	./ai/fullgrid/gpt2-medium-fullgrid-100m-p720/heat/transformer.h.3.ln_1.npy
1327232	2026-05-28T11:03:26.0000000000	./ai/fullgrid/gpt2-medium-fullgrid-100m-p720/heat/transformer.h.3.ln_2.npy
1327232	2026-05-28T11:03:26.0000000000	./ai/fullgrid/gpt2-medium-fullgrid-100m-p720/heat/transformer.h.3.mlp.c_proj.npy
1327232	2026-05-28T11:03:26.0000000000	./ai/fullgrid/gpt2-medium-fullgrid-100m-p720/heat/transformer.h.4.attn.c_proj.npy
1327232	2026-05-28T11:03:26.0000000000	./ai/fullgrid/gpt2-medium-fullgrid-100m-p720/heat/transformer.h.4.ln_1.npy
1327232	2026-05-28T11:03:26.0000000000	./ai/fullgrid/gpt2-medium-fullgrid-100m-p720/heat/transformer.h.4.ln_2.npy
1327232	2026-05-28T11:03:26.0000000000	./ai/fullgrid/gpt2-medium-fullgrid-100m-p720/heat/transformer.h.4.mlp.c_proj.npy
1327232	2026-05-28T11:03:26.0000000000	./ai/fullgrid/gpt2-medium-fullgrid-100m-p720/heat/transformer.h.5.attn.c_proj.npy
1327232	2026-05-28T11:03:26.0000000000	./ai/fullgrid/gpt2-medium-fullgrid-100m-p720/heat/transformer.h.5.ln_1.npy
1327232	2026-05-28T11:03:26.0000000000	./ai/fullgrid/gpt2-medium-fullgrid-100m-p720/heat/transformer.h.5.ln_2.npy
1327232	2026-05-28T11:03:26.0000000000	./ai/fullgrid/gpt2-medium-fullgrid-100m-p720/heat/transformer.h.5.mlp.c_proj.npy
1327232	2026-05-28T11:03:26.0000000000	./ai/fullgrid/gpt2-medium-fullgrid-100m-p720/heat/transformer.h.6.attn.c_proj.npy
1327232	2026-05-28T11:03:26.0000000000	./ai/fullgrid/gpt2-medium-fullgrid-100m-p720/heat/transformer.h.6.ln_1.npy
1327232	2026-05-28T11:03:26.0000000000	./ai/fullgrid/gpt2-medium-fullgrid-100m-p720/heat/transformer.h.6.ln_2.npy
1327232	2026-05-28T11:03:26.0000000000	./ai/fullgrid/gpt2-medium-fullgrid-100m-p720/heat/transformer.h.6.mlp.c_proj.npy
1327232	2026-05-28T11:03:26.0000000000	./ai/fullgrid/gpt2-medium-fullgrid-100m-p720/heat/transformer.h.7.attn.c_proj.npy
1327232	2026-05-28T11:03:26.0000000000	./ai/fullgrid/gpt2-medium-fullgrid-100m-p720/heat/transformer.h.7.ln_1.npy
1327232	2026-05-28T11:03:26.0000000000	./ai/fullgrid/gpt2-medium-fullgrid-100m-p720/heat/transformer.h.7.ln_2.npy
1327232	2026-05-28T11:03:26.0000000000	./ai/fullgrid/gpt2-medium-fullgrid-100m-p720/heat/transformer.h.7.mlp.c_proj.npy
1327232	2026-05-28T11:03:26.0000000000	./ai/fullgrid/gpt2-medium-fullgrid-100m-p720/heat/transformer.h.8.attn.c_proj.npy
1327232	2026-05-28T11:03:26.0000000000	./ai/fullgrid/gpt2-medium-fullgrid-100m-p720/heat/transformer.h.8.ln_1.npy
1327232	2026-05-28T11:03:26.0000000000	./ai/fullgrid/gpt2-medium-fullgrid-100m-p720/heat/transformer.h.8.ln_2.npy
1327232	2026-05-28T11:03:26.0000000000	./ai/fullgrid/gpt2-medium-fullgrid-100m-p720/heat/transformer.h.8.mlp.c_proj.npy
1327232	2026-05-28T11:03:26.0000000000	./ai/fullgrid/gpt2-medium-fullgrid-100m-p720/heat/transformer.h.9.attn.c_proj.npy
1327232	2026-05-28T11:03:26.0000000000	./ai/fullgrid/gpt2-medium-fullgrid-100m-p720/heat/transformer.h.9.ln_1.npy
1327232	2026-05-28T11:03:26.0000000000	./ai/fullgrid/gpt2-medium-fullgrid-100m-p720/heat/transformer.h.9.ln_2.npy
1327232	2026-05-28T11:03:26.0000000000	./ai/fullgrid/gpt2-medium-fullgrid-100m-p720/heat/transformer.h.9.mlp.c_proj.npy
1327232	2026-05-28T11:03:26.0000000000	./ai/fullgrid/gpt2-medium-fullgrid-100m-p720/heat/transformer.ln_f.npy
1327232	2026-05-28T11:32:28.0000000000	./ai/fullgrid/gpt2-medium-fullgrid-100m-p720-fixededges/heat/transformer.h.0.ln_1.npy
1327232	2026-05-28T11:32:29.0000000000	./ai/fullgrid/gpt2-medium-fullgrid-100m-p720-fixededges/heat/transformer.h.5.ln_1.npy
1327232	2026-05-28T11:32:29.0000000000	./ai/fullgrid/gpt2-medium-fullgrid-100m-p720-fixededges/heat/transformer.h.5.ln_2.npy
1327232	2026-05-28T11:32:29.0000000000	./ai/fullgrid/gpt2-medium-fullgrid-100m-p720-fixededges/heat/transformer.h.5.mlp.c_proj.npy
1327232	2026-05-28T11:32:29.0000000000	./ai/fullgrid/gpt2-medium-fullgrid-100m-p720-fixededges/heat/transformer.h.6.attn.c_proj.npy
1327232	2026-05-28T11:32:29.0000000000	./ai/fullgrid/gpt2-medium-fullgrid-100m-p720-fixededges/heat/transformer.h.6.ln_1.npy
1327232	2026-05-28T11:32:29.0000000000	./ai/fullgrid/gpt2-medium-fullgrid-100m-p720-fixededges/heat/transformer.h.6.ln_2.npy
1327232	2026-05-28T11:32:31.0000000000	./ai/fullgrid/gpt2-medium-fullgrid-100m-p720-fixededges/heat/transformer.h.15.attn.c_proj.npy
1327232	2026-05-28T11:32:31.0000000000	./ai/fullgrid/gpt2-medium-fullgrid-100m-p720-fixededges/heat/transformer.h.15.ln_2.npy
1327232	2026-05-28T11:32:32.0000000000	./ai/fullgrid/gpt2-medium-fullgrid-100m-p720-fixededges/heat/transformer.h.19.mlp.c_proj.npy
1327232	2026-05-28T11:32:32.0000000000	./ai/fullgrid/gpt2-medium-fullgrid-100m-p720-fixededges/heat/transformer.h.20.ln_1.npy
1327232	2026-05-28T11:32:32.0000000000	./ai/fullgrid/gpt2-medium-fullgrid-100m-p720-fixededges/heat/transformer.h.20.ln_2.npy
1327232	2026-05-28T11:32:33.0000000000	./ai/fullgrid/gpt2-medium-fullgrid-100m-p720-fixededges/heat/transformer.h.23.attn.c_proj.npy
1327232	2026-05-28T11:32:33.0000000000	./ai/fullgrid/gpt2-medium-fullgrid-100m-p720-fixededges/heat/transformer.h.23.ln_1.npy
1327232	2026-05-28T11:32:33.0000000000	./ai/fullgrid/gpt2-medium-fullgrid-100m-p720-fixededges/heat/transformer.h.23.ln_2.npy
1327232	2026-05-28T11:32:34.0000000000	./ai/fullgrid/gpt2-medium-fullgrid-100m-p720-fixededges/heat/transformer.h.5.attn.c_proj.npy
1327232	2026-05-28T11:32:36.0000000000	./ai/fullgrid/gpt2-medium-fullgrid-100m-p720-fixededges/heat/transformer.h.20.attn.c_proj.npy
1327232	2026-05-28T11:32:36.0000000000	./ai/fullgrid/gpt2-medium-fullgrid-100m-p720-fixededges/heat/transformer.h.22.mlp.c_proj.npy
1327232	2026-05-28T11:32:37.0000000000	./ai/fullgrid/gpt2-medium-fullgrid-100m-p720-fixededges/heat/transformer.h.0.attn.c_proj.npy
1327232	2026-05-28T11:32:37.0000000000	./ai/fullgrid/gpt2-medium-fullgrid-100m-p720-fixededges/heat/transformer.h.0.ln_2.npy
1327232	2026-05-28T11:32:48.0000000000	./ai/fullgrid/gpt2-medium-fullgrid-100m-p720-fixededges/heat/transformer.h.16.mlp.c_proj.npy
1327232	2026-05-28T11:32:48.0000000000	./ai/fullgrid/gpt2-medium-fullgrid-100m-p720-fixededges/heat/transformer.h.17.attn.c_proj.npy
1327232	2026-05-28T11:32:48.0000000000	./ai/fullgrid/gpt2-medium-fullgrid-100m-p720-fixededges/heat/transformer.h.17.mlp.c_proj.npy
1327232	2026-05-28T11:32:48.0000000000	./ai/fullgrid/gpt2-medium-fullgrid-100m-p720-fixededges/heat/transformer.h.18.attn.c_proj.npy
1327232	2026-05-28T11:32:49.0000000000	./ai/fullgrid/gpt2-medium-fullgrid-100m-p720-fixededges/heat/transformer.h.1.ln_2.npy
1327232	2026-05-28T11:32:53.0000000000	./ai/fullgrid/gpt2-medium-fullgrid-100m-p720-fixededges/heat/transformer.h.0.mlp.c_proj.npy
1327232	2026-05-28T11:32:53.0000000000	./ai/fullgrid/gpt2-medium-fullgrid-100m-p720-fixededges/heat/transformer.h.1.attn.c_proj.npy
1327232	2026-05-28T11:32:53.0000000000	./ai/fullgrid/gpt2-medium-fullgrid-100m-p720-fixededges/heat/transformer.h.1.ln_1.npy
1327232	2026-05-28T11:32:53.0000000000	./ai/fullgrid/gpt2-medium-fullgrid-100m-p720-fixededges/heat/transformer.h.1.mlp.c_proj.npy
1327232	2026-05-28T11:32:53.0000000000	./ai/fullgrid/gpt2-medium-fullgrid-100m-p720-fixededges/heat/transformer.h.2.attn.c_proj.npy
1327232	2026-05-28T11:32:53.0000000000	./ai/fullgrid/gpt2-medium-fullgrid-100m-p720-fixededges/heat/transformer.h.2.ln_1.npy
1327232	2026-05-28T11:32:53.0000000000	./ai/fullgrid/gpt2-medium-fullgrid-100m-p720-fixededges/heat/transformer.h.2.ln_2.npy
1327232	2026-05-28T11:32:53.0000000000	./ai/fullgrid/gpt2-medium-fullgrid-100m-p720-fixededges/heat/transformer.h.2.mlp.c_proj.npy
1327232	2026-05-28T11:32:54.0000000000	./ai/fullgrid/gpt2-medium-fullgrid-100m-p720-fixededges/heat/transformer.h.3.attn.c_proj.npy
1327232	2026-05-28T11:32:54.0000000000	./ai/fullgrid/gpt2-medium-fullgrid-100m-p720-fixededges/heat/transformer.h.3.ln_1.npy
1327232	2026-05-28T11:32:54.0000000000	./ai/fullgrid/gpt2-medium-fullgrid-100m-p720-fixededges/heat/transformer.h.3.ln_2.npy
1327232	2026-05-28T11:32:54.0000000000	./ai/fullgrid/gpt2-medium-fullgrid-100m-p720-fixededges/heat/transformer.h.3.mlp.c_proj.npy
1327232	2026-05-28T11:32:54.0000000000	./ai/fullgrid/gpt2-medium-fullgrid-100m-p720-fixededges/heat/transformer.h.4.attn.c_proj.npy
1327232	2026-05-28T11:32:54.0000000000	./ai/fullgrid/gpt2-medium-fullgrid-100m-p720-fixededges/heat/transformer.h.4.ln_1.npy
1327232	2026-05-28T11:32:54.0000000000	./ai/fullgrid/gpt2-medium-fullgrid-100m-p720-fixededges/heat/transformer.h.4.ln_2.npy
1327232	2026-05-28T11:32:54.0000000000	./ai/fullgrid/gpt2-medium-fullgrid-100m-p720-fixededges/heat/transformer.h.4.mlp.c_proj.npy
1327232	2026-05-28T11:32:55.0000000000	./ai/fullgrid/gpt2-medium-fullgrid-100m-p720-fixededges/heat/transformer.h.10.attn.c_proj.npy
1327232	2026-05-28T11:32:55.0000000000	./ai/fullgrid/gpt2-medium-fullgrid-100m-p720-fixededges/heat/transformer.h.10.ln_1.npy
1327232	2026-05-28T11:32:55.0000000000	./ai/fullgrid/gpt2-medium-fullgrid-100m-p720-fixededges/heat/transformer.h.10.ln_2.npy
1327232	2026-05-28T11:32:55.0000000000	./ai/fullgrid/gpt2-medium-fullgrid-100m-p720-fixededges/heat/transformer.h.10.mlp.c_proj.npy
1327232	2026-05-28T11:32:55.0000000000	./ai/fullgrid/gpt2-medium-fullgrid-100m-p720-fixededges/heat/transformer.h.11.attn.c_proj.npy
1327232	2026-05-28T11:32:55.0000000000	./ai/fullgrid/gpt2-medium-fullgrid-100m-p720-fixededges/heat/transformer.h.11.ln_1.npy
1327232	2026-05-28T11:32:55.0000000000	./ai/fullgrid/gpt2-medium-fullgrid-100m-p720-fixededges/heat/transformer.h.11.ln_2.npy
1327232	2026-05-28T11:32:55.0000000000	./ai/fullgrid/gpt2-medium-fullgrid-100m-p720-fixededges/heat/transformer.h.11.mlp.c_proj.npy
1327232	2026-05-28T11:32:55.0000000000	./ai/fullgrid/gpt2-medium-fullgrid-100m-p720-fixededges/heat/transformer.h.12.ln_1.npy
1327232	2026-05-28T11:32:55.0000000000	./ai/fullgrid/gpt2-medium-fullgrid-100m-p720-fixededges/heat/transformer.h.8.attn.c_proj.npy
1327232	2026-05-28T11:32:55.0000000000	./ai/fullgrid/gpt2-medium-fullgrid-100m-p720-fixededges/heat/transformer.h.8.ln_2.npy
1327232	2026-05-28T11:32:55.0000000000	./ai/fullgrid/gpt2-medium-fullgrid-100m-p720-fixededges/heat/transformer.h.8.mlp.c_proj.npy
1327232	2026-05-28T11:32:55.0000000000	./ai/fullgrid/gpt2-medium-fullgrid-100m-p720-fixededges/heat/transformer.h.9.attn.c_proj.npy
1327232	2026-05-28T11:32:55.0000000000	./ai/fullgrid/gpt2-medium-fullgrid-100m-p720-fixededges/heat/transformer.h.9.ln_1.npy
1327232	2026-05-28T11:32:55.0000000000	./ai/fullgrid/gpt2-medium-fullgrid-100m-p720-fixededges/heat/transformer.h.9.ln_2.npy
1327232	2026-05-28T11:32:55.0000000000	./ai/fullgrid/gpt2-medium-fullgrid-100m-p720-fixededges/heat/transformer.h.9.mlp.c_proj.npy
1327232	2026-05-28T11:32:56.0000000000	./ai/fullgrid/gpt2-medium-fullgrid-100m-p720-fixededges/heat/transformer.h.14.attn.c_proj.npy
1327232	2026-05-28T11:32:56.0000000000	./ai/fullgrid/gpt2-medium-fullgrid-100m-p720-fixededges/heat/transformer.h.17.ln_1.npy
1327232	2026-05-28T11:32:56.0000000000	./ai/fullgrid/gpt2-medium-fullgrid-100m-p720-fixededges/heat/transformer.h.17.ln_2.npy
1327232	2026-05-28T11:32:56.0000000000	./ai/fullgrid/gpt2-medium-fullgrid-100m-p720-fixededges/heat/transformer.h.18.ln_1.npy
1327232	2026-05-28T11:32:59.0000000000	./ai/fullgrid/gpt2-medium-fullgrid-100m-p720-fixededges/heat/transformer.h.6.mlp.c_proj.npy
1327232	2026-05-28T11:32:59.0000000000	./ai/fullgrid/gpt2-medium-fullgrid-100m-p720-fixededges/heat/transformer.h.7.attn.c_proj.npy
1327232	2026-05-28T11:32:59.0000000000	./ai/fullgrid/gpt2-medium-fullgrid-100m-p720-fixededges/heat/transformer.h.7.ln_1.npy
1327232	2026-05-28T11:32:59.0000000000	./ai/fullgrid/gpt2-medium-fullgrid-100m-p720-fixededges/heat/transformer.h.7.ln_2.npy
1327232	2026-05-28T11:32:59.0000000000	./ai/fullgrid/gpt2-medium-fullgrid-100m-p720-fixededges/heat/transformer.h.7.mlp.c_proj.npy
1327232	2026-05-28T11:32:59.0000000000	./ai/fullgrid/gpt2-medium-fullgrid-100m-p720-fixededges/heat/transformer.h.8.ln_1.npy
1327232	2026-05-28T11:33:00.0000000000	./ai/fullgrid/gpt2-medium-fullgrid-100m-p720-fixededges/heat/transformer.h.12.attn.c_proj.npy
1327232	2026-05-28T11:33:00.0000000000	./ai/fullgrid/gpt2-medium-fullgrid-100m-p720-fixededges/heat/transformer.h.12.ln_2.npy
1327232	2026-05-28T11:33:00.0000000000	./ai/fullgrid/gpt2-medium-fullgrid-100m-p720-fixededges/heat/transformer.h.12.mlp.c_proj.npy
1327232	2026-05-28T11:33:00.0000000000	./ai/fullgrid/gpt2-medium-fullgrid-100m-p720-fixededges/heat/transformer.h.13.attn.c_proj.npy
1327232	2026-05-28T11:33:00.0000000000	./ai/fullgrid/gpt2-medium-fullgrid-100m-p720-fixededges/heat/transformer.h.13.ln_1.npy
1327232	2026-05-28T11:33:00.0000000000	./ai/fullgrid/gpt2-medium-fullgrid-100m-p720-fixededges/heat/transformer.h.13.ln_2.npy
1327232	2026-05-28T11:33:00.0000000000	./ai/fullgrid/gpt2-medium-fullgrid-100m-p720-fixededges/heat/transformer.h.13.mlp.c_proj.npy
1327232	2026-05-28T11:33:00.0000000000	./ai/fullgrid/gpt2-medium-fullgrid-100m-p720-fixededges/heat/transformer.h.14.ln_1.npy
1327232	2026-05-28T11:33:00.0000000000	./ai/fullgrid/gpt2-medium-fullgrid-100m-p720-fixededges/heat/transformer.h.14.ln_2.npy
1327232	2026-05-28T11:33:00.0000000000	./ai/fullgrid/gpt2-medium-fullgrid-100m-p720-fixededges/heat/transformer.h.14.mlp.c_proj.npy
1327232	2026-05-28T11:33:00.0000000000	./ai/fullgrid/gpt2-medium-fullgrid-100m-p720-fixededges/heat/transformer.h.15.ln_1.npy
1327232	2026-05-28T11:33:00.0000000000	./ai/fullgrid/gpt2-medium-fullgrid-100m-p720-fixededges/heat/transformer.h.15.mlp.c_proj.npy
1327232	2026-05-28T11:33:01.0000000000	./ai/fullgrid/gpt2-medium-fullgrid-100m-p720-fixededges/heat/transformer.h.16.attn.c_proj.npy
1327232	2026-05-28T11:33:01.0000000000	./ai/fullgrid/gpt2-medium-fullgrid-100m-p720-fixededges/heat/transformer.h.16.ln_1.npy
1327232	2026-05-28T11:33:01.0000000000	./ai/fullgrid/gpt2-medium-fullgrid-100m-p720-fixededges/heat/transformer.h.16.ln_2.npy
1327232	2026-05-28T11:33:01.0000000000	./ai/fullgrid/gpt2-medium-fullgrid-100m-p720-fixededges/heat/transformer.h.18.ln_2.npy
1327232	2026-05-28T11:33:01.0000000000	./ai/fullgrid/gpt2-medium-fullgrid-100m-p720-fixededges/heat/transformer.h.18.mlp.c_proj.npy
1327232	2026-05-28T11:33:01.0000000000	./ai/fullgrid/gpt2-medium-fullgrid-100m-p720-fixededges/heat/transformer.h.19.attn.c_proj.npy
1327232	2026-05-28T11:33:01.0000000000	./ai/fullgrid/gpt2-medium-fullgrid-100m-p720-fixededges/heat/transformer.h.19.ln_1.npy
1327232	2026-05-28T11:33:01.0000000000	./ai/fullgrid/gpt2-medium-fullgrid-100m-p720-fixededges/heat/transformer.h.19.ln_2.npy
1327232	2026-05-28T11:33:01.0000000000	./ai/fullgrid/gpt2-medium-fullgrid-100m-p720-fixededges/heat/transformer.h.20.mlp.c_proj.npy
1327232	2026-05-28T11:33:01.0000000000	./ai/fullgrid/gpt2-medium-fullgrid-100m-p720-fixededges/heat/transformer.h.21.attn.c_proj.npy
1327232	2026-05-28T11:33:01.0000000000	./ai/fullgrid/gpt2-medium-fullgrid-100m-p720-fixededges/heat/transformer.h.21.ln_1.npy
1327232	2026-05-28T11:33:01.0000000000	./ai/fullgrid/gpt2-medium-fullgrid-100m-p720-fixededges/heat/transformer.h.21.ln_2.npy
1327232	2026-05-28T11:33:01.0000000000	./ai/fullgrid/gpt2-medium-fullgrid-100m-p720-fixededges/heat/transformer.h.21.mlp.c_proj.npy
1327232	2026-05-28T11:33:01.0000000000	./ai/fullgrid/gpt2-medium-fullgrid-100m-p720-fixededges/heat/transformer.h.22.ln_1.npy
1327232	2026-05-28T11:33:02.0000000000	./ai/fullgrid/gpt2-medium-fullgrid-100m-p720-fixededges/heat/transformer.h.22.attn.c_proj.npy
1327232	2026-05-28T11:33:02.0000000000	./ai/fullgrid/gpt2-medium-fullgrid-100m-p720-fixededges/heat/transformer.h.22.ln_2.npy
1327232	2026-05-28T11:33:02.0000000000	./ai/fullgrid/gpt2-medium-fullgrid-100m-p720-fixededges/heat/transformer.h.23.mlp.c_proj.npy
1327232	2026-05-28T11:33:02.0000000000	./ai/fullgrid/gpt2-medium-fullgrid-100m-p720-fixededges/heat/transformer.ln_f.npy
1327232	2026-05-28T11:43:37.0000000000	./ai/fullgrid/gpt2-medium-fullgrid-100m-union-fixededges/heat/transformer.h.16.attn.c_proj.npy
1327232	2026-05-28T11:43:37.0000000000	./ai/fullgrid/gpt2-medium-fullgrid-100m-union-fixededges/heat/transformer.h.16.ln_2.npy
1327232	2026-05-28T11:43:38.0000000000	./ai/fullgrid/gpt2-medium-fullgrid-100m-union-fixededges/heat/transformer.h.16.mlp.c_proj.npy
1327232	2026-05-28T11:43:38.0000000000	./ai/fullgrid/gpt2-medium-fullgrid-100m-union-fixededges/heat/transformer.h.17.ln_1.npy
1327232	2026-05-28T11:43:41.0000000000	./ai/fullgrid/gpt2-medium-fullgrid-100m-union-fixededges/heat/transformer.h.10.attn.c_proj.npy
1327232	2026-05-28T11:43:41.0000000000	./ai/fullgrid/gpt2-medium-fullgrid-100m-union-fixededges/heat/transformer.h.10.ln_2.npy
1327232	2026-05-28T11:43:41.0000000000	./ai/fullgrid/gpt2-medium-fullgrid-100m-union-fixededges/heat/transformer.h.11.ln_1.npy
1327232	2026-05-28T11:43:41.0000000000	./ai/fullgrid/gpt2-medium-fullgrid-100m-union-fixededges/heat/transformer.h.11.ln_2.npy
1327232	2026-05-28T11:43:41.0000000000	./ai/fullgrid/gpt2-medium-fullgrid-100m-union-fixededges/heat/transformer.h.11.mlp.c_proj.npy
1327232	2026-05-28T11:43:41.0000000000	./ai/fullgrid/gpt2-medium-fullgrid-100m-union-fixededges/heat/transformer.h.12.attn.c_proj.npy
1327232	2026-05-28T11:43:41.0000000000	./ai/fullgrid/gpt2-medium-fullgrid-100m-union-fixededges/heat/transformer.h.12.ln_1.npy
1327232	2026-05-28T11:43:41.0000000000	./ai/fullgrid/gpt2-medium-fullgrid-100m-union-fixededges/heat/transformer.h.12.ln_2.npy
1327232	2026-05-28T11:43:44.0000000000	./ai/fullgrid/gpt2-medium-fullgrid-100m-union-fixededges/heat/transformer.h.2.mlp.c_proj.npy
1327232	2026-05-28T11:43:45.0000000000	./ai/fullgrid/gpt2-medium-fullgrid-100m-union-fixededges/heat/transformer.h.11.attn.c_proj.npy
1327232	2026-05-28T11:43:47.0000000000	./ai/fullgrid/gpt2-medium-fullgrid-100m-union-fixededges/heat/transformer.h.3.ln_1.npy
1327232	2026-05-28T11:43:47.0000000000	./ai/fullgrid/gpt2-medium-fullgrid-100m-union-fixededges/heat/transformer.h.3.ln_2.npy
1327232	2026-05-28T11:43:48.0000000000	./ai/fullgrid/gpt2-medium-fullgrid-100m-union-fixededges/heat/transformer.h.7.ln_2.npy
1327232	2026-05-28T11:43:51.0000000000	./ai/fullgrid/gpt2-medium-fullgrid-100m-union-fixededges/heat/transformer.h.0.attn.c_proj.npy
1327232	2026-05-28T11:43:51.0000000000	./ai/fullgrid/gpt2-medium-fullgrid-100m-union-fixededges/heat/transformer.h.0.ln_1.npy
1327232	2026-05-28T11:43:51.0000000000	./ai/fullgrid/gpt2-medium-fullgrid-100m-union-fixededges/heat/transformer.h.0.ln_2.npy
1327232	2026-05-28T11:43:52.0000000000	./ai/fullgrid/gpt2-medium-fullgrid-100m-union-fixededges/heat/transformer.h.5.mlp.c_proj.npy
1327232	2026-05-28T11:43:52.0000000000	./ai/fullgrid/gpt2-medium-fullgrid-100m-union-fixededges/heat/transformer.h.6.attn.c_proj.npy
1327232	2026-05-28T11:43:52.0000000000	./ai/fullgrid/gpt2-medium-fullgrid-100m-union-fixededges/heat/transformer.h.6.ln_1.npy
1327232	2026-05-28T11:43:52.0000000000	./ai/fullgrid/gpt2-medium-fullgrid-100m-union-fixededges/heat/transformer.h.6.ln_2.npy
1327232	2026-05-28T11:43:52.0000000000	./ai/fullgrid/gpt2-medium-fullgrid-100m-union-fixededges/heat/transformer.h.6.mlp.c_proj.npy
1327232	2026-05-28T11:43:52.0000000000	./ai/fullgrid/gpt2-medium-fullgrid-100m-union-fixededges/heat/transformer.h.7.ln_1.npy
1327232	2026-05-28T11:43:53.0000000000	./ai/fullgrid/gpt2-medium-fullgrid-100m-union-fixededges/heat/transformer.h.7.attn.c_proj.npy
1327232	2026-05-28T11:43:54.0000000000	./ai/fullgrid/gpt2-medium-fullgrid-100m-union-fixededges/heat/transformer.h.12.mlp.c_proj.npy
1327232	2026-05-28T11:43:54.0000000000	./ai/fullgrid/gpt2-medium-fullgrid-100m-union-fixededges/heat/transformer.h.13.ln_1.npy
1327232	2026-05-28T11:43:54.0000000000	./ai/fullgrid/gpt2-medium-fullgrid-100m-union-fixededges/heat/transformer.h.13.ln_2.npy
1327232	2026-05-28T11:43:57.0000000000	./ai/fullgrid/gpt2-medium-fullgrid-100m-union-fixededges/heat/transformer.h.10.mlp.c_proj.npy
1327232	2026-05-28T11:43:57.0000000000	./ai/fullgrid/gpt2-medium-fullgrid-100m-union-fixededges/heat/transformer.h.13.attn.c_proj.npy
1327232	2026-05-28T11:43:57.0000000000	./ai/fullgrid/gpt2-medium-fullgrid-100m-union-fixededges/heat/transformer.h.13.mlp.c_proj.npy
1327232	2026-05-28T11:43:57.0000000000	./ai/fullgrid/gpt2-medium-fullgrid-100m-union-fixededges/heat/transformer.h.14.attn.c_proj.npy
1327232	2026-05-28T11:43:58.0000000000	./ai/fullgrid/gpt2-medium-fullgrid-100m-union-fixededges/heat/transformer.h.14.mlp.c_proj.npy
1327232	2026-05-28T11:43:58.0000000000	./ai/fullgrid/gpt2-medium-fullgrid-100m-union-fixededges/heat/transformer.h.15.attn.c_proj.npy
1327232	2026-05-28T11:43:58.0000000000	./ai/fullgrid/gpt2-medium-fullgrid-100m-union-fixededges/heat/transformer.h.15.mlp.c_proj.npy
1327232	2026-05-28T11:43:58.0000000000	./ai/fullgrid/gpt2-medium-fullgrid-100m-union-fixededges/heat/transformer.h.16.ln_1.npy
1327232	2026-05-28T11:44:02.0000000000	./ai/fullgrid/gpt2-medium-fullgrid-100m-union-fixededges/heat/transformer.h.17.attn.c_proj.npy
1327232	2026-05-28T11:44:02.0000000000	./ai/fullgrid/gpt2-medium-fullgrid-100m-union-fixededges/heat/transformer.h.17.mlp.c_proj.npy
1327232	2026-05-28T11:44:02.0000000000	./ai/fullgrid/gpt2-medium-fullgrid-100m-union-fixededges/heat/transformer.h.18.attn.c_proj.npy
1327232	2026-05-28T11:44:02.0000000000	./ai/fullgrid/gpt2-medium-fullgrid-100m-union-fixededges/heat/transformer.h.18.mlp.c_proj.npy
1327232	2026-05-28T11:44:02.0000000000	./ai/fullgrid/gpt2-medium-fullgrid-100m-union-fixededges/heat/transformer.h.19.attn.c_proj.npy
1327232	2026-05-28T11:44:02.0000000000	./ai/fullgrid/gpt2-medium-fullgrid-100m-union-fixededges/heat/transformer.h.19.ln_1.npy
1327232	2026-05-28T11:44:02.0000000000	./ai/fullgrid/gpt2-medium-fullgrid-100m-union-fixededges/heat/transformer.h.19.mlp.c_proj.npy
1327232	2026-05-28T11:44:02.0000000000	./ai/fullgrid/gpt2-medium-fullgrid-100m-union-fixededges/heat/transformer.h.20.attn.c_proj.npy
1327232	2026-05-28T11:44:02.0000000000	./ai/fullgrid/gpt2-medium-fullgrid-100m-union-fixededges/heat/transformer.h.20.ln_1.npy
1327232	2026-05-28T11:44:02.0000000000	./ai/fullgrid/gpt2-medium-fullgrid-100m-union-fixededges/heat/transformer.h.20.ln_2.npy
1327232	2026-05-28T11:44:02.0000000000	./ai/fullgrid/gpt2-medium-fullgrid-100m-union-fixededges/heat/transformer.h.20.mlp.c_proj.npy
1327232	2026-05-28T11:44:03.0000000000	./ai/fullgrid/gpt2-medium-fullgrid-100m-union-fixededges/heat/transformer.h.0.mlp.c_proj.npy
1327232	2026-05-28T11:44:03.0000000000	./ai/fullgrid/gpt2-medium-fullgrid-100m-union-fixededges/heat/transformer.h.1.attn.c_proj.npy
1327232	2026-05-28T11:44:03.0000000000	./ai/fullgrid/gpt2-medium-fullgrid-100m-union-fixededges/heat/transformer.h.1.ln_1.npy
1327232	2026-05-28T11:44:03.0000000000	./ai/fullgrid/gpt2-medium-fullgrid-100m-union-fixededges/heat/transformer.h.1.mlp.c_proj.npy
1327232	2026-05-28T11:44:03.0000000000	./ai/fullgrid/gpt2-medium-fullgrid-100m-union-fixededges/heat/transformer.h.2.ln_1.npy
1327232	2026-05-28T11:44:03.0000000000	./ai/fullgrid/gpt2-medium-fullgrid-100m-union-fixededges/heat/transformer.h.21.attn.c_proj.npy
1327232	2026-05-28T11:44:03.0000000000	./ai/fullgrid/gpt2-medium-fullgrid-100m-union-fixededges/heat/transformer.h.21.ln_1.npy
1327232	2026-05-28T11:44:03.0000000000	./ai/fullgrid/gpt2-medium-fullgrid-100m-union-fixededges/heat/transformer.h.21.ln_2.npy
1327232	2026-05-28T11:44:03.0000000000	./ai/fullgrid/gpt2-medium-fullgrid-100m-union-fixededges/heat/transformer.h.22.attn.c_proj.npy
1327232	2026-05-28T11:44:03.0000000000	./ai/fullgrid/gpt2-medium-fullgrid-100m-union-fixededges/heat/transformer.h.22.ln_1.npy
1327232	2026-05-28T11:44:03.0000000000	./ai/fullgrid/gpt2-medium-fullgrid-100m-union-fixededges/heat/transformer.h.22.ln_2.npy
1327232	2026-05-28T11:44:03.0000000000	./ai/fullgrid/gpt2-medium-fullgrid-100m-union-fixededges/heat/transformer.h.22.mlp.c_proj.npy
1327232	2026-05-28T11:44:03.0000000000	./ai/fullgrid/gpt2-medium-fullgrid-100m-union-fixededges/heat/transformer.h.23.mlp.c_proj.npy
1327232	2026-05-28T11:44:03.0000000000	./ai/fullgrid/gpt2-medium-fullgrid-100m-union-fixededges/heat/transformer.ln_f.npy
1327232	2026-05-28T11:44:04.0000000000	./ai/fullgrid/gpt2-medium-fullgrid-100m-union-fixededges/heat/transformer.h.3.attn.c_proj.npy
1327232	2026-05-28T11:44:05.0000000000	./ai/fullgrid/gpt2-medium-fullgrid-100m-union-fixededges/heat/transformer.h.14.ln_1.npy
1327232	2026-05-28T11:44:05.0000000000	./ai/fullgrid/gpt2-medium-fullgrid-100m-union-fixededges/heat/transformer.h.14.ln_2.npy
1327232	2026-05-28T11:44:05.0000000000	./ai/fullgrid/gpt2-medium-fullgrid-100m-union-fixededges/heat/transformer.h.15.ln_1.npy
1327232	2026-05-28T11:44:05.0000000000	./ai/fullgrid/gpt2-medium-fullgrid-100m-union-fixededges/heat/transformer.h.15.ln_2.npy
1327232	2026-05-28T11:44:05.0000000000	./ai/fullgrid/gpt2-medium-fullgrid-100m-union-fixededges/heat/transformer.h.17.ln_2.npy
1327232	2026-05-28T11:44:05.0000000000	./ai/fullgrid/gpt2-medium-fullgrid-100m-union-fixededges/heat/transformer.h.18.ln_1.npy
1327232	2026-05-28T11:44:05.0000000000	./ai/fullgrid/gpt2-medium-fullgrid-100m-union-fixededges/heat/transformer.h.18.ln_2.npy
1327232	2026-05-28T11:44:05.0000000000	./ai/fullgrid/gpt2-medium-fullgrid-100m-union-fixededges/heat/transformer.h.19.ln_2.npy
1327232	2026-05-28T11:44:06.0000000000	./ai/fullgrid/gpt2-medium-fullgrid-100m-union-fixededges/heat/transformer.h.21.mlp.c_proj.npy
1327232	2026-05-28T11:44:06.0000000000	./ai/fullgrid/gpt2-medium-fullgrid-100m-union-fixededges/heat/transformer.h.23.attn.c_proj.npy
1327232	2026-05-28T11:44:06.0000000000	./ai/fullgrid/gpt2-medium-fullgrid-100m-union-fixededges/heat/transformer.h.23.ln_1.npy
1327232	2026-05-28T11:44:06.0000000000	./ai/fullgrid/gpt2-medium-fullgrid-100m-union-fixededges/heat/transformer.h.23.ln_2.npy
1327232	2026-05-28T11:44:07.0000000000	./ai/fullgrid/gpt2-medium-fullgrid-100m-union-fixededges/heat/transformer.h.1.ln_2.npy
1327232	2026-05-28T11:44:07.0000000000	./ai/fullgrid/gpt2-medium-fullgrid-100m-union-fixededges/heat/transformer.h.2.attn.c_proj.npy
1327232	2026-05-28T11:44:07.0000000000	./ai/fullgrid/gpt2-medium-fullgrid-100m-union-fixededges/heat/transformer.h.2.ln_2.npy
1327232	2026-05-28T11:44:07.0000000000	./ai/fullgrid/gpt2-medium-fullgrid-100m-union-fixededges/heat/transformer.h.3.mlp.c_proj.npy
1327232	2026-05-28T11:44:07.0000000000	./ai/fullgrid/gpt2-medium-fullgrid-100m-union-fixededges/heat/transformer.h.4.attn.c_proj.npy
1327232	2026-05-28T11:44:07.0000000000	./ai/fullgrid/gpt2-medium-fullgrid-100m-union-fixededges/heat/transformer.h.4.ln_1.npy
1327232	2026-05-28T11:44:07.0000000000	./ai/fullgrid/gpt2-medium-fullgrid-100m-union-fixededges/heat/transformer.h.4.ln_2.npy
1327232	2026-05-28T11:44:07.0000000000	./ai/fullgrid/gpt2-medium-fullgrid-100m-union-fixededges/heat/transformer.h.4.mlp.c_proj.npy
1327232	2026-05-28T11:44:07.0000000000	./ai/fullgrid/gpt2-medium-fullgrid-100m-union-fixededges/heat/transformer.h.5.attn.c_proj.npy
1327232	2026-05-28T11:44:07.0000000000	./ai/fullgrid/gpt2-medium-fullgrid-100m-union-fixededges/heat/transformer.h.5.ln_1.npy
1327232	2026-05-28T11:44:07.0000000000	./ai/fullgrid/gpt2-medium-fullgrid-100m-union-fixededges/heat/transformer.h.5.ln_2.npy
1327232	2026-05-28T11:44:08.0000000000	./ai/fullgrid/gpt2-medium-fullgrid-100m-union-fixededges/heat/transformer.h.10.ln_1.npy
1327232	2026-05-28T11:44:08.0000000000	./ai/fullgrid/gpt2-medium-fullgrid-100m-union-fixededges/heat/transformer.h.7.mlp.c_proj.npy
1327232	2026-05-28T11:44:08.0000000000	./ai/fullgrid/gpt2-medium-fullgrid-100m-union-fixededges/heat/transformer.h.8.attn.c_proj.npy
1327232	2026-05-28T11:44:08.0000000000	./ai/fullgrid/gpt2-medium-fullgrid-100m-union-fixededges/heat/transformer.h.8.ln_1.npy
1327232	2026-05-28T11:44:08.0000000000	./ai/fullgrid/gpt2-medium-fullgrid-100m-union-fixededges/heat/transformer.h.8.ln_2.npy
1327232	2026-05-28T11:44:08.0000000000	./ai/fullgrid/gpt2-medium-fullgrid-100m-union-fixededges/heat/transformer.h.8.mlp.c_proj.npy
1327232	2026-05-28T11:44:08.0000000000	./ai/fullgrid/gpt2-medium-fullgrid-100m-union-fixededges/heat/transformer.h.9.attn.c_proj.npy
1327232	2026-05-28T11:44:08.0000000000	./ai/fullgrid/gpt2-medium-fullgrid-100m-union-fixededges/heat/transformer.h.9.ln_1.npy
1327232	2026-05-28T11:44:08.0000000000	./ai/fullgrid/gpt2-medium-fullgrid-100m-union-fixededges/heat/transformer.h.9.ln_2.npy
1327232	2026-05-28T11:44:08.0000000000	./ai/fullgrid/gpt2-medium-fullgrid-100m-union-fixededges/heat/transformer.h.9.mlp.c_proj.npy
13300	2026-05-29T00:28:53.0000000000	./local-index/gx10/fullgrid/logs/qwen7b-fullgrid-100m-p1200-perchannel.log
13340	2026-05-28T22:26:50.0000000000	./local-index/gx10/fullgrid/logs/qwen25-3b-fullgrid-100m-p1200-perchannel.log
13490	2026-05-28T15:51:29.0000000000	./john/fullgrid/logs/phi-2-fullgrid-100m-p1200-perchannel-john.log
13490	2026-05-28T15:51:29.0000000000	./local-index/john/fullgrid/logs/phi-2-fullgrid-100m-p1200-perchannel-john.log
135895056	2026-05-28T10:31:46.0000000000	./ai/fullgrid/gpt2-fullgrid-100m/heat/lm_head.npy
135895056	2026-05-28T11:00:11.0000000000	./ai/fullgrid/gpt2-fullgrid-100m-p180/heat/lm_head.npy
135895056	2026-05-28T11:03:02.0000000000	./ai/fullgrid/gpt2-fullgrid-100m-p720/heat/lm_head.npy
135895056	2026-05-28T11:32:43.0000000000	./ai/fullgrid/gpt2-fullgrid-100m-p720-fixededges/heat/lm_head.npy
135895056	2026-05-28T11:43:46.0000000000	./ai/fullgrid/gpt2-fullgrid-100m-union-fixededges/heat/lm_head.npy
136564	2026-05-28T11:03:01.0000000000	./ai/fullgrid/gpt2-fullgrid-100m-p720/probes.txt
136564	2026-05-28T11:03:18.0000000000	./ai/fullgrid/gpt2-medium-fullgrid-100m-p720/probes.txt
136564	2026-05-28T11:03:32.0000000000	./ai/fullgrid/gemma-2-2b-it-fullgrid-100m-p720/probes.txt
136564	2026-05-28T11:25:06.0000000000	./ai/fullgrid/gemma-2-2b-it-fullgrid-100m-p720-fixededges/probes.txt
136564	2026-05-28T11:25:06.0000000000	./ai/fullgrid/gpt2-fullgrid-100m-p720-fixededges/probes.txt
136564	2026-05-28T11:25:06.0000000000	./ai/fullgrid/gpt2-medium-fullgrid-100m-p720-fixededges/probes.txt
1385	2026-05-28T10:31:56.0000000000	./ai/fullgrid/logs/gpt2-fullgrid-100m.log
1385	2026-05-28T10:31:56.0000000000	./local-index/ai/fullgrid/logs/gpt2-fullgrid-100m.log
1408	2026-05-28T10:33:01.0000000000	./ai/fullgrid/logs/gpt2-medium-fullgrid-100m.log
1408	2026-05-28T10:33:01.0000000000	./local-index/ai/fullgrid/logs/gpt2-medium-fullgrid-100m.log
1428	2026-05-28T10:31:34.0000000000	./ai/fullgrid/gpt2-fullgrid-100m/probes.txt
1428	2026-05-28T10:32:27.0000000000	./ai/fullgrid/gpt2-medium-fullgrid-100m/probes.txt
1428	2026-05-28T10:33:56.0000000000	./ai/fullgrid/gemma-2-2b-it-fullgrid-100m/probes.txt
1433728	2026-05-29T00:28:11.0000000000	./gx10/fullgrid/qwen7b-fullgrid-100m-p1200-perchannel/heat/model.layers.0.self_attn.o_proj.npy
1433728	2026-05-29T00:28:11.0000000000	./gx10/fullgrid/qwen7b-fullgrid-100m-p1200-perchannel/heat/model.layers.0.self_attn.q_proj.npy
1433728	2026-05-29T00:28:12.0000000000	./gx10/fullgrid/qwen7b-fullgrid-100m-p1200-perchannel/heat/model.layers.0.mlp.down_proj.npy
1433728	2026-05-29T00:28:12.0000000000	./gx10/fullgrid/qwen7b-fullgrid-100m-p1200-perchannel/heat/model.layers.1.self_attn.q_proj.npy
1433728	2026-05-29T00:28:13.0000000000	./gx10/fullgrid/qwen7b-fullgrid-100m-p1200-perchannel/heat/model.layers.1.self_attn.o_proj.npy
1433728	2026-05-29T00:28:14.0000000000	./gx10/fullgrid/qwen7b-fullgrid-100m-p1200-perchannel/heat/model.layers.1.mlp.down_proj.npy
1433728	2026-05-29T00:28:14.0000000000	./gx10/fullgrid/qwen7b-fullgrid-100m-p1200-perchannel/heat/model.layers.2.self_attn.o_proj.npy
1433728	2026-05-29T00:28:14.0000000000	./gx10/fullgrid/qwen7b-fullgrid-100m-p1200-perchannel/heat/model.layers.2.self_attn.q_proj.npy
1433728	2026-05-29T00:28:15.0000000000	./gx10/fullgrid/qwen7b-fullgrid-100m-p1200-perchannel/heat/model.layers.2.mlp.down_proj.npy
1433728	2026-05-29T00:28:15.0000000000	./gx10/fullgrid/qwen7b-fullgrid-100m-p1200-perchannel/heat/model.layers.3.self_attn.o_proj.npy
1433728	2026-05-29T00:28:15.0000000000	./gx10/fullgrid/qwen7b-fullgrid-100m-p1200-perchannel/heat/model.layers.3.self_attn.q_proj.npy
1433728	2026-05-29T00:28:16.0000000000	./gx10/fullgrid/qwen7b-fullgrid-100m-p1200-perchannel/heat/model.layers.3.mlp.down_proj.npy
1433728	2026-05-29T00:28:16.0000000000	./gx10/fullgrid/qwen7b-fullgrid-100m-p1200-perchannel/heat/model.layers.4.self_attn.o_proj.npy
1433728	2026-05-29T00:28:16.0000000000	./gx10/fullgrid/qwen7b-fullgrid-100m-p1200-perchannel/heat/model.layers.4.self_attn.q_proj.npy
1433728	2026-05-29T00:28:17.0000000000	./gx10/fullgrid/qwen7b-fullgrid-100m-p1200-perchannel/heat/model.layers.4.mlp.down_proj.npy
1433728	2026-05-29T00:28:17.0000000000	./gx10/fullgrid/qwen7b-fullgrid-100m-p1200-perchannel/heat/model.layers.5.self_attn.o_proj.npy
1433728	2026-05-29T00:28:17.0000000000	./gx10/fullgrid/qwen7b-fullgrid-100m-p1200-perchannel/heat/model.layers.5.self_attn.q_proj.npy
1433728	2026-05-29T00:28:19.0000000000	./gx10/fullgrid/qwen7b-fullgrid-100m-p1200-perchannel/heat/model.layers.5.mlp.down_proj.npy
1433728	2026-05-29T00:28:19.0000000000	./gx10/fullgrid/qwen7b-fullgrid-100m-p1200-perchannel/heat/model.layers.6.self_attn.o_proj.npy
1433728	2026-05-29T00:28:19.0000000000	./gx10/fullgrid/qwen7b-fullgrid-100m-p1200-perchannel/heat/model.layers.6.self_attn.q_proj.npy
1433728	2026-05-29T00:28:20.0000000000	./gx10/fullgrid/qwen7b-fullgrid-100m-p1200-perchannel/heat/model.layers.6.mlp.down_proj.npy
1433728	2026-05-29T00:28:20.0000000000	./gx10/fullgrid/qwen7b-fullgrid-100m-p1200-perchannel/heat/model.layers.7.self_attn.q_proj.npy
1433728	2026-05-29T00:28:21.0000000000	./gx10/fullgrid/qwen7b-fullgrid-100m-p1200-perchannel/heat/model.layers.7.self_attn.o_proj.npy
1433728	2026-05-29T00:28:22.0000000000	./gx10/fullgrid/qwen7b-fullgrid-100m-p1200-perchannel/heat/model.layers.7.mlp.down_proj.npy
1433728	2026-05-29T00:28:22.0000000000	./gx10/fullgrid/qwen7b-fullgrid-100m-p1200-perchannel/heat/model.layers.8.self_attn.o_proj.npy
1433728	2026-05-29T00:28:22.0000000000	./gx10/fullgrid/qwen7b-fullgrid-100m-p1200-perchannel/heat/model.layers.8.self_attn.q_proj.npy
1433728	2026-05-29T00:28:23.0000000000	./gx10/fullgrid/qwen7b-fullgrid-100m-p1200-perchannel/heat/model.layers.8.mlp.down_proj.npy
1433728	2026-05-29T00:28:23.0000000000	./gx10/fullgrid/qwen7b-fullgrid-100m-p1200-perchannel/heat/model.layers.9.self_attn.o_proj.npy
1433728	2026-05-29T00:28:23.0000000000	./gx10/fullgrid/qwen7b-fullgrid-100m-p1200-perchannel/heat/model.layers.9.self_attn.q_proj.npy
1433728	2026-05-29T00:28:24.0000000000	./gx10/fullgrid/qwen7b-fullgrid-100m-p1200-perchannel/heat/model.layers.10.self_attn.o_proj.npy
1433728	2026-05-29T00:28:24.0000000000	./gx10/fullgrid/qwen7b-fullgrid-100m-p1200-perchannel/heat/model.layers.10.self_attn.q_proj.npy
1433728	2026-05-29T00:28:24.0000000000	./gx10/fullgrid/qwen7b-fullgrid-100m-p1200-perchannel/heat/model.layers.9.mlp.down_proj.npy
1433728	2026-05-29T00:28:25.0000000000	./gx10/fullgrid/qwen7b-fullgrid-100m-p1200-perchannel/heat/model.layers.10.mlp.down_proj.npy
1433728	2026-05-29T00:28:26.0000000000	./gx10/fullgrid/qwen7b-fullgrid-100m-p1200-perchannel/heat/model.layers.11.self_attn.o_proj.npy
1433728	2026-05-29T00:28:26.0000000000	./gx10/fullgrid/qwen7b-fullgrid-100m-p1200-perchannel/heat/model.layers.11.self_attn.q_proj.npy
1433728	2026-05-29T00:28:27.0000000000	./gx10/fullgrid/qwen7b-fullgrid-100m-p1200-perchannel/heat/model.layers.11.mlp.down_proj.npy
1433728	2026-05-29T00:28:27.0000000000	./gx10/fullgrid/qwen7b-fullgrid-100m-p1200-perchannel/heat/model.layers.12.self_attn.o_proj.npy
1433728	2026-05-29T00:28:27.0000000000	./gx10/fullgrid/qwen7b-fullgrid-100m-p1200-perchannel/heat/model.layers.12.self_attn.q_proj.npy
1433728	2026-05-29T00:28:28.0000000000	./gx10/fullgrid/qwen7b-fullgrid-100m-p1200-perchannel/heat/model.layers.12.mlp.down_proj.npy
1433728	2026-05-29T00:28:28.0000000000	./gx10/fullgrid/qwen7b-fullgrid-100m-p1200-perchannel/heat/model.layers.13.self_attn.q_proj.npy
1433728	2026-05-29T00:28:29.0000000000	./gx10/fullgrid/qwen7b-fullgrid-100m-p1200-perchannel/heat/model.layers.13.mlp.down_proj.npy
1433728	2026-05-29T00:28:29.0000000000	./gx10/fullgrid/qwen7b-fullgrid-100m-p1200-perchannel/heat/model.layers.13.self_attn.o_proj.npy
1433728	2026-05-29T00:28:30.0000000000	./gx10/fullgrid/qwen7b-fullgrid-100m-p1200-perchannel/heat/model.layers.14.self_attn.o_proj.npy
1433728	2026-05-29T00:28:30.0000000000	./gx10/fullgrid/qwen7b-fullgrid-100m-p1200-perchannel/heat/model.layers.14.self_attn.q_proj.npy
1433728	2026-05-29T00:28:31.0000000000	./gx10/fullgrid/qwen7b-fullgrid-100m-p1200-perchannel/heat/model.layers.14.mlp.down_proj.npy
1433728	2026-05-29T00:28:32.0000000000	./gx10/fullgrid/qwen7b-fullgrid-100m-p1200-perchannel/heat/model.layers.15.self_attn.o_proj.npy
1433728	2026-05-29T00:28:32.0000000000	./gx10/fullgrid/qwen7b-fullgrid-100m-p1200-perchannel/heat/model.layers.15.self_attn.q_proj.npy
1433728	2026-05-29T00:28:33.0000000000	./gx10/fullgrid/qwen7b-fullgrid-100m-p1200-perchannel/heat/model.layers.15.mlp.down_proj.npy
1433728	2026-05-29T00:28:33.0000000000	./gx10/fullgrid/qwen7b-fullgrid-100m-p1200-perchannel/heat/model.layers.16.self_attn.q_proj.npy
1433728	2026-05-29T00:28:34.0000000000	./gx10/fullgrid/qwen7b-fullgrid-100m-p1200-perchannel/heat/model.layers.16.self_attn.o_proj.npy
1433728	2026-05-29T00:28:35.0000000000	./gx10/fullgrid/qwen7b-fullgrid-100m-p1200-perchannel/heat/model.layers.16.mlp.down_proj.npy
1433728	2026-05-29T00:28:35.0000000000	./gx10/fullgrid/qwen7b-fullgrid-100m-p1200-perchannel/heat/model.layers.17.self_attn.o_proj.npy
1433728	2026-05-29T00:28:35.0000000000	./gx10/fullgrid/qwen7b-fullgrid-100m-p1200-perchannel/heat/model.layers.17.self_attn.q_proj.npy
1433728	2026-05-29T00:28:36.0000000000	./gx10/fullgrid/qwen7b-fullgrid-100m-p1200-perchannel/heat/model.layers.17.mlp.down_proj.npy
1433728	2026-05-29T00:28:36.0000000000	./gx10/fullgrid/qwen7b-fullgrid-100m-p1200-perchannel/heat/model.layers.18.self_attn.o_proj.npy
1433728	2026-05-29T00:28:36.0000000000	./gx10/fullgrid/qwen7b-fullgrid-100m-p1200-perchannel/heat/model.layers.18.self_attn.q_proj.npy
1433728	2026-05-29T00:28:37.0000000000	./gx10/fullgrid/qwen7b-fullgrid-100m-p1200-perchannel/heat/model.layers.18.mlp.down_proj.npy
1433728	2026-05-29T00:28:37.0000000000	./gx10/fullgrid/qwen7b-fullgrid-100m-p1200-perchannel/heat/model.layers.19.self_attn.q_proj.npy
1433728	2026-05-29T00:28:38.0000000000	./gx10/fullgrid/qwen7b-fullgrid-100m-p1200-perchannel/heat/model.layers.19.mlp.down_proj.npy
1433728	2026-05-29T00:28:38.0000000000	./gx10/fullgrid/qwen7b-fullgrid-100m-p1200-perchannel/heat/model.layers.19.self_attn.o_proj.npy
1433728	2026-05-29T00:28:39.0000000000	./gx10/fullgrid/qwen7b-fullgrid-100m-p1200-perchannel/heat/model.layers.20.self_attn.o_proj.npy
1433728	2026-05-29T00:28:39.0000000000	./gx10/fullgrid/qwen7b-fullgrid-100m-p1200-perchannel/heat/model.layers.20.self_attn.q_proj.npy
1433728	2026-05-29T00:28:40.0000000000	./gx10/fullgrid/qwen7b-fullgrid-100m-p1200-perchannel/heat/model.layers.20.mlp.down_proj.npy
1433728	2026-05-29T00:28:40.0000000000	./gx10/fullgrid/qwen7b-fullgrid-100m-p1200-perchannel/heat/model.layers.21.self_attn.o_proj.npy
1433728	2026-05-29T00:28:40.0000000000	./gx10/fullgrid/qwen7b-fullgrid-100m-p1200-perchannel/heat/model.layers.21.self_attn.q_proj.npy
1433728	2026-05-29T00:28:41.0000000000	./gx10/fullgrid/qwen7b-fullgrid-100m-p1200-perchannel/heat/model.layers.21.mlp.down_proj.npy
1433728	2026-05-29T00:28:41.0000000000	./gx10/fullgrid/qwen7b-fullgrid-100m-p1200-perchannel/heat/model.layers.22.self_attn.q_proj.npy
1433728	2026-05-29T00:28:42.0000000000	./gx10/fullgrid/qwen7b-fullgrid-100m-p1200-perchannel/heat/model.layers.22.self_attn.o_proj.npy
1433728	2026-05-29T00:28:43.0000000000	./gx10/fullgrid/qwen7b-fullgrid-100m-p1200-perchannel/heat/model.layers.22.mlp.down_proj.npy
1433728	2026-05-29T00:28:43.0000000000	./gx10/fullgrid/qwen7b-fullgrid-100m-p1200-perchannel/heat/model.layers.23.self_attn.o_proj.npy
1433728	2026-05-29T00:28:43.0000000000	./gx10/fullgrid/qwen7b-fullgrid-100m-p1200-perchannel/heat/model.layers.23.self_attn.q_proj.npy
1433728	2026-05-29T00:28:44.0000000000	./gx10/fullgrid/qwen7b-fullgrid-100m-p1200-perchannel/heat/model.layers.23.mlp.down_proj.npy
1433728	2026-05-29T00:28:44.0000000000	./gx10/fullgrid/qwen7b-fullgrid-100m-p1200-perchannel/heat/model.layers.24.self_attn.o_proj.npy
1433728	2026-05-29T00:28:44.0000000000	./gx10/fullgrid/qwen7b-fullgrid-100m-p1200-perchannel/heat/model.layers.24.self_attn.q_proj.npy
1433728	2026-05-29T00:28:45.0000000000	./gx10/fullgrid/qwen7b-fullgrid-100m-p1200-perchannel/heat/model.layers.24.mlp.down_proj.npy
1433728	2026-05-29T00:28:45.0000000000	./gx10/fullgrid/qwen7b-fullgrid-100m-p1200-perchannel/heat/model.layers.25.self_attn.q_proj.npy
1433728	2026-05-29T00:28:46.0000000000	./gx10/fullgrid/qwen7b-fullgrid-100m-p1200-perchannel/heat/model.layers.25.self_attn.o_proj.npy
1433728	2026-05-29T00:28:47.0000000000	./gx10/fullgrid/qwen7b-fullgrid-100m-p1200-perchannel/heat/model.layers.25.mlp.down_proj.npy
1433728	2026-05-29T00:28:47.0000000000	./gx10/fullgrid/qwen7b-fullgrid-100m-p1200-perchannel/heat/model.layers.26.self_attn.o_proj.npy
1433728	2026-05-29T00:28:47.0000000000	./gx10/fullgrid/qwen7b-fullgrid-100m-p1200-perchannel/heat/model.layers.26.self_attn.q_proj.npy
1433728	2026-05-29T00:28:48.0000000000	./gx10/fullgrid/qwen7b-fullgrid-100m-p1200-perchannel/heat/model.layers.26.mlp.down_proj.npy
1433728	2026-05-29T00:28:48.0000000000	./gx10/fullgrid/qwen7b-fullgrid-100m-p1200-perchannel/heat/model.layers.27.self_attn.q_proj.npy
1433728	2026-05-29T00:28:49.0000000000	./gx10/fullgrid/qwen7b-fullgrid-100m-p1200-perchannel/heat/model.layers.27.self_attn.o_proj.npy
1433728	2026-05-29T00:28:50.0000000000	./gx10/fullgrid/qwen7b-fullgrid-100m-p1200-perchannel/heat/model.layers.27.mlp.down_proj.npy
1433728	2026-05-29T10:22:15.0000000000	./ai/fullgrid/qwen2.5-7b-instruct-fullgrid-100m-p1200-perchannel/heat/model.layers.10.mlp.down_proj.npy
1433728	2026-05-29T10:22:36.0000000000	./ai/fullgrid/qwen2.5-7b-instruct-fullgrid-100m-p1200-perchannel/heat/model.layers.14.self_attn.q_proj.npy
1433728	2026-05-29T10:22:44.0000000000	./ai/fullgrid/qwen2.5-7b-instruct-fullgrid-100m-p1200-perchannel/heat/model.layers.15.self_attn.o_proj.npy
1433728	2026-05-29T10:22:51.0000000000	./ai/fullgrid/qwen2.5-7b-instruct-fullgrid-100m-p1200-perchannel/heat/model.layers.16.self_attn.q_proj.npy
1433728	2026-05-29T10:23:05.0000000000	./ai/fullgrid/qwen2.5-7b-instruct-fullgrid-100m-p1200-perchannel/heat/model.layers.18.self_attn.o_proj.npy
1433728	2026-05-29T10:23:13.0000000000	./ai/fullgrid/qwen2.5-7b-instruct-fullgrid-100m-p1200-perchannel/heat/model.layers.19.self_attn.o_proj.npy
1433728	2026-05-29T10:23:26.0000000000	./ai/fullgrid/qwen2.5-7b-instruct-fullgrid-100m-p1200-perchannel/heat/model.layers.21.self_attn.q_proj.npy
1433728	2026-05-29T10:23:33.0000000000	./ai/fullgrid/qwen2.5-7b-instruct-fullgrid-100m-p1200-perchannel/heat/model.layers.22.self_attn.q_proj.npy
1433728	2026-05-29T10:23:40.0000000000	./ai/fullgrid/qwen2.5-7b-instruct-fullgrid-100m-p1200-perchannel/heat/model.layers.22.mlp.down_proj.npy
1433728	2026-05-29T10:23:41.0000000000	./ai/fullgrid/qwen2.5-7b-instruct-fullgrid-100m-p1200-perchannel/heat/model.layers.23.self_attn.o_proj.npy
1433728	2026-05-29T10:23:48.0000000000	./ai/fullgrid/qwen2.5-7b-instruct-fullgrid-100m-p1200-perchannel/heat/model.layers.24.self_attn.o_proj.npy
1433728	2026-05-29T10:23:48.0000000000	./ai/fullgrid/qwen2.5-7b-instruct-fullgrid-100m-p1200-perchannel/heat/model.layers.24.self_attn.q_proj.npy
1433728	2026-05-29T10:23:54.0000000000	./ai/fullgrid/qwen2.5-7b-instruct-fullgrid-100m-p1200-perchannel/heat/model.layers.24.mlp.down_proj.npy
1433728	2026-05-29T10:23:55.0000000000	./ai/fullgrid/qwen2.5-7b-instruct-fullgrid-100m-p1200-perchannel/heat/model.layers.25.self_attn.q_proj.npy
1433728	2026-05-29T10:24:02.0000000000	./ai/fullgrid/qwen2.5-7b-instruct-fullgrid-100m-p1200-perchannel/heat/model.layers.26.self_attn.o_proj.npy
1433728	2026-05-29T10:24:09.0000000000	./ai/fullgrid/qwen2.5-7b-instruct-fullgrid-100m-p1200-perchannel/heat/model.layers.27.self_attn.o_proj.npy
1433728	2026-05-29T10:24:33.0000000000	./ai/fullgrid/qwen2.5-7b-instruct-fullgrid-100m-p1200-perchannel/heat/model.layers.0.self_attn.o_proj.npy
1433728	2026-05-29T10:24:39.0000000000	./ai/fullgrid/qwen2.5-7b-instruct-fullgrid-100m-p1200-perchannel/heat/model.layers.0.mlp.down_proj.npy
1433728	2026-05-29T10:24:40.0000000000	./ai/fullgrid/qwen2.5-7b-instruct-fullgrid-100m-p1200-perchannel/heat/model.layers.1.self_attn.o_proj.npy
1433728	2026-05-29T10:24:40.0000000000	./ai/fullgrid/qwen2.5-7b-instruct-fullgrid-100m-p1200-perchannel/heat/model.layers.1.self_attn.q_proj.npy
1433728	2026-05-29T10:24:46.0000000000	./ai/fullgrid/qwen2.5-7b-instruct-fullgrid-100m-p1200-perchannel/heat/model.layers.1.mlp.down_proj.npy
1433728	2026-05-29T10:24:47.0000000000	./ai/fullgrid/qwen2.5-7b-instruct-fullgrid-100m-p1200-perchannel/heat/model.layers.2.self_attn.o_proj.npy
1433728	2026-05-29T10:24:47.0000000000	./ai/fullgrid/qwen2.5-7b-instruct-fullgrid-100m-p1200-perchannel/heat/model.layers.2.self_attn.q_proj.npy
1433728	2026-05-29T10:24:53.0000000000	./ai/fullgrid/qwen2.5-7b-instruct-fullgrid-100m-p1200-perchannel/heat/model.layers.2.mlp.down_proj.npy
1433728	2026-05-29T10:24:54.0000000000	./ai/fullgrid/qwen2.5-7b-instruct-fullgrid-100m-p1200-perchannel/heat/model.layers.3.self_attn.o_proj.npy
1433728	2026-05-29T10:24:54.0000000000	./ai/fullgrid/qwen2.5-7b-instruct-fullgrid-100m-p1200-perchannel/heat/model.layers.3.self_attn.q_proj.npy
1433728	2026-05-29T10:25:00.0000000000	./ai/fullgrid/qwen2.5-7b-instruct-fullgrid-100m-p1200-perchannel/heat/model.layers.3.mlp.down_proj.npy
1433728	2026-05-29T10:25:01.0000000000	./ai/fullgrid/qwen2.5-7b-instruct-fullgrid-100m-p1200-perchannel/heat/model.layers.4.self_attn.o_proj.npy
1433728	2026-05-29T10:25:01.0000000000	./ai/fullgrid/qwen2.5-7b-instruct-fullgrid-100m-p1200-perchannel/heat/model.layers.4.self_attn.q_proj.npy
1433728	2026-05-29T10:25:07.0000000000	./ai/fullgrid/qwen2.5-7b-instruct-fullgrid-100m-p1200-perchannel/heat/model.layers.4.mlp.down_proj.npy
1433728	2026-05-29T10:25:08.0000000000	./ai/fullgrid/qwen2.5-7b-instruct-fullgrid-100m-p1200-perchannel/heat/model.layers.5.self_attn.o_proj.npy
1433728	2026-05-29T10:25:08.0000000000	./ai/fullgrid/qwen2.5-7b-instruct-fullgrid-100m-p1200-perchannel/heat/model.layers.5.self_attn.q_proj.npy
1433728	2026-05-29T10:25:14.0000000000	./ai/fullgrid/qwen2.5-7b-instruct-fullgrid-100m-p1200-perchannel/heat/model.layers.5.mlp.down_proj.npy
1433728	2026-05-29T10:25:15.0000000000	./ai/fullgrid/qwen2.5-7b-instruct-fullgrid-100m-p1200-perchannel/heat/model.layers.6.self_attn.o_proj.npy
1433728	2026-05-29T10:25:15.0000000000	./ai/fullgrid/qwen2.5-7b-instruct-fullgrid-100m-p1200-perchannel/heat/model.layers.6.self_attn.q_proj.npy
1433728	2026-05-29T10:25:21.0000000000	./ai/fullgrid/qwen2.5-7b-instruct-fullgrid-100m-p1200-perchannel/heat/model.layers.6.mlp.down_proj.npy
1433728	2026-05-29T10:25:22.0000000000	./ai/fullgrid/qwen2.5-7b-instruct-fullgrid-100m-p1200-perchannel/heat/model.layers.7.self_attn.o_proj.npy
1433728	2026-05-29T10:25:22.0000000000	./ai/fullgrid/qwen2.5-7b-instruct-fullgrid-100m-p1200-perchannel/heat/model.layers.7.self_attn.q_proj.npy
1433728	2026-05-29T10:25:28.0000000000	./ai/fullgrid/qwen2.5-7b-instruct-fullgrid-100m-p1200-perchannel/heat/model.layers.7.mlp.down_proj.npy
1433728	2026-05-29T10:25:29.0000000000	./ai/fullgrid/qwen2.5-7b-instruct-fullgrid-100m-p1200-perchannel/heat/model.layers.8.self_attn.o_proj.npy
1433728	2026-05-29T10:25:29.0000000000	./ai/fullgrid/qwen2.5-7b-instruct-fullgrid-100m-p1200-perchannel/heat/model.layers.8.self_attn.q_proj.npy
1433728	2026-05-29T10:25:35.0000000000	./ai/fullgrid/qwen2.5-7b-instruct-fullgrid-100m-p1200-perchannel/heat/model.layers.8.mlp.down_proj.npy
1433728	2026-05-29T10:25:35.0000000000	./ai/fullgrid/qwen2.5-7b-instruct-fullgrid-100m-p1200-perchannel/heat/model.layers.9.self_attn.q_proj.npy
1433728	2026-05-29T10:25:36.0000000000	./ai/fullgrid/qwen2.5-7b-instruct-fullgrid-100m-p1200-perchannel/heat/model.layers.9.self_attn.o_proj.npy
1433728	2026-05-29T10:25:42.0000000000	./ai/fullgrid/qwen2.5-7b-instruct-fullgrid-100m-p1200-perchannel/heat/model.layers.10.self_attn.q_proj.npy
1433728	2026-05-29T10:25:42.0000000000	./ai/fullgrid/qwen2.5-7b-instruct-fullgrid-100m-p1200-perchannel/heat/model.layers.9.mlp.down_proj.npy
1433728	2026-05-29T10:25:43.0000000000	./ai/fullgrid/qwen2.5-7b-instruct-fullgrid-100m-p1200-perchannel/heat/model.layers.10.self_attn.o_proj.npy
1433728	2026-05-29T10:25:49.0000000000	./ai/fullgrid/qwen2.5-7b-instruct-fullgrid-100m-p1200-perchannel/heat/model.layers.11.self_attn.q_proj.npy
1433728	2026-05-29T10:25:50.0000000000	./ai/fullgrid/qwen2.5-7b-instruct-fullgrid-100m-p1200-perchannel/heat/model.layers.11.self_attn.o_proj.npy
1433728	2026-05-29T10:25:56.0000000000	./ai/fullgrid/qwen2.5-7b-instruct-fullgrid-100m-p1200-perchannel/heat/model.layers.11.mlp.down_proj.npy
1433728	2026-05-29T10:25:56.0000000000	./ai/fullgrid/qwen2.5-7b-instruct-fullgrid-100m-p1200-perchannel/heat/model.layers.12.self_attn.q_proj.npy
1433728	2026-05-29T10:25:57.0000000000	./ai/fullgrid/qwen2.5-7b-instruct-fullgrid-100m-p1200-perchannel/heat/model.layers.12.self_attn.o_proj.npy
1433728	2026-05-29T10:26:03.0000000000	./ai/fullgrid/qwen2.5-7b-instruct-fullgrid-100m-p1200-perchannel/heat/model.layers.12.mlp.down_proj.npy
1433728	2026-05-29T10:26:03.0000000000	./ai/fullgrid/qwen2.5-7b-instruct-fullgrid-100m-p1200-perchannel/heat/model.layers.13.self_attn.q_proj.npy
1433728	2026-05-29T10:26:04.0000000000	./ai/fullgrid/qwen2.5-7b-instruct-fullgrid-100m-p1200-perchannel/heat/model.layers.13.self_attn.o_proj.npy
1433728	2026-05-29T10:26:10.0000000000	./ai/fullgrid/qwen2.5-7b-instruct-fullgrid-100m-p1200-perchannel/heat/model.layers.13.mlp.down_proj.npy
1433728	2026-05-29T10:26:11.0000000000	./ai/fullgrid/qwen2.5-7b-instruct-fullgrid-100m-p1200-perchannel/heat/model.layers.14.self_attn.o_proj.npy
1433728	2026-05-29T10:26:17.0000000000	./ai/fullgrid/qwen2.5-7b-instruct-fullgrid-100m-p1200-perchannel/heat/model.layers.14.mlp.down_proj.npy
1433728	2026-05-29T10:26:17.0000000000	./ai/fullgrid/qwen2.5-7b-instruct-fullgrid-100m-p1200-perchannel/heat/model.layers.15.self_attn.q_proj.npy
1433728	2026-05-29T10:26:24.0000000000	./ai/fullgrid/qwen2.5-7b-instruct-fullgrid-100m-p1200-perchannel/heat/model.layers.15.mlp.down_proj.npy
1433728	2026-05-29T10:26:25.0000000000	./ai/fullgrid/qwen2.5-7b-instruct-fullgrid-100m-p1200-perchannel/heat/model.layers.16.self_attn.o_proj.npy
1433728	2026-05-29T10:26:31.0000000000	./ai/fullgrid/qwen2.5-7b-instruct-fullgrid-100m-p1200-perchannel/heat/model.layers.16.mlp.down_proj.npy
1433728	2026-05-29T10:26:31.0000000000	./ai/fullgrid/qwen2.5-7b-instruct-fullgrid-100m-p1200-perchannel/heat/model.layers.17.self_attn.q_proj.npy
1433728	2026-05-29T10:26:32.0000000000	./ai/fullgrid/qwen2.5-7b-instruct-fullgrid-100m-p1200-perchannel/heat/model.layers.17.self_attn.o_proj.npy
1433728	2026-05-29T10:26:38.0000000000	./ai/fullgrid/qwen2.5-7b-instruct-fullgrid-100m-p1200-perchannel/heat/model.layers.17.mlp.down_proj.npy
1433728	2026-05-29T10:26:38.0000000000	./ai/fullgrid/qwen2.5-7b-instruct-fullgrid-100m-p1200-perchannel/heat/model.layers.18.self_attn.q_proj.npy
1433728	2026-05-29T10:26:45.0000000000	./ai/fullgrid/qwen2.5-7b-instruct-fullgrid-100m-p1200-perchannel/heat/model.layers.18.mlp.down_proj.npy
1433728	2026-05-29T10:26:45.0000000000	./ai/fullgrid/qwen2.5-7b-instruct-fullgrid-100m-p1200-perchannel/heat/model.layers.19.self_attn.q_proj.npy
1433728	2026-05-29T10:26:52.0000000000	./ai/fullgrid/qwen2.5-7b-instruct-fullgrid-100m-p1200-perchannel/heat/model.layers.19.mlp.down_proj.npy
1433728	2026-05-29T10:26:52.0000000000	./ai/fullgrid/qwen2.5-7b-instruct-fullgrid-100m-p1200-perchannel/heat/model.layers.20.self_attn.q_proj.npy
1433728	2026-05-29T10:26:53.0000000000	./ai/fullgrid/qwen2.5-7b-instruct-fullgrid-100m-p1200-perchannel/heat/model.layers.20.self_attn.o_proj.npy
1433728	2026-05-29T10:26:59.0000000000	./ai/fullgrid/qwen2.5-7b-instruct-fullgrid-100m-p1200-perchannel/heat/model.layers.20.mlp.down_proj.npy
1433728	2026-05-29T10:27:00.0000000000	./ai/fullgrid/qwen2.5-7b-instruct-fullgrid-100m-p1200-perchannel/heat/model.layers.21.self_attn.o_proj.npy
1433728	2026-05-29T10:27:06.0000000000	./ai/fullgrid/qwen2.5-7b-instruct-fullgrid-100m-p1200-perchannel/heat/model.layers.21.mlp.down_proj.npy
1433728	2026-05-29T10:27:07.0000000000	./ai/fullgrid/qwen2.5-7b-instruct-fullgrid-100m-p1200-perchannel/heat/model.layers.22.self_attn.o_proj.npy
1433728	2026-05-29T10:27:13.0000000000	./ai/fullgrid/qwen2.5-7b-instruct-fullgrid-100m-p1200-perchannel/heat/model.layers.23.self_attn.q_proj.npy
1433728	2026-05-29T10:27:20.0000000000	./ai/fullgrid/qwen2.5-7b-instruct-fullgrid-100m-p1200-perchannel/heat/model.layers.23.mlp.down_proj.npy
1433728	2026-05-29T10:27:28.0000000000	./ai/fullgrid/qwen2.5-7b-instruct-fullgrid-100m-p1200-perchannel/heat/model.layers.25.self_attn.o_proj.npy
1433728	2026-05-29T10:27:34.0000000000	./ai/fullgrid/qwen2.5-7b-instruct-fullgrid-100m-p1200-perchannel/heat/model.layers.25.mlp.down_proj.npy
1433728	2026-05-29T10:27:34.0000000000	./ai/fullgrid/qwen2.5-7b-instruct-fullgrid-100m-p1200-perchannel/heat/model.layers.26.self_attn.q_proj.npy
1433728	2026-05-29T10:27:41.0000000000	./ai/fullgrid/qwen2.5-7b-instruct-fullgrid-100m-p1200-perchannel/heat/model.layers.26.mlp.down_proj.npy
1433728	2026-05-29T10:27:41.0000000000	./ai/fullgrid/qwen2.5-7b-instruct-fullgrid-100m-p1200-perchannel/heat/model.layers.27.self_attn.q_proj.npy
1433728	2026-05-29T10:27:48.0000000000	./ai/fullgrid/qwen2.5-7b-instruct-fullgrid-100m-p1200-perchannel/heat/model.layers.27.mlp.down_proj.npy
1433728	2026-05-29T10:28:05.0000000000	./ai/fullgrid/qwen2.5-7b-instruct-fullgrid-100m-p1200-perchannel/heat/model.layers.0.self_attn.q_proj.npy
147206	2026-05-28T11:33:04.0000000000	./ai/fullgrid/gpt2-fullgrid-100m-union-fixededges/probes.txt
147206	2026-05-28T11:33:04.0000000000	./ai/fullgrid/gpt2-medium-fullgrid-100m-union-fixededges/probes.txt
147206	2026-05-28T11:33:19.0000000000	./ai/fullgrid/gemma-2-2b-it-fullgrid-100m-union-fixededges/probes.txt
156549248	2026-05-28T17:32:45.0000000000	./john/fullgrid/bloom-1b1-fullgrid-100m-p1200-perchannel-john/heat/lm_head.npy
156549248	2026-05-28T18:57:17.0000000000	./john/fullgrid/bloomz-1b1-fullgrid-100m-p1200-perchannel-john/heat/lm_head.npy
1591	2026-05-28T10:45:26.0000000000	./ai/fullgrid/logs/gemma-2-2b-it-fullgrid-100m.log
1591	2026-05-28T10:45:26.0000000000	./local-index/ai/fullgrid/logs/gemma-2-2b-it-fullgrid-100m.log
1638528	2026-05-28T12:57:04.0000000000	./john/fullgrid/internlm2-7b-fullgrid-100m-p1200-perchannel-fd4096/heat/model.layers.0.attention.wo.npy
1638528	2026-05-28T12:57:04.0000000000	./john/fullgrid/internlm2-7b-fullgrid-100m-p1200-perchannel-fd4096/heat/model.layers.0.feed_forward.w2.npy
1638528	2026-05-28T12:57:04.0000000000	./john/fullgrid/internlm2-7b-fullgrid-100m-p1200-perchannel-fd4096/heat/model.layers.1.attention.wo.npy
1638528	2026-05-28T12:57:04.0000000000	./john/fullgrid/internlm2-7b-fullgrid-100m-p1200-perchannel-fd4096/heat/model.layers.1.feed_forward.w2.npy
1638528	2026-05-28T12:57:04.0000000000	./john/fullgrid/internlm2-7b-fullgrid-100m-p1200-perchannel-fd4096/heat/model.layers.10.attention.wo.npy
1638528	2026-05-28T12:57:04.0000000000	./john/fullgrid/internlm2-7b-fullgrid-100m-p1200-perchannel-fd4096/heat/model.layers.2.attention.wo.npy
1638528	2026-05-28T12:57:04.0000000000	./john/fullgrid/internlm2-7b-fullgrid-100m-p1200-perchannel-fd4096/heat/model.layers.2.feed_forward.w2.npy
1638528	2026-05-28T12:57:04.0000000000	./john/fullgrid/internlm2-7b-fullgrid-100m-p1200-perchannel-fd4096/heat/model.layers.3.attention.wo.npy
1638528	2026-05-28T12:57:04.0000000000	./john/fullgrid/internlm2-7b-fullgrid-100m-p1200-perchannel-fd4096/heat/model.layers.3.feed_forward.w2.npy
1638528	2026-05-28T12:57:04.0000000000	./john/fullgrid/internlm2-7b-fullgrid-100m-p1200-perchannel-fd4096/heat/model.layers.4.attention.wo.npy
1638528	2026-05-28T12:57:04.0000000000	./john/fullgrid/internlm2-7b-fullgrid-100m-p1200-perchannel-fd4096/heat/model.layers.4.feed_forward.w2.npy
1638528	2026-05-28T12:57:04.0000000000	./john/fullgrid/internlm2-7b-fullgrid-100m-p1200-perchannel-fd4096/heat/model.layers.5.attention.wo.npy
1638528	2026-05-28T12:57:04.0000000000	./john/fullgrid/internlm2-7b-fullgrid-100m-p1200-perchannel-fd4096/heat/model.layers.5.feed_forward.w2.npy
1638528	2026-05-28T12:57:04.0000000000	./john/fullgrid/internlm2-7b-fullgrid-100m-p1200-perchannel-fd4096/heat/model.layers.6.attention.wo.npy
1638528	2026-05-28T12:57:04.0000000000	./john/fullgrid/internlm2-7b-fullgrid-100m-p1200-perchannel-fd4096/heat/model.layers.6.feed_forward.w2.npy
1638528	2026-05-28T12:57:04.0000000000	./john/fullgrid/internlm2-7b-fullgrid-100m-p1200-perchannel-fd4096/heat/model.layers.7.attention.wo.npy
1638528	2026-05-28T12:57:04.0000000000	./john/fullgrid/internlm2-7b-fullgrid-100m-p1200-perchannel-fd4096/heat/model.layers.7.feed_forward.w2.npy
1638528	2026-05-28T12:57:04.0000000000	./john/fullgrid/internlm2-7b-fullgrid-100m-p1200-perchannel-fd4096/heat/model.layers.8.attention.wo.npy
1638528	2026-05-28T12:57:04.0000000000	./john/fullgrid/internlm2-7b-fullgrid-100m-p1200-perchannel-fd4096/heat/model.layers.8.feed_forward.w2.npy
1638528	2026-05-28T12:57:04.0000000000	./john/fullgrid/internlm2-7b-fullgrid-100m-p1200-perchannel-fd4096/heat/model.layers.9.attention.wo.npy
1638528	2026-05-28T12:57:04.0000000000	./john/fullgrid/internlm2-7b-fullgrid-100m-p1200-perchannel-fd4096/heat/model.layers.9.feed_forward.w2.npy
1638528	2026-05-28T14:55:17.0000000000	./john/fullgrid/internlm2-7b-fullgrid-100m-p1200-perchannel-fd4096/heat/model.layers.10.feed_forward.w2.npy
1638528	2026-05-28T14:55:17.0000000000	./john/fullgrid/internlm2-7b-fullgrid-100m-p1200-perchannel-fd4096/heat/model.layers.11.attention.wo.npy
1638528	2026-05-28T14:55:17.0000000000	./john/fullgrid/internlm2-7b-fullgrid-100m-p1200-perchannel-fd4096/heat/model.layers.11.feed_forward.w2.npy
1638528	2026-05-28T14:55:17.0000000000	./john/fullgrid/internlm2-7b-fullgrid-100m-p1200-perchannel-fd4096/heat/model.layers.12.attention.wo.npy
1638528	2026-05-28T14:55:17.0000000000	./john/fullgrid/internlm2-7b-fullgrid-100m-p1200-perchannel-fd4096/heat/model.layers.12.feed_forward.w2.npy
1638528	2026-05-28T14:55:17.0000000000	./john/fullgrid/internlm2-7b-fullgrid-100m-p1200-perchannel-fd4096/heat/model.layers.13.attention.wo.npy
1638528	2026-05-28T14:55:17.0000000000	./john/fullgrid/internlm2-7b-fullgrid-100m-p1200-perchannel-fd4096/heat/model.layers.13.feed_forward.w2.npy
1638528	2026-05-28T14:55:17.0000000000	./john/fullgrid/internlm2-7b-fullgrid-100m-p1200-perchannel-fd4096/heat/model.layers.14.attention.wo.npy
1638528	2026-05-28T14:55:17.0000000000	./john/fullgrid/internlm2-7b-fullgrid-100m-p1200-perchannel-fd4096/heat/model.layers.14.feed_forward.w2.npy
1638528	2026-05-28T14:55:17.0000000000	./john/fullgrid/internlm2-7b-fullgrid-100m-p1200-perchannel-fd4096/heat/model.layers.15.attention.wo.npy
1638528	2026-05-28T14:55:17.0000000000	./john/fullgrid/internlm2-7b-fullgrid-100m-p1200-perchannel-fd4096/heat/model.layers.15.feed_forward.w2.npy
1638528	2026-05-28T14:55:17.0000000000	./john/fullgrid/internlm2-7b-fullgrid-100m-p1200-perchannel-fd4096/heat/model.layers.16.attention.wo.npy
1638528	2026-05-28T14:55:17.0000000000	./john/fullgrid/internlm2-7b-fullgrid-100m-p1200-perchannel-fd4096/heat/model.layers.16.feed_forward.w2.npy
1638528	2026-05-28T14:55:17.0000000000	./john/fullgrid/internlm2-7b-fullgrid-100m-p1200-perchannel-fd4096/heat/model.layers.17.attention.wo.npy
1638528	2026-05-28T14:55:17.0000000000	./john/fullgrid/internlm2-7b-fullgrid-100m-p1200-perchannel-fd4096/heat/model.layers.17.feed_forward.w2.npy
1638528	2026-05-28T14:55:17.0000000000	./john/fullgrid/internlm2-7b-fullgrid-100m-p1200-perchannel-fd4096/heat/model.layers.18.attention.wo.npy
1638528	2026-05-28T14:55:17.0000000000	./john/fullgrid/internlm2-7b-fullgrid-100m-p1200-perchannel-fd4096/heat/model.layers.18.feed_forward.w2.npy
1638528	2026-05-28T14:55:17.0000000000	./john/fullgrid/internlm2-7b-fullgrid-100m-p1200-perchannel-fd4096/heat/model.layers.19.attention.wo.npy
1638528	2026-05-28T14:55:17.0000000000	./john/fullgrid/internlm2-7b-fullgrid-100m-p1200-perchannel-fd4096/heat/model.layers.19.feed_forward.w2.npy
1638528	2026-05-28T14:55:17.0000000000	./john/fullgrid/internlm2-7b-fullgrid-100m-p1200-perchannel-fd4096/heat/model.layers.20.attention.wo.npy
1638528	2026-05-28T14:55:17.0000000000	./john/fullgrid/internlm2-7b-fullgrid-100m-p1200-perchannel-fd4096/heat/model.layers.20.feed_forward.w2.npy
1638528	2026-05-28T14:55:17.0000000000	./john/fullgrid/internlm2-7b-fullgrid-100m-p1200-perchannel-fd4096/heat/model.layers.21.attention.wo.npy
1638528	2026-05-28T14:55:17.0000000000	./john/fullgrid/internlm2-7b-fullgrid-100m-p1200-perchannel-fd4096/heat/model.layers.21.feed_forward.w2.npy
1638528	2026-05-28T14:55:17.0000000000	./john/fullgrid/internlm2-7b-fullgrid-100m-p1200-perchannel-fd4096/heat/model.layers.22.attention.wo.npy
1638528	2026-05-28T14:55:17.0000000000	./john/fullgrid/internlm2-7b-fullgrid-100m-p1200-perchannel-fd4096/heat/model.layers.22.feed_forward.w2.npy
1638528	2026-05-28T14:55:17.0000000000	./john/fullgrid/internlm2-7b-fullgrid-100m-p1200-perchannel-fd4096/heat/model.layers.23.attention.wo.npy
1638528	2026-05-28T14:55:17.0000000000	./john/fullgrid/internlm2-7b-fullgrid-100m-p1200-perchannel-fd4096/heat/model.layers.23.feed_forward.w2.npy
1638528	2026-05-28T14:55:17.0000000000	./john/fullgrid/internlm2-7b-fullgrid-100m-p1200-perchannel-fd4096/heat/model.layers.24.attention.wo.npy
1638528	2026-05-28T14:55:17.0000000000	./john/fullgrid/internlm2-7b-fullgrid-100m-p1200-perchannel-fd4096/heat/model.layers.24.feed_forward.w2.npy
1638528	2026-05-28T14:55:17.0000000000	./john/fullgrid/internlm2-7b-fullgrid-100m-p1200-perchannel-fd4096/heat/model.layers.25.attention.wo.npy
1638528	2026-05-28T14:55:17.0000000000	./john/fullgrid/internlm2-7b-fullgrid-100m-p1200-perchannel-fd4096/heat/model.layers.25.feed_forward.w2.npy
1638528	2026-05-28T14:55:17.0000000000	./john/fullgrid/internlm2-7b-fullgrid-100m-p1200-perchannel-fd4096/heat/model.layers.26.attention.wo.npy
1638528	2026-05-28T14:55:17.0000000000	./john/fullgrid/internlm2-7b-fullgrid-100m-p1200-perchannel-fd4096/heat/model.layers.26.feed_forward.w2.npy
1638528	2026-05-28T14:55:17.0000000000	./john/fullgrid/internlm2-7b-fullgrid-100m-p1200-perchannel-fd4096/heat/model.layers.27.attention.wo.npy
1638528	2026-05-28T14:55:17.0000000000	./john/fullgrid/internlm2-7b-fullgrid-100m-p1200-perchannel-fd4096/heat/model.layers.27.feed_forward.w2.npy
1638528	2026-05-28T14:55:17.0000000000	./john/fullgrid/internlm2-7b-fullgrid-100m-p1200-perchannel-fd4096/heat/model.layers.28.attention.wo.npy
1638528	2026-05-28T14:55:17.0000000000	./john/fullgrid/internlm2-7b-fullgrid-100m-p1200-perchannel-fd4096/heat/model.layers.28.feed_forward.w2.npy
1638528	2026-05-28T14:55:17.0000000000	./john/fullgrid/internlm2-7b-fullgrid-100m-p1200-perchannel-fd4096/heat/model.layers.29.attention.wo.npy
1638528	2026-05-28T14:55:17.0000000000	./john/fullgrid/internlm2-7b-fullgrid-100m-p1200-perchannel-fd4096/heat/model.layers.29.feed_forward.w2.npy
1638528	2026-05-28T14:55:17.0000000000	./john/fullgrid/internlm2-7b-fullgrid-100m-p1200-perchannel-fd4096/heat/model.layers.30.attention.wo.npy
1638528	2026-05-28T14:55:17.0000000000	./john/fullgrid/internlm2-7b-fullgrid-100m-p1200-perchannel-fd4096/heat/model.layers.30.feed_forward.w2.npy
1638528	2026-05-28T14:55:17.0000000000	./john/fullgrid/internlm2-7b-fullgrid-100m-p1200-perchannel-fd4096/heat/model.layers.31.attention.wo.npy
1638528	2026-05-28T14:55:17.0000000000	./john/fullgrid/internlm2-7b-fullgrid-100m-p1200-perchannel-fd4096/heat/model.layers.31.feed_forward.w2.npy
1638528	2026-05-28T19:52:36.0000000000	./john/fullgrid/pythia-6.9b-fullgrid-100m-p1200-perchannel-john/heat/gpt_neox.layers.0.attention.dense.npy
1638528	2026-05-28T19:52:36.0000000000	./john/fullgrid/pythia-6.9b-fullgrid-100m-p1200-perchannel-john/heat/gpt_neox.layers.0.input_layernorm.npy
1638528	2026-05-28T19:52:36.0000000000	./john/fullgrid/pythia-6.9b-fullgrid-100m-p1200-perchannel-john/heat/gpt_neox.layers.0.mlp.dense_4h_to_h.npy
1638528	2026-05-28T19:52:36.0000000000	./john/fullgrid/pythia-6.9b-fullgrid-100m-p1200-perchannel-john/heat/gpt_neox.layers.0.post_attention_layernorm.npy
1638528	2026-05-28T19:52:36.0000000000	./john/fullgrid/pythia-6.9b-fullgrid-100m-p1200-perchannel-john/heat/gpt_neox.layers.1.attention.dense.npy
1638528	2026-05-28T19:52:36.0000000000	./john/fullgrid/pythia-6.9b-fullgrid-100m-p1200-perchannel-john/heat/gpt_neox.layers.1.input_layernorm.npy
1638528	2026-05-28T19:52:37.0000000000	./john/fullgrid/pythia-6.9b-fullgrid-100m-p1200-perchannel-john/heat/gpt_neox.layers.1.mlp.dense_4h_to_h.npy
1638528	2026-05-28T19:52:37.0000000000	./john/fullgrid/pythia-6.9b-fullgrid-100m-p1200-perchannel-john/heat/gpt_neox.layers.1.post_attention_layernorm.npy
1638528	2026-05-28T19:52:37.0000000000	./john/fullgrid/pythia-6.9b-fullgrid-100m-p1200-perchannel-john/heat/gpt_neox.layers.10.attention.dense.npy
1638528	2026-05-28T19:52:37.0000000000	./john/fullgrid/pythia-6.9b-fullgrid-100m-p1200-perchannel-john/heat/gpt_neox.layers.10.input_layernorm.npy
1638528	2026-05-28T19:52:37.0000000000	./john/fullgrid/pythia-6.9b-fullgrid-100m-p1200-perchannel-john/heat/gpt_neox.layers.10.mlp.dense_4h_to_h.npy
1638528	2026-05-28T19:52:37.0000000000	./john/fullgrid/pythia-6.9b-fullgrid-100m-p1200-perchannel-john/heat/gpt_neox.layers.10.post_attention_layernorm.npy
1638528	2026-05-28T19:52:37.0000000000	./john/fullgrid/pythia-6.9b-fullgrid-100m-p1200-perchannel-john/heat/gpt_neox.layers.11.attention.dense.npy
1638528	2026-05-28T19:52:37.0000000000	./john/fullgrid/pythia-6.9b-fullgrid-100m-p1200-perchannel-john/heat/gpt_neox.layers.11.input_layernorm.npy
1638528	2026-05-28T19:52:37.0000000000	./john/fullgrid/pythia-6.9b-fullgrid-100m-p1200-perchannel-john/heat/gpt_neox.layers.11.mlp.dense_4h_to_h.npy
1638528	2026-05-28T19:52:37.0000000000	./john/fullgrid/pythia-6.9b-fullgrid-100m-p1200-perchannel-john/heat/gpt_neox.layers.11.post_attention_layernorm.npy
1638528	2026-05-28T19:52:37.0000000000	./john/fullgrid/pythia-6.9b-fullgrid-100m-p1200-perchannel-john/heat/gpt_neox.layers.12.input_layernorm.npy
1638528	2026-05-28T19:52:37.0000000000	./john/fullgrid/pythia-6.9b-fullgrid-100m-p1200-perchannel-john/heat/gpt_neox.layers.2.attention.dense.npy
1638528	2026-05-28T19:52:37.0000000000	./john/fullgrid/pythia-6.9b-fullgrid-100m-p1200-perchannel-john/heat/gpt_neox.layers.2.input_layernorm.npy
1638528	2026-05-28T19:52:37.0000000000	./john/fullgrid/pythia-6.9b-fullgrid-100m-p1200-perchannel-john/heat/gpt_neox.layers.2.mlp.dense_4h_to_h.npy
1638528	2026-05-28T19:52:37.0000000000	./john/fullgrid/pythia-6.9b-fullgrid-100m-p1200-perchannel-john/heat/gpt_neox.layers.2.post_attention_layernorm.npy
1638528	2026-05-28T19:52:37.0000000000	./john/fullgrid/pythia-6.9b-fullgrid-100m-p1200-perchannel-john/heat/gpt_neox.layers.3.attention.dense.npy
1638528	2026-05-28T19:52:37.0000000000	./john/fullgrid/pythia-6.9b-fullgrid-100m-p1200-perchannel-john/heat/gpt_neox.layers.3.input_layernorm.npy
1638528	2026-05-28T19:52:37.0000000000	./john/fullgrid/pythia-6.9b-fullgrid-100m-p1200-perchannel-john/heat/gpt_neox.layers.3.mlp.dense_4h_to_h.npy
1638528	2026-05-28T19:52:37.0000000000	./john/fullgrid/pythia-6.9b-fullgrid-100m-p1200-perchannel-john/heat/gpt_neox.layers.3.post_attention_layernorm.npy
1638528	2026-05-28T19:52:37.0000000000	./john/fullgrid/pythia-6.9b-fullgrid-100m-p1200-perchannel-john/heat/gpt_neox.layers.4.attention.dense.npy
1638528	2026-05-28T19:52:37.0000000000	./john/fullgrid/pythia-6.9b-fullgrid-100m-p1200-perchannel-john/heat/gpt_neox.layers.4.input_layernorm.npy
1638528	2026-05-28T19:52:37.0000000000	./john/fullgrid/pythia-6.9b-fullgrid-100m-p1200-perchannel-john/heat/gpt_neox.layers.4.mlp.dense_4h_to_h.npy
1638528	2026-05-28T19:52:37.0000000000	./john/fullgrid/pythia-6.9b-fullgrid-100m-p1200-perchannel-john/heat/gpt_neox.layers.4.post_attention_layernorm.npy
1638528	2026-05-28T19:52:37.0000000000	./john/fullgrid/pythia-6.9b-fullgrid-100m-p1200-perchannel-john/heat/gpt_neox.layers.5.attention.dense.npy
1638528	2026-05-28T19:52:37.0000000000	./john/fullgrid/pythia-6.9b-fullgrid-100m-p1200-perchannel-john/heat/gpt_neox.layers.5.input_layernorm.npy
1638528	2026-05-28T19:52:37.0000000000	./john/fullgrid/pythia-6.9b-fullgrid-100m-p1200-perchannel-john/heat/gpt_neox.layers.5.mlp.dense_4h_to_h.npy
1638528	2026-05-28T19:52:37.0000000000	./john/fullgrid/pythia-6.9b-fullgrid-100m-p1200-perchannel-john/heat/gpt_neox.layers.5.post_attention_layernorm.npy
1638528	2026-05-28T19:52:37.0000000000	./john/fullgrid/pythia-6.9b-fullgrid-100m-p1200-perchannel-john/heat/gpt_neox.layers.6.attention.dense.npy
1638528	2026-05-28T19:52:37.0000000000	./john/fullgrid/pythia-6.9b-fullgrid-100m-p1200-perchannel-john/heat/gpt_neox.layers.6.input_layernorm.npy
1638528	2026-05-28T19:52:37.0000000000	./john/fullgrid/pythia-6.9b-fullgrid-100m-p1200-perchannel-john/heat/gpt_neox.layers.6.mlp.dense_4h_to_h.npy
1638528	2026-05-28T19:52:37.0000000000	./john/fullgrid/pythia-6.9b-fullgrid-100m-p1200-perchannel-john/heat/gpt_neox.layers.6.post_attention_layernorm.npy
1638528	2026-05-28T19:52:37.0000000000	./john/fullgrid/pythia-6.9b-fullgrid-100m-p1200-perchannel-john/heat/gpt_neox.layers.7.attention.dense.npy
1638528	2026-05-28T19:52:37.0000000000	./john/fullgrid/pythia-6.9b-fullgrid-100m-p1200-perchannel-john/heat/gpt_neox.layers.7.input_layernorm.npy
1638528	2026-05-28T19:52:37.0000000000	./john/fullgrid/pythia-6.9b-fullgrid-100m-p1200-perchannel-john/heat/gpt_neox.layers.7.mlp.dense_4h_to_h.npy
1638528	2026-05-28T19:52:37.0000000000	./john/fullgrid/pythia-6.9b-fullgrid-100m-p1200-perchannel-john/heat/gpt_neox.layers.7.post_attention_layernorm.npy
1638528	2026-05-28T19:52:37.0000000000	./john/fullgrid/pythia-6.9b-fullgrid-100m-p1200-perchannel-john/heat/gpt_neox.layers.8.attention.dense.npy
1638528	2026-05-28T19:52:37.0000000000	./john/fullgrid/pythia-6.9b-fullgrid-100m-p1200-perchannel-john/heat/gpt_neox.layers.8.input_layernorm.npy
1638528	2026-05-28T19:52:37.0000000000	./john/fullgrid/pythia-6.9b-fullgrid-100m-p1200-perchannel-john/heat/gpt_neox.layers.8.mlp.dense_4h_to_h.npy
1638528	2026-05-28T19:52:37.0000000000	./john/fullgrid/pythia-6.9b-fullgrid-100m-p1200-perchannel-john/heat/gpt_neox.layers.8.post_attention_layernorm.npy
1638528	2026-05-28T19:52:37.0000000000	./john/fullgrid/pythia-6.9b-fullgrid-100m-p1200-perchannel-john/heat/gpt_neox.layers.9.attention.dense.npy
1638528	2026-05-28T19:52:37.0000000000	./john/fullgrid/pythia-6.9b-fullgrid-100m-p1200-perchannel-john/heat/gpt_neox.layers.9.input_layernorm.npy
1638528	2026-05-28T19:52:37.0000000000	./john/fullgrid/pythia-6.9b-fullgrid-100m-p1200-perchannel-john/heat/gpt_neox.layers.9.mlp.dense_4h_to_h.npy
1638528	2026-05-28T19:52:37.0000000000	./john/fullgrid/pythia-6.9b-fullgrid-100m-p1200-perchannel-john/heat/gpt_neox.layers.9.post_attention_layernorm.npy
1638528	2026-05-28T19:52:38.0000000000	./john/fullgrid/pythia-6.9b-fullgrid-100m-p1200-perchannel-john/heat/gpt_neox.layers.12.attention.dense.npy
1638528	2026-05-28T19:52:38.0000000000	./john/fullgrid/pythia-6.9b-fullgrid-100m-p1200-perchannel-john/heat/gpt_neox.layers.12.mlp.dense_4h_to_h.npy
1638528	2026-05-28T19:52:38.0000000000	./john/fullgrid/pythia-6.9b-fullgrid-100m-p1200-perchannel-john/heat/gpt_neox.layers.12.post_attention_layernorm.npy
1638528	2026-05-28T19:52:38.0000000000	./john/fullgrid/pythia-6.9b-fullgrid-100m-p1200-perchannel-john/heat/gpt_neox.layers.13.attention.dense.npy
1638528	2026-05-28T19:52:38.0000000000	./john/fullgrid/pythia-6.9b-fullgrid-100m-p1200-perchannel-john/heat/gpt_neox.layers.13.input_layernorm.npy
1638528	2026-05-28T19:52:38.0000000000	./john/fullgrid/pythia-6.9b-fullgrid-100m-p1200-perchannel-john/heat/gpt_neox.layers.13.mlp.dense_4h_to_h.npy
1638528	2026-05-28T19:52:38.0000000000	./john/fullgrid/pythia-6.9b-fullgrid-100m-p1200-perchannel-john/heat/gpt_neox.layers.13.post_attention_layernorm.npy
1638528	2026-05-28T19:52:38.0000000000	./john/fullgrid/pythia-6.9b-fullgrid-100m-p1200-perchannel-john/heat/gpt_neox.layers.14.attention.dense.npy
1638528	2026-05-28T19:52:38.0000000000	./john/fullgrid/pythia-6.9b-fullgrid-100m-p1200-perchannel-john/heat/gpt_neox.layers.14.input_layernorm.npy
1638528	2026-05-28T19:52:38.0000000000	./john/fullgrid/pythia-6.9b-fullgrid-100m-p1200-perchannel-john/heat/gpt_neox.layers.14.mlp.dense_4h_to_h.npy
1638528	2026-05-28T19:52:38.0000000000	./john/fullgrid/pythia-6.9b-fullgrid-100m-p1200-perchannel-john/heat/gpt_neox.layers.14.post_attention_layernorm.npy
1638528	2026-05-28T19:52:38.0000000000	./john/fullgrid/pythia-6.9b-fullgrid-100m-p1200-perchannel-john/heat/gpt_neox.layers.15.attention.dense.npy
1638528	2026-05-28T19:52:38.0000000000	./john/fullgrid/pythia-6.9b-fullgrid-100m-p1200-perchannel-john/heat/gpt_neox.layers.15.input_layernorm.npy
1638528	2026-05-28T19:52:38.0000000000	./john/fullgrid/pythia-6.9b-fullgrid-100m-p1200-perchannel-john/heat/gpt_neox.layers.15.mlp.dense_4h_to_h.npy
1638528	2026-05-28T19:52:38.0000000000	./john/fullgrid/pythia-6.9b-fullgrid-100m-p1200-perchannel-john/heat/gpt_neox.layers.15.post_attention_layernorm.npy
1638528	2026-05-28T19:52:38.0000000000	./john/fullgrid/pythia-6.9b-fullgrid-100m-p1200-perchannel-john/heat/gpt_neox.layers.16.attention.dense.npy
1638528	2026-05-28T19:52:38.0000000000	./john/fullgrid/pythia-6.9b-fullgrid-100m-p1200-perchannel-john/heat/gpt_neox.layers.16.input_layernorm.npy
1638528	2026-05-28T19:52:38.0000000000	./john/fullgrid/pythia-6.9b-fullgrid-100m-p1200-perchannel-john/heat/gpt_neox.layers.16.mlp.dense_4h_to_h.npy
1638528	2026-05-28T19:52:38.0000000000	./john/fullgrid/pythia-6.9b-fullgrid-100m-p1200-perchannel-john/heat/gpt_neox.layers.16.post_attention_layernorm.npy
1638528	2026-05-28T19:52:38.0000000000	./john/fullgrid/pythia-6.9b-fullgrid-100m-p1200-perchannel-john/heat/gpt_neox.layers.17.attention.dense.npy
1638528	2026-05-28T19:52:38.0000000000	./john/fullgrid/pythia-6.9b-fullgrid-100m-p1200-perchannel-john/heat/gpt_neox.layers.17.input_layernorm.npy
1638528	2026-05-28T19:52:38.0000000000	./john/fullgrid/pythia-6.9b-fullgrid-100m-p1200-perchannel-john/heat/gpt_neox.layers.17.mlp.dense_4h_to_h.npy
1638528	2026-05-28T19:52:38.0000000000	./john/fullgrid/pythia-6.9b-fullgrid-100m-p1200-perchannel-john/heat/gpt_neox.layers.17.post_attention_layernorm.npy
1638528	2026-05-28T19:52:38.0000000000	./john/fullgrid/pythia-6.9b-fullgrid-100m-p1200-perchannel-john/heat/gpt_neox.layers.18.attention.dense.npy
1638528	2026-05-28T19:52:38.0000000000	./john/fullgrid/pythia-6.9b-fullgrid-100m-p1200-perchannel-john/heat/gpt_neox.layers.18.input_layernorm.npy
1638528	2026-05-28T19:52:38.0000000000	./john/fullgrid/pythia-6.9b-fullgrid-100m-p1200-perchannel-john/heat/gpt_neox.layers.18.mlp.dense_4h_to_h.npy
1638528	2026-05-28T19:52:38.0000000000	./john/fullgrid/pythia-6.9b-fullgrid-100m-p1200-perchannel-john/heat/gpt_neox.layers.18.post_attention_layernorm.npy
1638528	2026-05-28T19:52:38.0000000000	./john/fullgrid/pythia-6.9b-fullgrid-100m-p1200-perchannel-john/heat/gpt_neox.layers.19.attention.dense.npy
1638528	2026-05-28T19:52:38.0000000000	./john/fullgrid/pythia-6.9b-fullgrid-100m-p1200-perchannel-john/heat/gpt_neox.layers.19.input_layernorm.npy
1638528	2026-05-28T19:52:38.0000000000	./john/fullgrid/pythia-6.9b-fullgrid-100m-p1200-perchannel-john/heat/gpt_neox.layers.19.mlp.dense_4h_to_h.npy
1638528	2026-05-28T19:52:38.0000000000	./john/fullgrid/pythia-6.9b-fullgrid-100m-p1200-perchannel-john/heat/gpt_neox.layers.19.post_attention_layernorm.npy
1638528	2026-05-28T19:52:38.0000000000	./john/fullgrid/pythia-6.9b-fullgrid-100m-p1200-perchannel-john/heat/gpt_neox.layers.20.attention.dense.npy
1638528	2026-05-28T19:52:38.0000000000	./john/fullgrid/pythia-6.9b-fullgrid-100m-p1200-perchannel-john/heat/gpt_neox.layers.20.input_layernorm.npy
1638528	2026-05-28T19:52:38.0000000000	./john/fullgrid/pythia-6.9b-fullgrid-100m-p1200-perchannel-john/heat/gpt_neox.layers.20.mlp.dense_4h_to_h.npy
1638528	2026-05-28T19:52:38.0000000000	./john/fullgrid/pythia-6.9b-fullgrid-100m-p1200-perchannel-john/heat/gpt_neox.layers.20.post_attention_layernorm.npy
1638528	2026-05-28T19:52:38.0000000000	./john/fullgrid/pythia-6.9b-fullgrid-100m-p1200-perchannel-john/heat/gpt_neox.layers.21.attention.dense.npy
1638528	2026-05-28T19:52:38.0000000000	./john/fullgrid/pythia-6.9b-fullgrid-100m-p1200-perchannel-john/heat/gpt_neox.layers.21.input_layernorm.npy
1638528	2026-05-28T19:52:38.0000000000	./john/fullgrid/pythia-6.9b-fullgrid-100m-p1200-perchannel-john/heat/gpt_neox.layers.21.mlp.dense_4h_to_h.npy
1638528	2026-05-28T19:52:38.0000000000	./john/fullgrid/pythia-6.9b-fullgrid-100m-p1200-perchannel-john/heat/gpt_neox.layers.21.post_attention_layernorm.npy
1638528	2026-05-28T19:52:38.0000000000	./john/fullgrid/pythia-6.9b-fullgrid-100m-p1200-perchannel-john/heat/gpt_neox.layers.22.attention.dense.npy
1638528	2026-05-28T19:52:38.0000000000	./john/fullgrid/pythia-6.9b-fullgrid-100m-p1200-perchannel-john/heat/gpt_neox.layers.22.input_layernorm.npy
1638528	2026-05-28T19:52:38.0000000000	./john/fullgrid/pythia-6.9b-fullgrid-100m-p1200-perchannel-john/heat/gpt_neox.layers.22.mlp.dense_4h_to_h.npy
1638528	2026-05-28T19:52:38.0000000000	./john/fullgrid/pythia-6.9b-fullgrid-100m-p1200-perchannel-john/heat/gpt_neox.layers.22.post_attention_layernorm.npy
1638528	2026-05-28T19:52:38.0000000000	./john/fullgrid/pythia-6.9b-fullgrid-100m-p1200-perchannel-john/heat/gpt_neox.layers.23.attention.dense.npy
1638528	2026-05-28T19:52:38.0000000000	./john/fullgrid/pythia-6.9b-fullgrid-100m-p1200-perchannel-john/heat/gpt_neox.layers.23.input_layernorm.npy
1638528	2026-05-28T19:52:38.0000000000	./john/fullgrid/pythia-6.9b-fullgrid-100m-p1200-perchannel-john/heat/gpt_neox.layers.23.mlp.dense_4h_to_h.npy
1638528	2026-05-28T19:52:38.0000000000	./john/fullgrid/pythia-6.9b-fullgrid-100m-p1200-perchannel-john/heat/gpt_neox.layers.23.post_attention_layernorm.npy
1638528	2026-05-28T19:52:38.0000000000	./john/fullgrid/pythia-6.9b-fullgrid-100m-p1200-perchannel-john/heat/gpt_neox.layers.24.attention.dense.npy
1638528	2026-05-28T19:52:38.0000000000	./john/fullgrid/pythia-6.9b-fullgrid-100m-p1200-perchannel-john/heat/gpt_neox.layers.24.input_layernorm.npy
1638528	2026-05-28T19:52:38.0000000000	./john/fullgrid/pythia-6.9b-fullgrid-100m-p1200-perchannel-john/heat/gpt_neox.layers.24.mlp.dense_4h_to_h.npy
1638528	2026-05-28T19:52:38.0000000000	./john/fullgrid/pythia-6.9b-fullgrid-100m-p1200-perchannel-john/heat/gpt_neox.layers.24.post_attention_layernorm.npy
1638528	2026-05-28T19:52:38.0000000000	./john/fullgrid/pythia-6.9b-fullgrid-100m-p1200-perchannel-john/heat/gpt_neox.layers.25.input_layernorm.npy
1638528	2026-05-28T19:52:39.0000000000	./john/fullgrid/pythia-6.9b-fullgrid-100m-p1200-perchannel-john/heat/gpt_neox.final_layer_norm.npy
1638528	2026-05-28T19:52:39.0000000000	./john/fullgrid/pythia-6.9b-fullgrid-100m-p1200-perchannel-john/heat/gpt_neox.layers.25.attention.dense.npy
1638528	2026-05-28T19:52:39.0000000000	./john/fullgrid/pythia-6.9b-fullgrid-100m-p1200-perchannel-john/heat/gpt_neox.layers.25.mlp.dense_4h_to_h.npy
1638528	2026-05-28T19:52:39.0000000000	./john/fullgrid/pythia-6.9b-fullgrid-100m-p1200-perchannel-john/heat/gpt_neox.layers.25.post_attention_layernorm.npy
1638528	2026-05-28T19:52:39.0000000000	./john/fullgrid/pythia-6.9b-fullgrid-100m-p1200-perchannel-john/heat/gpt_neox.layers.26.attention.dense.npy
1638528	2026-05-28T19:52:39.0000000000	./john/fullgrid/pythia-6.9b-fullgrid-100m-p1200-perchannel-john/heat/gpt_neox.layers.26.input_layernorm.npy
1638528	2026-05-28T19:52:39.0000000000	./john/fullgrid/pythia-6.9b-fullgrid-100m-p1200-perchannel-john/heat/gpt_neox.layers.26.mlp.dense_4h_to_h.npy
1638528	2026-05-28T19:52:39.0000000000	./john/fullgrid/pythia-6.9b-fullgrid-100m-p1200-perchannel-john/heat/gpt_neox.layers.26.post_attention_layernorm.npy
1638528	2026-05-28T19:52:39.0000000000	./john/fullgrid/pythia-6.9b-fullgrid-100m-p1200-perchannel-john/heat/gpt_neox.layers.27.attention.dense.npy
1638528	2026-05-28T19:52:39.0000000000	./john/fullgrid/pythia-6.9b-fullgrid-100m-p1200-perchannel-john/heat/gpt_neox.layers.27.input_layernorm.npy
1638528	2026-05-28T19:52:39.0000000000	./john/fullgrid/pythia-6.9b-fullgrid-100m-p1200-perchannel-john/heat/gpt_neox.layers.27.mlp.dense_4h_to_h.npy
1638528	2026-05-28T19:52:39.0000000000	./john/fullgrid/pythia-6.9b-fullgrid-100m-p1200-perchannel-john/heat/gpt_neox.layers.27.post_attention_layernorm.npy
1638528	2026-05-28T19:52:39.0000000000	./john/fullgrid/pythia-6.9b-fullgrid-100m-p1200-perchannel-john/heat/gpt_neox.layers.28.attention.dense.npy
1638528	2026-05-28T19:52:39.0000000000	./john/fullgrid/pythia-6.9b-fullgrid-100m-p1200-perchannel-john/heat/gpt_neox.layers.28.input_layernorm.npy
1638528	2026-05-28T19:52:39.0000000000	./john/fullgrid/pythia-6.9b-fullgrid-100m-p1200-perchannel-john/heat/gpt_neox.layers.28.mlp.dense_4h_to_h.npy
1638528	2026-05-28T19:52:39.0000000000	./john/fullgrid/pythia-6.9b-fullgrid-100m-p1200-perchannel-john/heat/gpt_neox.layers.28.post_attention_layernorm.npy
1638528	2026-05-28T19:52:39.0000000000	./john/fullgrid/pythia-6.9b-fullgrid-100m-p1200-perchannel-john/heat/gpt_neox.layers.29.attention.dense.npy
1638528	2026-05-28T19:52:39.0000000000	./john/fullgrid/pythia-6.9b-fullgrid-100m-p1200-perchannel-john/heat/gpt_neox.layers.29.input_layernorm.npy
1638528	2026-05-28T19:52:39.0000000000	./john/fullgrid/pythia-6.9b-fullgrid-100m-p1200-perchannel-john/heat/gpt_neox.layers.29.mlp.dense_4h_to_h.npy
1638528	2026-05-28T19:52:39.0000000000	./john/fullgrid/pythia-6.9b-fullgrid-100m-p1200-perchannel-john/heat/gpt_neox.layers.29.post_attention_layernorm.npy
1638528	2026-05-28T19:52:39.0000000000	./john/fullgrid/pythia-6.9b-fullgrid-100m-p1200-perchannel-john/heat/gpt_neox.layers.30.attention.dense.npy
1638528	2026-05-28T19:52:39.0000000000	./john/fullgrid/pythia-6.9b-fullgrid-100m-p1200-perchannel-john/heat/gpt_neox.layers.30.input_layernorm.npy
1638528	2026-05-28T19:52:39.0000000000	./john/fullgrid/pythia-6.9b-fullgrid-100m-p1200-perchannel-john/heat/gpt_neox.layers.30.mlp.dense_4h_to_h.npy
1638528	2026-05-28T19:52:39.0000000000	./john/fullgrid/pythia-6.9b-fullgrid-100m-p1200-perchannel-john/heat/gpt_neox.layers.30.post_attention_layernorm.npy
1638528	2026-05-28T19:52:39.0000000000	./john/fullgrid/pythia-6.9b-fullgrid-100m-p1200-perchannel-john/heat/gpt_neox.layers.31.attention.dense.npy
1638528	2026-05-28T19:52:39.0000000000	./john/fullgrid/pythia-6.9b-fullgrid-100m-p1200-perchannel-john/heat/gpt_neox.layers.31.input_layernorm.npy
1638528	2026-05-28T19:52:39.0000000000	./john/fullgrid/pythia-6.9b-fullgrid-100m-p1200-perchannel-john/heat/gpt_neox.layers.31.mlp.dense_4h_to_h.npy
1638528	2026-05-28T19:52:39.0000000000	./john/fullgrid/pythia-6.9b-fullgrid-100m-p1200-perchannel-john/heat/gpt_neox.layers.31.post_attention_layernorm.npy
1766	2026-05-28T11:32:58.0000000000	./ai/fullgrid/logs/gpt2-medium-fullgrid-100m-p720-fixededges.log
1766	2026-05-28T11:32:58.0000000000	./local-index/ai/fullgrid/logs/gpt2-medium-fullgrid-100m-p720-fixededges.log
1777	2026-05-28T11:44:56.0000000000	./ai/fullgrid/logs/qwen3.5-4b-fullgrid-100m-p1200-perchannel.log
1777	2026-05-28T11:44:56.0000000000	./local-index/ai/fullgrid/logs/qwen3.5-4b-fullgrid-100m-p1200-perchannel.log
1928	2026-05-28T12:55:39.0000000000	./john/fullgrid/logs/dsr1-7b-fullgrid-100m-p1200-perchannel-fd4096.log
1928	2026-05-28T12:55:39.0000000000	./local-index/john/fullgrid/logs/dsr1-7b-fullgrid-100m-p1200-perchannel-fd4096.log
196690048	2026-05-28T17:08:09.0000000000	./john/fullgrid/bloom-560m-fullgrid-100m-p1200-perchannel-john/heat/lm_head.npy
196690048	2026-05-28T18:29:47.0000000000	./john/fullgrid/bloomz-560m-fullgrid-100m-p1200-perchannel-john/heat/lm_head.npy
20172928	2026-05-28T19:52:39.0000000000	./john/fullgrid/pythia-6.9b-fullgrid-100m-p1200-perchannel-john/heat/embed_out.npy
204928	2026-05-29T00:28:11.0000000000	./gx10/fullgrid/qwen7b-fullgrid-100m-p1200-perchannel/heat/model.layers.0.self_attn.k_proj.npy
204928	2026-05-29T00:28:11.0000000000	./gx10/fullgrid/qwen7b-fullgrid-100m-p1200-perchannel/heat/model.layers.0.self_attn.v_proj.npy
204928	2026-05-29T00:28:13.0000000000	./gx10/fullgrid/qwen7b-fullgrid-100m-p1200-perchannel/heat/model.layers.1.self_attn.k_proj.npy
204928	2026-05-29T00:28:13.0000000000	./gx10/fullgrid/qwen7b-fullgrid-100m-p1200-perchannel/heat/model.layers.1.self_attn.v_proj.npy
204928	2026-05-29T00:28:14.0000000000	./gx10/fullgrid/qwen7b-fullgrid-100m-p1200-perchannel/heat/model.layers.2.self_attn.k_proj.npy
204928	2026-05-29T00:28:14.0000000000	./gx10/fullgrid/qwen7b-fullgrid-100m-p1200-perchannel/heat/model.layers.2.self_attn.v_proj.npy
204928	2026-05-29T00:28:15.0000000000	./gx10/fullgrid/qwen7b-fullgrid-100m-p1200-perchannel/heat/model.layers.3.self_attn.k_proj.npy
204928	2026-05-29T00:28:15.0000000000	./gx10/fullgrid/qwen7b-fullgrid-100m-p1200-perchannel/heat/model.layers.3.self_attn.v_proj.npy
204928	2026-05-29T00:28:16.0000000000	./gx10/fullgrid/qwen7b-fullgrid-100m-p1200-perchannel/heat/model.layers.4.self_attn.k_proj.npy
204928	2026-05-29T00:28:16.0000000000	./gx10/fullgrid/qwen7b-fullgrid-100m-p1200-perchannel/heat/model.layers.4.self_attn.v_proj.npy
204928	2026-05-29T00:28:17.0000000000	./gx10/fullgrid/qwen7b-fullgrid-100m-p1200-perchannel/heat/model.layers.5.self_attn.k_proj.npy
204928	2026-05-29T00:28:17.0000000000	./gx10/fullgrid/qwen7b-fullgrid-100m-p1200-perchannel/heat/model.layers.5.self_attn.v_proj.npy
204928	2026-05-29T00:28:19.0000000000	./gx10/fullgrid/qwen7b-fullgrid-100m-p1200-perchannel/heat/model.layers.6.self_attn.k_proj.npy
204928	2026-05-29T00:28:19.0000000000	./gx10/fullgrid/qwen7b-fullgrid-100m-p1200-perchannel/heat/model.layers.6.self_attn.v_proj.npy
204928	2026-05-29T00:28:20.0000000000	./gx10/fullgrid/qwen7b-fullgrid-100m-p1200-perchannel/heat/model.layers.7.self_attn.k_proj.npy
204928	2026-05-29T00:28:20.0000000000	./gx10/fullgrid/qwen7b-fullgrid-100m-p1200-perchannel/heat/model.layers.7.self_attn.v_proj.npy
204928	2026-05-29T00:28:22.0000000000	./gx10/fullgrid/qwen7b-fullgrid-100m-p1200-perchannel/heat/model.layers.8.self_attn.k_proj.npy
204928	2026-05-29T00:28:22.0000000000	./gx10/fullgrid/qwen7b-fullgrid-100m-p1200-perchannel/heat/model.layers.8.self_attn.v_proj.npy
204928	2026-05-29T00:28:23.0000000000	./gx10/fullgrid/qwen7b-fullgrid-100m-p1200-perchannel/heat/model.layers.9.self_attn.k_proj.npy
204928	2026-05-29T00:28:23.0000000000	./gx10/fullgrid/qwen7b-fullgrid-100m-p1200-perchannel/heat/model.layers.9.self_attn.v_proj.npy
204928	2026-05-29T00:28:24.0000000000	./gx10/fullgrid/qwen7b-fullgrid-100m-p1200-perchannel/heat/model.layers.10.self_attn.k_proj.npy
204928	2026-05-29T00:28:24.0000000000	./gx10/fullgrid/qwen7b-fullgrid-100m-p1200-perchannel/heat/model.layers.10.self_attn.v_proj.npy
204928	2026-05-29T00:28:26.0000000000	./gx10/fullgrid/qwen7b-fullgrid-100m-p1200-perchannel/heat/model.layers.11.self_attn.k_proj.npy
204928	2026-05-29T00:28:26.0000000000	./gx10/fullgrid/qwen7b-fullgrid-100m-p1200-perchannel/heat/model.layers.11.self_attn.v_proj.npy
204928	2026-05-29T00:28:27.0000000000	./gx10/fullgrid/qwen7b-fullgrid-100m-p1200-perchannel/heat/model.layers.12.self_attn.k_proj.npy
204928	2026-05-29T00:28:27.0000000000	./gx10/fullgrid/qwen7b-fullgrid-100m-p1200-perchannel/heat/model.layers.12.self_attn.v_proj.npy
204928	2026-05-29T00:28:28.0000000000	./gx10/fullgrid/qwen7b-fullgrid-100m-p1200-perchannel/heat/model.layers.13.self_attn.k_proj.npy
204928	2026-05-29T00:28:28.0000000000	./gx10/fullgrid/qwen7b-fullgrid-100m-p1200-perchannel/heat/model.layers.13.self_attn.v_proj.npy
204928	2026-05-29T00:28:30.0000000000	./gx10/fullgrid/qwen7b-fullgrid-100m-p1200-perchannel/heat/model.layers.14.self_attn.k_proj.npy
204928	2026-05-29T00:28:30.0000000000	./gx10/fullgrid/qwen7b-fullgrid-100m-p1200-perchannel/heat/model.layers.14.self_attn.v_proj.npy
204928	2026-05-29T00:28:32.0000000000	./gx10/fullgrid/qwen7b-fullgrid-100m-p1200-perchannel/heat/model.layers.15.self_attn.k_proj.npy
204928	2026-05-29T00:28:32.0000000000	./gx10/fullgrid/qwen7b-fullgrid-100m-p1200-perchannel/heat/model.layers.15.self_attn.v_proj.npy
204928	2026-05-29T00:28:33.0000000000	./gx10/fullgrid/qwen7b-fullgrid-100m-p1200-perchannel/heat/model.layers.16.self_attn.k_proj.npy
204928	2026-05-29T00:28:33.0000000000	./gx10/fullgrid/qwen7b-fullgrid-100m-p1200-perchannel/heat/model.layers.16.self_attn.v_proj.npy
204928	2026-05-29T00:28:35.0000000000	./gx10/fullgrid/qwen7b-fullgrid-100m-p1200-perchannel/heat/model.layers.17.self_attn.k_proj.npy
204928	2026-05-29T00:28:35.0000000000	./gx10/fullgrid/qwen7b-fullgrid-100m-p1200-perchannel/heat/model.layers.17.self_attn.v_proj.npy
204928	2026-05-29T00:28:36.0000000000	./gx10/fullgrid/qwen7b-fullgrid-100m-p1200-perchannel/heat/model.layers.18.self_attn.k_proj.npy
204928	2026-05-29T00:28:36.0000000000	./gx10/fullgrid/qwen7b-fullgrid-100m-p1200-perchannel/heat/model.layers.18.self_attn.v_proj.npy
204928	2026-05-29T00:28:37.0000000000	./gx10/fullgrid/qwen7b-fullgrid-100m-p1200-perchannel/heat/model.layers.19.self_attn.k_proj.npy
204928	2026-05-29T00:28:37.0000000000	./gx10/fullgrid/qwen7b-fullgrid-100m-p1200-perchannel/heat/model.layers.19.self_attn.v_proj.npy
204928	2026-05-29T00:28:39.0000000000	./gx10/fullgrid/qwen7b-fullgrid-100m-p1200-perchannel/heat/model.layers.20.self_attn.k_proj.npy
204928	2026-05-29T00:28:39.0000000000	./gx10/fullgrid/qwen7b-fullgrid-100m-p1200-perchannel/heat/model.layers.20.self_attn.v_proj.npy
204928	2026-05-29T00:28:40.0000000000	./gx10/fullgrid/qwen7b-fullgrid-100m-p1200-perchannel/heat/model.layers.21.self_attn.k_proj.npy
204928	2026-05-29T00:28:40.0000000000	./gx10/fullgrid/qwen7b-fullgrid-100m-p1200-perchannel/heat/model.layers.21.self_attn.v_proj.npy
204928	2026-05-29T00:28:41.0000000000	./gx10/fullgrid/qwen7b-fullgrid-100m-p1200-perchannel/heat/model.layers.22.self_attn.k_proj.npy
204928	2026-05-29T00:28:41.0000000000	./gx10/fullgrid/qwen7b-fullgrid-100m-p1200-perchannel/heat/model.layers.22.self_attn.v_proj.npy
204928	2026-05-29T00:28:43.0000000000	./gx10/fullgrid/qwen7b-fullgrid-100m-p1200-perchannel/heat/model.layers.23.self_attn.k_proj.npy
204928	2026-05-29T00:28:43.0000000000	./gx10/fullgrid/qwen7b-fullgrid-100m-p1200-perchannel/heat/model.layers.23.self_attn.v_proj.npy
204928	2026-05-29T00:28:44.0000000000	./gx10/fullgrid/qwen7b-fullgrid-100m-p1200-perchannel/heat/model.layers.24.self_attn.k_proj.npy
204928	2026-05-29T00:28:44.0000000000	./gx10/fullgrid/qwen7b-fullgrid-100m-p1200-perchannel/heat/model.layers.24.self_attn.v_proj.npy
204928	2026-05-29T00:28:45.0000000000	./gx10/fullgrid/qwen7b-fullgrid-100m-p1200-perchannel/heat/model.layers.25.self_attn.k_proj.npy
204928	2026-05-29T00:28:45.0000000000	./gx10/fullgrid/qwen7b-fullgrid-100m-p1200-perchannel/heat/model.layers.25.self_attn.v_proj.npy
204928	2026-05-29T00:28:47.0000000000	./gx10/fullgrid/qwen7b-fullgrid-100m-p1200-perchannel/heat/model.layers.26.self_attn.k_proj.npy
204928	2026-05-29T00:28:47.0000000000	./gx10/fullgrid/qwen7b-fullgrid-100m-p1200-perchannel/heat/model.layers.26.self_attn.v_proj.npy
204928	2026-05-29T00:28:48.0000000000	./gx10/fullgrid/qwen7b-fullgrid-100m-p1200-perchannel/heat/model.layers.27.self_attn.k_proj.npy
204928	2026-05-29T00:28:49.0000000000	./gx10/fullgrid/qwen7b-fullgrid-100m-p1200-perchannel/heat/model.layers.27.self_attn.v_proj.npy
204928	2026-05-29T10:22:01.0000000000	./ai/fullgrid/qwen2.5-7b-instruct-fullgrid-100m-p1200-perchannel/heat/model.layers.9.self_attn.k_proj.npy
204928	2026-05-29T10:22:01.0000000000	./ai/fullgrid/qwen2.5-7b-instruct-fullgrid-100m-p1200-perchannel/heat/model.layers.9.self_attn.v_proj.npy
204928	2026-05-29T10:22:22.0000000000	./ai/fullgrid/qwen2.5-7b-instruct-fullgrid-100m-p1200-perchannel/heat/model.layers.12.self_attn.k_proj.npy
204928	2026-05-29T10:23:05.0000000000	./ai/fullgrid/qwen2.5-7b-instruct-fullgrid-100m-p1200-perchannel/heat/model.layers.18.self_attn.k_proj.npy
204928	2026-05-29T10:23:12.0000000000	./ai/fullgrid/qwen2.5-7b-instruct-fullgrid-100m-p1200-perchannel/heat/model.layers.19.self_attn.v_proj.npy
204928	2026-05-29T10:23:26.0000000000	./ai/fullgrid/qwen2.5-7b-instruct-fullgrid-100m-p1200-perchannel/heat/model.layers.21.self_attn.v_proj.npy
204928	2026-05-29T10:23:33.0000000000	./ai/fullgrid/qwen2.5-7b-instruct-fullgrid-100m-p1200-perchannel/heat/model.layers.22.self_attn.k_proj.npy
204928	2026-05-29T10:23:33.0000000000	./ai/fullgrid/qwen2.5-7b-instruct-fullgrid-100m-p1200-perchannel/heat/model.layers.22.self_attn.v_proj.npy
204928	2026-05-29T10:23:41.0000000000	./ai/fullgrid/qwen2.5-7b-instruct-fullgrid-100m-p1200-perchannel/heat/model.layers.23.self_attn.v_proj.npy
204928	2026-05-29T10:23:48.0000000000	./ai/fullgrid/qwen2.5-7b-instruct-fullgrid-100m-p1200-perchannel/heat/model.layers.24.self_attn.k_proj.npy
204928	2026-05-29T10:23:48.0000000000	./ai/fullgrid/qwen2.5-7b-instruct-fullgrid-100m-p1200-perchannel/heat/model.layers.24.self_attn.v_proj.npy
204928	2026-05-29T10:23:55.0000000000	./ai/fullgrid/qwen2.5-7b-instruct-fullgrid-100m-p1200-perchannel/heat/model.layers.25.self_attn.k_proj.npy
204928	2026-05-29T10:24:02.0000000000	./ai/fullgrid/qwen2.5-7b-instruct-fullgrid-100m-p1200-perchannel/heat/model.layers.26.self_attn.k_proj.npy
204928	2026-05-29T10:24:02.0000000000	./ai/fullgrid/qwen2.5-7b-instruct-fullgrid-100m-p1200-perchannel/heat/model.layers.26.self_attn.v_proj.npy
204928	2026-05-29T10:24:33.0000000000	./ai/fullgrid/qwen2.5-7b-instruct-fullgrid-100m-p1200-perchannel/heat/model.layers.0.self_attn.k_proj.npy
204928	2026-05-29T10:24:33.0000000000	./ai/fullgrid/qwen2.5-7b-instruct-fullgrid-100m-p1200-perchannel/heat/model.layers.0.self_attn.v_proj.npy
204928	2026-05-29T10:24:40.0000000000	./ai/fullgrid/qwen2.5-7b-instruct-fullgrid-100m-p1200-perchannel/heat/model.layers.1.self_attn.k_proj.npy
204928	2026-05-29T10:24:40.0000000000	./ai/fullgrid/qwen2.5-7b-instruct-fullgrid-100m-p1200-perchannel/heat/model.layers.1.self_attn.v_proj.npy
204928	2026-05-29T10:24:47.0000000000	./ai/fullgrid/qwen2.5-7b-instruct-fullgrid-100m-p1200-perchannel/heat/model.layers.2.self_attn.k_proj.npy
204928	2026-05-29T10:24:47.0000000000	./ai/fullgrid/qwen2.5-7b-instruct-fullgrid-100m-p1200-perchannel/heat/model.layers.2.self_attn.v_proj.npy
204928	2026-05-29T10:24:54.0000000000	./ai/fullgrid/qwen2.5-7b-instruct-fullgrid-100m-p1200-perchannel/heat/model.layers.3.self_attn.k_proj.npy
204928	2026-05-29T10:24:54.0000000000	./ai/fullgrid/qwen2.5-7b-instruct-fullgrid-100m-p1200-perchannel/heat/model.layers.3.self_attn.v_proj.npy
204928	2026-05-29T10:25:01.0000000000	./ai/fullgrid/qwen2.5-7b-instruct-fullgrid-100m-p1200-perchannel/heat/model.layers.4.self_attn.k_proj.npy
204928	2026-05-29T10:25:01.0000000000	./ai/fullgrid/qwen2.5-7b-instruct-fullgrid-100m-p1200-perchannel/heat/model.layers.4.self_attn.v_proj.npy
204928	2026-05-29T10:25:08.0000000000	./ai/fullgrid/qwen2.5-7b-instruct-fullgrid-100m-p1200-perchannel/heat/model.layers.5.self_attn.k_proj.npy
204928	2026-05-29T10:25:08.0000000000	./ai/fullgrid/qwen2.5-7b-instruct-fullgrid-100m-p1200-perchannel/heat/model.layers.5.self_attn.v_proj.npy
204928	2026-05-29T10:25:15.0000000000	./ai/fullgrid/qwen2.5-7b-instruct-fullgrid-100m-p1200-perchannel/heat/model.layers.6.self_attn.k_proj.npy
204928	2026-05-29T10:25:15.0000000000	./ai/fullgrid/qwen2.5-7b-instruct-fullgrid-100m-p1200-perchannel/heat/model.layers.6.self_attn.v_proj.npy
204928	2026-05-29T10:25:22.0000000000	./ai/fullgrid/qwen2.5-7b-instruct-fullgrid-100m-p1200-perchannel/heat/model.layers.7.self_attn.k_proj.npy
204928	2026-05-29T10:25:22.0000000000	./ai/fullgrid/qwen2.5-7b-instruct-fullgrid-100m-p1200-perchannel/heat/model.layers.7.self_attn.v_proj.npy
204928	2026-05-29T10:25:29.0000000000	./ai/fullgrid/qwen2.5-7b-instruct-fullgrid-100m-p1200-perchannel/heat/model.layers.8.self_attn.k_proj.npy
204928	2026-05-29T10:25:29.0000000000	./ai/fullgrid/qwen2.5-7b-instruct-fullgrid-100m-p1200-perchannel/heat/model.layers.8.self_attn.v_proj.npy
204928	2026-05-29T10:25:43.0000000000	./ai/fullgrid/qwen2.5-7b-instruct-fullgrid-100m-p1200-perchannel/heat/model.layers.10.self_attn.k_proj.npy
204928	2026-05-29T10:25:43.0000000000	./ai/fullgrid/qwen2.5-7b-instruct-fullgrid-100m-p1200-perchannel/heat/model.layers.10.self_attn.v_proj.npy
204928	2026-05-29T10:25:50.0000000000	./ai/fullgrid/qwen2.5-7b-instruct-fullgrid-100m-p1200-perchannel/heat/model.layers.11.self_attn.k_proj.npy
204928	2026-05-29T10:25:50.0000000000	./ai/fullgrid/qwen2.5-7b-instruct-fullgrid-100m-p1200-perchannel/heat/model.layers.11.self_attn.v_proj.npy
204928	2026-05-29T10:25:57.0000000000	./ai/fullgrid/qwen2.5-7b-instruct-fullgrid-100m-p1200-perchannel/heat/model.layers.12.self_attn.v_proj.npy
204928	2026-05-29T10:26:03.0000000000	./ai/fullgrid/qwen2.5-7b-instruct-fullgrid-100m-p1200-perchannel/heat/model.layers.13.self_attn.k_proj.npy
204928	2026-05-29T10:26:04.0000000000	./ai/fullgrid/qwen2.5-7b-instruct-fullgrid-100m-p1200-perchannel/heat/model.layers.13.self_attn.v_proj.npy
204928	2026-05-29T10:26:10.0000000000	./ai/fullgrid/qwen2.5-7b-instruct-fullgrid-100m-p1200-perchannel/heat/model.layers.14.self_attn.k_proj.npy
204928	2026-05-29T10:26:11.0000000000	./ai/fullgrid/qwen2.5-7b-instruct-fullgrid-100m-p1200-perchannel/heat/model.layers.14.self_attn.v_proj.npy
204928	2026-05-29T10:26:17.0000000000	./ai/fullgrid/qwen2.5-7b-instruct-fullgrid-100m-p1200-perchannel/heat/model.layers.15.self_attn.k_proj.npy
204928	2026-05-29T10:26:18.0000000000	./ai/fullgrid/qwen2.5-7b-instruct-fullgrid-100m-p1200-perchannel/heat/model.layers.15.self_attn.v_proj.npy
204928	2026-05-29T10:26:24.0000000000	./ai/fullgrid/qwen2.5-7b-instruct-fullgrid-100m-p1200-perchannel/heat/model.layers.16.self_attn.k_proj.npy
204928	2026-05-29T10:26:25.0000000000	./ai/fullgrid/qwen2.5-7b-instruct-fullgrid-100m-p1200-perchannel/heat/model.layers.16.self_attn.v_proj.npy
204928	2026-05-29T10:26:31.0000000000	./ai/fullgrid/qwen2.5-7b-instruct-fullgrid-100m-p1200-perchannel/heat/model.layers.17.self_attn.k_proj.npy
204928	2026-05-29T10:26:31.0000000000	./ai/fullgrid/qwen2.5-7b-instruct-fullgrid-100m-p1200-perchannel/heat/model.layers.17.self_attn.v_proj.npy
204928	2026-05-29T10:26:38.0000000000	./ai/fullgrid/qwen2.5-7b-instruct-fullgrid-100m-p1200-perchannel/heat/model.layers.18.self_attn.v_proj.npy
204928	2026-05-29T10:26:45.0000000000	./ai/fullgrid/qwen2.5-7b-instruct-fullgrid-100m-p1200-perchannel/heat/model.layers.19.self_attn.k_proj.npy
204928	2026-05-29T10:26:52.0000000000	./ai/fullgrid/qwen2.5-7b-instruct-fullgrid-100m-p1200-perchannel/heat/model.layers.20.self_attn.k_proj.npy
204928	2026-05-29T10:26:52.0000000000	./ai/fullgrid/qwen2.5-7b-instruct-fullgrid-100m-p1200-perchannel/heat/model.layers.20.self_attn.v_proj.npy
204928	2026-05-29T10:26:59.0000000000	./ai/fullgrid/qwen2.5-7b-instruct-fullgrid-100m-p1200-perchannel/heat/model.layers.21.self_attn.k_proj.npy
204928	2026-05-29T10:27:13.0000000000	./ai/fullgrid/qwen2.5-7b-instruct-fullgrid-100m-p1200-perchannel/heat/model.layers.23.self_attn.k_proj.npy
204928	2026-05-29T10:27:27.0000000000	./ai/fullgrid/qwen2.5-7b-instruct-fullgrid-100m-p1200-perchannel/heat/model.layers.25.self_attn.v_proj.npy
204928	2026-05-29T10:27:41.0000000000	./ai/fullgrid/qwen2.5-7b-instruct-fullgrid-100m-p1200-perchannel/heat/model.layers.27.self_attn.k_proj.npy
204928	2026-05-29T10:27:41.0000000000	./ai/fullgrid/qwen2.5-7b-instruct-fullgrid-100m-p1200-perchannel/heat/model.layers.27.self_attn.v_proj.npy
2076800	2026-05-28T10:31:39.0000000000	./ai/fullgrid/gpt2-fullgrid-100m/heat/transformer.h.0.attn.c_proj.npy
2076800	2026-05-28T10:31:39.0000000000	./ai/fullgrid/gpt2-fullgrid-100m/heat/transformer.h.1.attn.c_proj.npy
2076800	2026-05-28T10:31:39.0000000000	./ai/fullgrid/gpt2-fullgrid-100m/heat/transformer.h.3.mlp.c_proj.npy
2076800	2026-05-28T10:31:41.0000000000	./ai/fullgrid/gpt2-fullgrid-100m/heat/transformer.h.1.mlp.c_proj.npy
2076800	2026-05-28T10:31:41.0000000000	./ai/fullgrid/gpt2-fullgrid-100m/heat/transformer.h.4.ln_1.npy
2076800	2026-05-28T10:31:42.0000000000	./ai/fullgrid/gpt2-fullgrid-100m/heat/transformer.h.0.mlp.c_proj.npy
2076800	2026-05-28T10:31:42.0000000000	./ai/fullgrid/gpt2-fullgrid-100m/heat/transformer.h.1.ln_2.npy
2076800	2026-05-28T10:31:42.0000000000	./ai/fullgrid/gpt2-fullgrid-100m/heat/transformer.h.2.ln_1.npy
2076800	2026-05-28T10:31:42.0000000000	./ai/fullgrid/gpt2-fullgrid-100m/heat/transformer.h.2.ln_2.npy
2076800	2026-05-28T10:31:42.0000000000	./ai/fullgrid/gpt2-fullgrid-100m/heat/transformer.h.2.mlp.c_proj.npy
2076800	2026-05-28T10:31:42.0000000000	./ai/fullgrid/gpt2-fullgrid-100m/heat/transformer.h.3.ln_1.npy
2076800	2026-05-28T10:31:42.0000000000	./ai/fullgrid/gpt2-fullgrid-100m/heat/transformer.h.3.ln_2.npy
2076800	2026-05-28T10:31:43.0000000000	./ai/fullgrid/gpt2-fullgrid-100m/heat/transformer.h.2.attn.c_proj.npy
2076800	2026-05-28T10:31:43.0000000000	./ai/fullgrid/gpt2-fullgrid-100m/heat/transformer.h.3.attn.c_proj.npy
2076800	2026-05-28T10:31:45.0000000000	./ai/fullgrid/gpt2-fullgrid-100m/heat/transformer.h.0.ln_1.npy
2076800	2026-05-28T10:31:46.0000000000	./ai/fullgrid/gpt2-fullgrid-100m/heat/transformer.h.10.mlp.c_proj.npy
2076800	2026-05-28T10:31:46.0000000000	./ai/fullgrid/gpt2-fullgrid-100m/heat/transformer.h.8.attn.c_proj.npy
2076800	2026-05-28T10:31:46.0000000000	./ai/fullgrid/gpt2-fullgrid-100m/heat/transformer.h.9.attn.c_proj.npy
2076800	2026-05-28T10:31:47.0000000000	./ai/fullgrid/gpt2-fullgrid-100m/heat/transformer.h.0.ln_2.npy
2076800	2026-05-28T10:31:47.0000000000	./ai/fullgrid/gpt2-fullgrid-100m/heat/transformer.h.1.ln_1.npy
2076800	2026-05-28T10:31:47.0000000000	./ai/fullgrid/gpt2-fullgrid-100m/heat/transformer.h.4.attn.c_proj.npy
2076800	2026-05-28T10:31:47.0000000000	./ai/fullgrid/gpt2-fullgrid-100m/heat/transformer.h.4.ln_2.npy
2076800	2026-05-28T10:31:47.0000000000	./ai/fullgrid/gpt2-fullgrid-100m/heat/transformer.h.4.mlp.c_proj.npy
2076800	2026-05-28T10:31:47.0000000000	./ai/fullgrid/gpt2-fullgrid-100m/heat/transformer.h.5.ln_1.npy
2076800	2026-05-28T10:31:47.0000000000	./ai/fullgrid/gpt2-fullgrid-100m/heat/transformer.h.5.ln_2.npy
2076800	2026-05-28T10:31:47.0000000000	./ai/fullgrid/gpt2-fullgrid-100m/heat/transformer.h.5.mlp.c_proj.npy
2076800	2026-05-28T10:31:47.0000000000	./ai/fullgrid/gpt2-fullgrid-100m/heat/transformer.h.6.attn.c_proj.npy
2076800	2026-05-28T10:31:47.0000000000	./ai/fullgrid/gpt2-fullgrid-100m/heat/transformer.h.6.ln_1.npy
2076800	2026-05-28T10:31:47.0000000000	./ai/fullgrid/gpt2-fullgrid-100m/heat/transformer.h.9.mlp.c_proj.npy
2076800	2026-05-28T10:31:48.0000000000	./ai/fullgrid/gpt2-fullgrid-100m/heat/transformer.h.10.attn.c_proj.npy
2076800	2026-05-28T10:31:48.0000000000	./ai/fullgrid/gpt2-fullgrid-100m/heat/transformer.h.10.ln_1.npy
2076800	2026-05-28T10:31:48.0000000000	./ai/fullgrid/gpt2-fullgrid-100m/heat/transformer.h.10.ln_2.npy
2076800	2026-05-28T10:31:48.0000000000	./ai/fullgrid/gpt2-fullgrid-100m/heat/transformer.h.11.ln_1.npy
2076800	2026-05-28T10:31:48.0000000000	./ai/fullgrid/gpt2-fullgrid-100m/heat/transformer.h.11.ln_2.npy
2076800	2026-05-28T10:31:48.0000000000	./ai/fullgrid/gpt2-fullgrid-100m/heat/transformer.h.6.ln_2.npy
2076800	2026-05-28T10:31:48.0000000000	./ai/fullgrid/gpt2-fullgrid-100m/heat/transformer.h.6.mlp.c_proj.npy
2076800	2026-05-28T10:31:48.0000000000	./ai/fullgrid/gpt2-fullgrid-100m/heat/transformer.h.7.ln_1.npy
2076800	2026-05-28T10:31:48.0000000000	./ai/fullgrid/gpt2-fullgrid-100m/heat/transformer.h.7.ln_2.npy
2076800	2026-05-28T10:31:48.0000000000	./ai/fullgrid/gpt2-fullgrid-100m/heat/transformer.h.7.mlp.c_proj.npy
2076800	2026-05-28T10:31:48.0000000000	./ai/fullgrid/gpt2-fullgrid-100m/heat/transformer.h.8.ln_1.npy
2076800	2026-05-28T10:31:48.0000000000	./ai/fullgrid/gpt2-fullgrid-100m/heat/transformer.h.8.mlp.c_proj.npy
2076800	2026-05-28T10:31:48.0000000000	./ai/fullgrid/gpt2-fullgrid-100m/heat/transformer.h.9.ln_1.npy
2076800	2026-05-28T10:31:48.0000000000	./ai/fullgrid/gpt2-fullgrid-100m/heat/transformer.h.9.ln_2.npy
2076800	2026-05-28T10:31:49.0000000000	./ai/fullgrid/gpt2-fullgrid-100m/heat/transformer.h.11.mlp.c_proj.npy
2076800	2026-05-28T10:31:49.0000000000	./ai/fullgrid/gpt2-fullgrid-100m/heat/transformer.h.7.attn.c_proj.npy
2076800	2026-05-28T10:31:50.0000000000	./ai/fullgrid/gpt2-fullgrid-100m/heat/transformer.h.5.attn.c_proj.npy
2076800	2026-05-28T10:31:51.0000000000	./ai/fullgrid/gpt2-fullgrid-100m/heat/transformer.h.8.ln_2.npy
2076800	2026-05-28T10:31:52.0000000000	./ai/fullgrid/gpt2-fullgrid-100m/heat/transformer.h.11.attn.c_proj.npy
2076800	2026-05-28T10:31:55.0000000000	./ai/fullgrid/gpt2-fullgrid-100m/heat/transformer.ln_f.npy
2076800	2026-05-28T11:00:05.0000000000	./ai/fullgrid/gpt2-fullgrid-100m-p180/heat/transformer.h.0.attn.c_proj.npy
2076800	2026-05-28T11:00:05.0000000000	./ai/fullgrid/gpt2-fullgrid-100m-p180/heat/transformer.h.0.ln_2.npy
2076800	2026-05-28T11:00:05.0000000000	./ai/fullgrid/gpt2-fullgrid-100m-p180/heat/transformer.h.11.attn.c_proj.npy
2076800	2026-05-28T11:00:05.0000000000	./ai/fullgrid/gpt2-fullgrid-100m-p180/heat/transformer.h.2.mlp.c_proj.npy
2076800	2026-05-28T11:00:05.0000000000	./ai/fullgrid/gpt2-fullgrid-100m-p180/heat/transformer.h.6.mlp.c_proj.npy
2076800	2026-05-28T11:00:05.0000000000	./ai/fullgrid/gpt2-fullgrid-100m-p180/heat/transformer.h.7.mlp.c_proj.npy
2076800	2026-05-28T11:00:05.0000000000	./ai/fullgrid/gpt2-fullgrid-100m-p180/heat/transformer.h.8.attn.c_proj.npy
2076800	2026-05-28T11:00:05.0000000000	./ai/fullgrid/gpt2-fullgrid-100m-p180/heat/transformer.h.9.attn.c_proj.npy
2076800	2026-05-28T11:00:05.0000000000	./ai/fullgrid/gpt2-fullgrid-100m-p180/heat/transformer.h.9.ln_2.npy
2076800	2026-05-28T11:00:06.0000000000	./ai/fullgrid/gpt2-fullgrid-100m-p180/heat/transformer.h.0.mlp.c_proj.npy
2076800	2026-05-28T11:00:06.0000000000	./ai/fullgrid/gpt2-fullgrid-100m-p180/heat/transformer.h.1.mlp.c_proj.npy
2076800	2026-05-28T11:00:06.0000000000	./ai/fullgrid/gpt2-fullgrid-100m-p180/heat/transformer.h.5.mlp.c_proj.npy
2076800	2026-05-28T11:00:06.0000000000	./ai/fullgrid/gpt2-fullgrid-100m-p180/heat/transformer.h.8.mlp.c_proj.npy
2076800	2026-05-28T11:00:06.0000000000	./ai/fullgrid/gpt2-fullgrid-100m-p180/heat/transformer.h.9.mlp.c_proj.npy
2076800	2026-05-28T11:00:07.0000000000	./ai/fullgrid/gpt2-fullgrid-100m-p180/heat/transformer.h.0.ln_1.npy
2076800	2026-05-28T11:00:07.0000000000	./ai/fullgrid/gpt2-fullgrid-100m-p180/heat/transformer.h.10.attn.c_proj.npy
2076800	2026-05-28T11:00:07.0000000000	./ai/fullgrid/gpt2-fullgrid-100m-p180/heat/transformer.h.10.mlp.c_proj.npy
2076800	2026-05-28T11:00:07.0000000000	./ai/fullgrid/gpt2-fullgrid-100m-p180/heat/transformer.h.11.mlp.c_proj.npy
2076800	2026-05-28T11:00:07.0000000000	./ai/fullgrid/gpt2-fullgrid-100m-p180/heat/transformer.h.3.ln_1.npy
2076800	2026-05-28T11:00:08.0000000000	./ai/fullgrid/gpt2-fullgrid-100m-p180/heat/transformer.h.3.mlp.c_proj.npy
2076800	2026-05-28T11:00:09.0000000000	./ai/fullgrid/gpt2-fullgrid-100m-p180/heat/transformer.h.3.attn.c_proj.npy
2076800	2026-05-28T11:00:09.0000000000	./ai/fullgrid/gpt2-fullgrid-100m-p180/heat/transformer.h.4.attn.c_proj.npy
2076800	2026-05-28T11:00:09.0000000000	./ai/fullgrid/gpt2-fullgrid-100m-p180/heat/transformer.h.5.attn.c_proj.npy
2076800	2026-05-28T11:00:10.0000000000	./ai/fullgrid/gpt2-fullgrid-100m-p180/heat/transformer.h.4.mlp.c_proj.npy
2076800	2026-05-28T11:00:11.0000000000	./ai/fullgrid/gpt2-fullgrid-100m-p180/heat/transformer.h.1.ln_1.npy
2076800	2026-05-28T11:00:11.0000000000	./ai/fullgrid/gpt2-fullgrid-100m-p180/heat/transformer.h.1.ln_2.npy
2076800	2026-05-28T11:00:11.0000000000	./ai/fullgrid/gpt2-fullgrid-100m-p180/heat/transformer.h.2.ln_1.npy
2076800	2026-05-28T11:00:11.0000000000	./ai/fullgrid/gpt2-fullgrid-100m-p180/heat/transformer.h.2.ln_2.npy
2076800	2026-05-28T11:00:11.0000000000	./ai/fullgrid/gpt2-fullgrid-100m-p180/heat/transformer.h.3.ln_2.npy
2076800	2026-05-28T11:00:11.0000000000	./ai/fullgrid/gpt2-fullgrid-100m-p180/heat/transformer.h.4.ln_1.npy
2076800	2026-05-28T11:00:12.0000000000	./ai/fullgrid/gpt2-fullgrid-100m-p180/heat/transformer.h.4.ln_2.npy
2076800	2026-05-28T11:00:12.0000000000	./ai/fullgrid/gpt2-fullgrid-100m-p180/heat/transformer.h.6.ln_1.npy
2076800	2026-05-28T11:00:15.0000000000	./ai/fullgrid/gpt2-fullgrid-100m-p180/heat/transformer.h.1.attn.c_proj.npy
2076800	2026-05-28T11:00:15.0000000000	./ai/fullgrid/gpt2-fullgrid-100m-p180/heat/transformer.h.2.attn.c_proj.npy
2076800	2026-05-28T11:00:15.0000000000	./ai/fullgrid/gpt2-fullgrid-100m-p180/heat/transformer.h.5.ln_1.npy
2076800	2026-05-28T11:00:15.0000000000	./ai/fullgrid/gpt2-fullgrid-100m-p180/heat/transformer.h.5.ln_2.npy
2076800	2026-05-28T11:00:15.0000000000	./ai/fullgrid/gpt2-fullgrid-100m-p180/heat/transformer.h.6.attn.c_proj.npy
2076800	2026-05-28T11:00:16.0000000000	./ai/fullgrid/gpt2-fullgrid-100m-p180/heat/transformer.h.10.ln_1.npy
2076800	2026-05-28T11:00:16.0000000000	./ai/fullgrid/gpt2-fullgrid-100m-p180/heat/transformer.h.10.ln_2.npy
2076800	2026-05-28T11:00:16.0000000000	./ai/fullgrid/gpt2-fullgrid-100m-p180/heat/transformer.h.11.ln_1.npy
2076800	2026-05-28T11:00:17.0000000000	./ai/fullgrid/gpt2-fullgrid-100m-p180/heat/transformer.h.7.attn.c_proj.npy
2076800	2026-05-28T11:00:18.0000000000	./ai/fullgrid/gpt2-fullgrid-100m-p180/heat/transformer.h.11.ln_2.npy
2076800	2026-05-28T11:00:18.0000000000	./ai/fullgrid/gpt2-fullgrid-100m-p180/heat/transformer.ln_f.npy
2076800	2026-05-28T11:00:19.0000000000	./ai/fullgrid/gpt2-fullgrid-100m-p180/heat/transformer.h.6.ln_2.npy
2076800	2026-05-28T11:00:19.0000000000	./ai/fullgrid/gpt2-fullgrid-100m-p180/heat/transformer.h.7.ln_1.npy
2076800	2026-05-28T11:00:20.0000000000	./ai/fullgrid/gpt2-fullgrid-100m-p180/heat/transformer.h.9.ln_1.npy
2076800	2026-05-28T11:00:21.0000000000	./ai/fullgrid/gpt2-fullgrid-100m-p180/heat/transformer.h.7.ln_2.npy
2076800	2026-05-28T11:00:21.0000000000	./ai/fullgrid/gpt2-fullgrid-100m-p180/heat/transformer.h.8.ln_1.npy
2076800	2026-05-28T11:00:21.0000000000	./ai/fullgrid/gpt2-fullgrid-100m-p180/heat/transformer.h.8.ln_2.npy
2076800	2026-05-28T11:03:02.0000000000	./ai/fullgrid/gpt2-fullgrid-100m-p720/heat/transformer.h.0.attn.c_proj.npy
2076800	2026-05-28T11:03:02.0000000000	./ai/fullgrid/gpt2-fullgrid-100m-p720/heat/transformer.h.0.ln_1.npy
2076800	2026-05-28T11:03:02.0000000000	./ai/fullgrid/gpt2-fullgrid-100m-p720/heat/transformer.h.0.ln_2.npy
2076800	2026-05-28T11:03:02.0000000000	./ai/fullgrid/gpt2-fullgrid-100m-p720/heat/transformer.h.0.mlp.c_proj.npy
2076800	2026-05-28T11:03:02.0000000000	./ai/fullgrid/gpt2-fullgrid-100m-p720/heat/transformer.h.1.attn.c_proj.npy
2076800	2026-05-28T11:03:02.0000000000	./ai/fullgrid/gpt2-fullgrid-100m-p720/heat/transformer.h.1.ln_1.npy
2076800	2026-05-28T11:03:02.0000000000	./ai/fullgrid/gpt2-fullgrid-100m-p720/heat/transformer.h.1.ln_2.npy
2076800	2026-05-28T11:03:02.0000000000	./ai/fullgrid/gpt2-fullgrid-100m-p720/heat/transformer.h.1.mlp.c_proj.npy
2076800	2026-05-28T11:03:02.0000000000	./ai/fullgrid/gpt2-fullgrid-100m-p720/heat/transformer.h.10.attn.c_proj.npy
2076800	2026-05-28T11:03:02.0000000000	./ai/fullgrid/gpt2-fullgrid-100m-p720/heat/transformer.h.10.ln_1.npy
2076800	2026-05-28T11:03:02.0000000000	./ai/fullgrid/gpt2-fullgrid-100m-p720/heat/transformer.h.10.ln_2.npy
2076800	2026-05-28T11:03:02.0000000000	./ai/fullgrid/gpt2-fullgrid-100m-p720/heat/transformer.h.10.mlp.c_proj.npy
2076800	2026-05-28T11:03:02.0000000000	./ai/fullgrid/gpt2-fullgrid-100m-p720/heat/transformer.h.11.attn.c_proj.npy
2076800	2026-05-28T11:03:02.0000000000	./ai/fullgrid/gpt2-fullgrid-100m-p720/heat/transformer.h.11.ln_1.npy
2076800	2026-05-28T11:03:02.0000000000	./ai/fullgrid/gpt2-fullgrid-100m-p720/heat/transformer.h.11.ln_2.npy
2076800	2026-05-28T11:03:02.0000000000	./ai/fullgrid/gpt2-fullgrid-100m-p720/heat/transformer.h.11.mlp.c_proj.npy
2076800	2026-05-28T11:03:02.0000000000	./ai/fullgrid/gpt2-fullgrid-100m-p720/heat/transformer.h.2.attn.c_proj.npy
2076800	2026-05-28T11:03:02.0000000000	./ai/fullgrid/gpt2-fullgrid-100m-p720/heat/transformer.h.2.ln_1.npy
2076800	2026-05-28T11:03:02.0000000000	./ai/fullgrid/gpt2-fullgrid-100m-p720/heat/transformer.h.2.ln_2.npy
2076800	2026-05-28T11:03:02.0000000000	./ai/fullgrid/gpt2-fullgrid-100m-p720/heat/transformer.h.2.mlp.c_proj.npy
2076800	2026-05-28T11:03:02.0000000000	./ai/fullgrid/gpt2-fullgrid-100m-p720/heat/transformer.h.3.attn.c_proj.npy
2076800	2026-05-28T11:03:02.0000000000	./ai/fullgrid/gpt2-fullgrid-100m-p720/heat/transformer.h.3.ln_1.npy
2076800	2026-05-28T11:03:02.0000000000	./ai/fullgrid/gpt2-fullgrid-100m-p720/heat/transformer.h.3.ln_2.npy
2076800	2026-05-28T11:03:02.0000000000	./ai/fullgrid/gpt2-fullgrid-100m-p720/heat/transformer.h.3.mlp.c_proj.npy
2076800	2026-05-28T11:03:02.0000000000	./ai/fullgrid/gpt2-fullgrid-100m-p720/heat/transformer.h.4.attn.c_proj.npy
2076800	2026-05-28T11:03:02.0000000000	./ai/fullgrid/gpt2-fullgrid-100m-p720/heat/transformer.h.4.ln_1.npy
2076800	2026-05-28T11:03:02.0000000000	./ai/fullgrid/gpt2-fullgrid-100m-p720/heat/transformer.h.4.ln_2.npy
2076800	2026-05-28T11:03:02.0000000000	./ai/fullgrid/gpt2-fullgrid-100m-p720/heat/transformer.h.4.mlp.c_proj.npy
2076800	2026-05-28T11:03:02.0000000000	./ai/fullgrid/gpt2-fullgrid-100m-p720/heat/transformer.h.5.attn.c_proj.npy
2076800	2026-05-28T11:03:02.0000000000	./ai/fullgrid/gpt2-fullgrid-100m-p720/heat/transformer.h.5.ln_1.npy
2076800	2026-05-28T11:03:02.0000000000	./ai/fullgrid/gpt2-fullgrid-100m-p720/heat/transformer.h.5.ln_2.npy
2076800	2026-05-28T11:03:02.0000000000	./ai/fullgrid/gpt2-fullgrid-100m-p720/heat/transformer.h.5.mlp.c_proj.npy
2076800	2026-05-28T11:03:02.0000000000	./ai/fullgrid/gpt2-fullgrid-100m-p720/heat/transformer.h.6.attn.c_proj.npy
2076800	2026-05-28T11:03:02.0000000000	./ai/fullgrid/gpt2-fullgrid-100m-p720/heat/transformer.h.6.ln_1.npy
2076800	2026-05-28T11:03:02.0000000000	./ai/fullgrid/gpt2-fullgrid-100m-p720/heat/transformer.h.6.ln_2.npy
2076800	2026-05-28T11:03:02.0000000000	./ai/fullgrid/gpt2-fullgrid-100m-p720/heat/transformer.h.6.mlp.c_proj.npy
2076800	2026-05-28T11:03:02.0000000000	./ai/fullgrid/gpt2-fullgrid-100m-p720/heat/transformer.h.7.attn.c_proj.npy
2076800	2026-05-28T11:03:02.0000000000	./ai/fullgrid/gpt2-fullgrid-100m-p720/heat/transformer.h.7.ln_1.npy
2076800	2026-05-28T11:03:02.0000000000	./ai/fullgrid/gpt2-fullgrid-100m-p720/heat/transformer.h.7.ln_2.npy
2076800	2026-05-28T11:03:02.0000000000	./ai/fullgrid/gpt2-fullgrid-100m-p720/heat/transformer.h.7.mlp.c_proj.npy
2076800	2026-05-28T11:03:02.0000000000	./ai/fullgrid/gpt2-fullgrid-100m-p720/heat/transformer.h.8.attn.c_proj.npy
2076800	2026-05-28T11:03:02.0000000000	./ai/fullgrid/gpt2-fullgrid-100m-p720/heat/transformer.h.8.ln_1.npy
2076800	2026-05-28T11:03:02.0000000000	./ai/fullgrid/gpt2-fullgrid-100m-p720/heat/transformer.h.8.ln_2.npy
2076800	2026-05-28T11:03:02.0000000000	./ai/fullgrid/gpt2-fullgrid-100m-p720/heat/transformer.h.8.mlp.c_proj.npy
2076800	2026-05-28T11:03:02.0000000000	./ai/fullgrid/gpt2-fullgrid-100m-p720/heat/transformer.h.9.attn.c_proj.npy
2076800	2026-05-28T11:03:02.0000000000	./ai/fullgrid/gpt2-fullgrid-100m-p720/heat/transformer.h.9.ln_1.npy
2076800	2026-05-28T11:03:02.0000000000	./ai/fullgrid/gpt2-fullgrid-100m-p720/heat/transformer.h.9.ln_2.npy
2076800	2026-05-28T11:03:02.0000000000	./ai/fullgrid/gpt2-fullgrid-100m-p720/heat/transformer.h.9.mlp.c_proj.npy
2076800	2026-05-28T11:03:02.0000000000	./ai/fullgrid/gpt2-fullgrid-100m-p720/heat/transformer.ln_f.npy
2076800	2026-05-28T11:32:32.0000000000	./ai/fullgrid/gpt2-fullgrid-100m-p720-fixededges/heat/transformer.h.7.mlp.c_proj.npy
2076800	2026-05-28T11:32:32.0000000000	./ai/fullgrid/gpt2-fullgrid-100m-p720-fixededges/heat/transformer.h.8.mlp.c_proj.npy
2076800	2026-05-28T11:32:32.0000000000	./ai/fullgrid/gpt2-fullgrid-100m-p720-fixededges/heat/transformer.h.9.attn.c_proj.npy
2076800	2026-05-28T11:32:34.0000000000	./ai/fullgrid/gpt2-fullgrid-100m-p720-fixededges/heat/transformer.h.5.mlp.c_proj.npy
2076800	2026-05-28T11:32:35.0000000000	./ai/fullgrid/gpt2-fullgrid-100m-p720-fixededges/heat/transformer.h.8.attn.c_proj.npy
2076800	2026-05-28T11:32:36.0000000000	./ai/fullgrid/gpt2-fullgrid-100m-p720-fixededges/heat/transformer.h.1.mlp.c_proj.npy
2076800	2026-05-28T11:32:36.0000000000	./ai/fullgrid/gpt2-fullgrid-100m-p720-fixededges/heat/transformer.h.2.ln_1.npy
2076800	2026-05-28T11:32:36.0000000000	./ai/fullgrid/gpt2-fullgrid-100m-p720-fixededges/heat/transformer.h.2.mlp.c_proj.npy
2076800	2026-05-28T11:32:38.0000000000	./ai/fullgrid/gpt2-fullgrid-100m-p720-fixededges/heat/transformer.h.10.attn.c_proj.npy
2076800	2026-05-28T11:32:38.0000000000	./ai/fullgrid/gpt2-fullgrid-100m-p720-fixededges/heat/transformer.h.10.mlp.c_proj.npy
2076800	2026-05-28T11:32:38.0000000000	./ai/fullgrid/gpt2-fullgrid-100m-p720-fixededges/heat/transformer.h.11.attn.c_proj.npy
2076800	2026-05-28T11:32:38.0000000000	./ai/fullgrid/gpt2-fullgrid-100m-p720-fixededges/heat/transformer.h.9.mlp.c_proj.npy
2076800	2026-05-28T11:32:39.0000000000	./ai/fullgrid/gpt2-fullgrid-100m-p720-fixededges/heat/transformer.h.3.attn.c_proj.npy
2076800	2026-05-28T11:32:39.0000000000	./ai/fullgrid/gpt2-fullgrid-100m-p720-fixededges/heat/transformer.h.4.attn.c_proj.npy
2076800	2026-05-28T11:32:39.0000000000	./ai/fullgrid/gpt2-fullgrid-100m-p720-fixededges/heat/transformer.h.6.ln_1.npy
2076800	2026-05-28T11:32:40.0000000000	./ai/fullgrid/gpt2-fullgrid-100m-p720-fixededges/heat/transformer.h.6.attn.c_proj.npy
2076800	2026-05-28T11:32:41.0000000000	./ai/fullgrid/gpt2-fullgrid-100m-p720-fixededges/heat/transformer.h.0.ln_1.npy
2076800	2026-05-28T11:32:41.0000000000	./ai/fullgrid/gpt2-fullgrid-100m-p720-fixededges/heat/transformer.h.2.attn.c_proj.npy
2076800	2026-05-28T11:32:41.0000000000	./ai/fullgrid/gpt2-fullgrid-100m-p720-fixededges/heat/transformer.h.3.ln_2.npy
2076800	2026-05-28T11:32:41.0000000000	./ai/fullgrid/gpt2-fullgrid-100m-p720-fixededges/heat/transformer.h.4.mlp.c_proj.npy
2076800	2026-05-28T11:32:41.0000000000	./ai/fullgrid/gpt2-fullgrid-100m-p720-fixededges/heat/transformer.h.5.attn.c_proj.npy
2076800	2026-05-28T11:32:41.0000000000	./ai/fullgrid/gpt2-fullgrid-100m-p720-fixededges/heat/transformer.h.5.ln_1.npy
2076800	2026-05-28T11:32:41.0000000000	./ai/fullgrid/gpt2-fullgrid-100m-p720-fixededges/heat/transformer.h.5.ln_2.npy
2076800	2026-05-28T11:32:42.0000000000	./ai/fullgrid/gpt2-fullgrid-100m-p720-fixededges/heat/transformer.h.6.ln_2.npy
2076800	2026-05-28T11:32:42.0000000000	./ai/fullgrid/gpt2-fullgrid-100m-p720-fixededges/heat/transformer.h.7.ln_2.npy
2076800	2026-05-28T11:32:42.0000000000	./ai/fullgrid/gpt2-fullgrid-100m-p720-fixededges/heat/transformer.h.8.ln_1.npy
2076800	2026-05-28T11:32:43.0000000000	./ai/fullgrid/gpt2-fullgrid-100m-p720-fixededges/heat/transformer.h.0.attn.c_proj.npy
2076800	2026-05-28T11:32:43.0000000000	./ai/fullgrid/gpt2-fullgrid-100m-p720-fixededges/heat/transformer.h.11.mlp.c_proj.npy
2076800	2026-05-28T11:32:44.0000000000	./ai/fullgrid/gpt2-fullgrid-100m-p720-fixededges/heat/transformer.h.1.attn.c_proj.npy
2076800	2026-05-28T11:32:44.0000000000	./ai/fullgrid/gpt2-fullgrid-100m-p720-fixededges/heat/transformer.h.1.ln_1.npy
2076800	2026-05-28T11:32:44.0000000000	./ai/fullgrid/gpt2-fullgrid-100m-p720-fixededges/heat/transformer.h.1.ln_2.npy
2076800	2026-05-28T11:32:46.0000000000	./ai/fullgrid/gpt2-fullgrid-100m-p720-fixededges/heat/transformer.h.0.mlp.c_proj.npy
2076800	2026-05-28T11:32:46.0000000000	./ai/fullgrid/gpt2-fullgrid-100m-p720-fixededges/heat/transformer.h.2.ln_2.npy
2076800	2026-05-28T11:32:46.0000000000	./ai/fullgrid/gpt2-fullgrid-100m-p720-fixededges/heat/transformer.h.3.ln_1.npy
2076800	2026-05-28T11:32:47.0000000000	./ai/fullgrid/gpt2-fullgrid-100m-p720-fixededges/heat/transformer.h.4.ln_1.npy
2076800	2026-05-28T11:32:47.0000000000	./ai/fullgrid/gpt2-fullgrid-100m-p720-fixededges/heat/transformer.h.4.ln_2.npy
2076800	2026-05-28T11:32:47.0000000000	./ai/fullgrid/gpt2-fullgrid-100m-p720-fixededges/heat/transformer.h.8.ln_2.npy
2076800	2026-05-28T11:32:48.0000000000	./ai/fullgrid/gpt2-fullgrid-100m-p720-fixededges/heat/transformer.h.0.ln_2.npy
2076800	2026-05-28T11:32:49.0000000000	./ai/fullgrid/gpt2-fullgrid-100m-p720-fixededges/heat/transformer.h.3.mlp.c_proj.npy
2076800	2026-05-28T11:32:49.0000000000	./ai/fullgrid/gpt2-fullgrid-100m-p720-fixededges/heat/transformer.h.7.attn.c_proj.npy
2076800	2026-05-28T11:32:50.0000000000	./ai/fullgrid/gpt2-fullgrid-100m-p720-fixededges/heat/transformer.h.10.ln_1.npy
2076800	2026-05-28T11:32:50.0000000000	./ai/fullgrid/gpt2-fullgrid-100m-p720-fixededges/heat/transformer.h.10.ln_2.npy
2076800	2026-05-28T11:32:50.0000000000	./ai/fullgrid/gpt2-fullgrid-100m-p720-fixededges/heat/transformer.h.11.ln_1.npy
2076800	2026-05-28T11:32:50.0000000000	./ai/fullgrid/gpt2-fullgrid-100m-p720-fixededges/heat/transformer.h.11.ln_2.npy
2076800	2026-05-28T11:32:50.0000000000	./ai/fullgrid/gpt2-fullgrid-100m-p720-fixededges/heat/transformer.h.9.ln_1.npy
2076800	2026-05-28T11:32:50.0000000000	./ai/fullgrid/gpt2-fullgrid-100m-p720-fixededges/heat/transformer.h.9.ln_2.npy
2076800	2026-05-28T11:32:50.0000000000	./ai/fullgrid/gpt2-fullgrid-100m-p720-fixededges/heat/transformer.ln_f.npy
2076800	2026-05-28T11:33:00.0000000000	./ai/fullgrid/gpt2-fullgrid-100m-p720-fixededges/heat/transformer.h.6.mlp.c_proj.npy
2076800	2026-05-28T11:33:00.0000000000	./ai/fullgrid/gpt2-fullgrid-100m-p720-fixededges/heat/transformer.h.7.ln_1.npy
2076800	2026-05-28T11:43:37.0000000000	./ai/fullgrid/gpt2-fullgrid-100m-union-fixededges/heat/transformer.h.11.attn.c_proj.npy
2076800	2026-05-28T11:43:39.0000000000	./ai/fullgrid/gpt2-fullgrid-100m-union-fixededges/heat/transformer.h.7.ln_2.npy
2076800	2026-05-28T11:43:45.0000000000	./ai/fullgrid/gpt2-fullgrid-100m-union-fixededges/heat/transformer.h.7.ln_1.npy
2076800	2026-05-28T11:43:46.0000000000	./ai/fullgrid/gpt2-fullgrid-100m-union-fixededges/heat/transformer.h.0.attn.c_proj.npy
2076800	2026-05-28T11:43:46.0000000000	./ai/fullgrid/gpt2-fullgrid-100m-union-fixededges/heat/transformer.h.0.ln_2.npy
2076800	2026-05-28T11:43:47.0000000000	./ai/fullgrid/gpt2-fullgrid-100m-union-fixededges/heat/transformer.h.2.mlp.c_proj.npy
2076800	2026-05-28T11:43:47.0000000000	./ai/fullgrid/gpt2-fullgrid-100m-union-fixededges/heat/transformer.h.3.attn.c_proj.npy
2076800	2026-05-28T11:43:47.0000000000	./ai/fullgrid/gpt2-fullgrid-100m-union-fixededges/heat/transformer.h.3.mlp.c_proj.npy
2076800	2026-05-28T11:43:47.0000000000	./ai/fullgrid/gpt2-fullgrid-100m-union-fixededges/heat/transformer.h.4.mlp.c_proj.npy
2076800	2026-05-28T11:43:47.0000000000	./ai/fullgrid/gpt2-fullgrid-100m-union-fixededges/heat/transformer.h.5.mlp.c_proj.npy
2076800	2026-05-28T11:43:47.0000000000	./ai/fullgrid/gpt2-fullgrid-100m-union-fixededges/heat/transformer.h.6.attn.c_proj.npy
2076800	2026-05-28T11:43:47.0000000000	./ai/fullgrid/gpt2-fullgrid-100m-union-fixededges/heat/transformer.h.6.ln_2.npy
2076800	2026-05-28T11:43:47.0000000000	./ai/fullgrid/gpt2-fullgrid-100m-union-fixededges/heat/transformer.h.7.attn.c_proj.npy
2076800	2026-05-28T11:43:48.0000000000	./ai/fullgrid/gpt2-fullgrid-100m-union-fixededges/heat/transformer.h.11.ln_2.npy
2076800	2026-05-28T11:43:50.0000000000	./ai/fullgrid/gpt2-fullgrid-100m-union-fixededges/heat/transformer.h.4.attn.c_proj.npy
2076800	2026-05-28T11:43:50.0000000000	./ai/fullgrid/gpt2-fullgrid-100m-union-fixededges/heat/transformer.h.4.ln_1.npy
2076800	2026-05-28T11:43:50.0000000000	./ai/fullgrid/gpt2-fullgrid-100m-union-fixededges/heat/transformer.h.4.ln_2.npy
2076800	2026-05-28T11:43:50.0000000000	./ai/fullgrid/gpt2-fullgrid-100m-union-fixededges/heat/transformer.h.6.mlp.c_proj.npy
2076800	2026-05-28T11:43:51.0000000000	./ai/fullgrid/gpt2-fullgrid-100m-union-fixededges/heat/transformer.h.11.mlp.c_proj.npy
2076800	2026-05-28T11:43:51.0000000000	./ai/fullgrid/gpt2-fullgrid-100m-union-fixededges/heat/transformer.ln_f.npy
2076800	2026-05-28T11:43:52.0000000000	./ai/fullgrid/gpt2-fullgrid-100m-union-fixededges/heat/transformer.h.1.attn.c_proj.npy
2076800	2026-05-28T11:43:52.0000000000	./ai/fullgrid/gpt2-fullgrid-100m-union-fixededges/heat/transformer.h.1.ln_1.npy
2076800	2026-05-28T11:43:52.0000000000	./ai/fullgrid/gpt2-fullgrid-100m-union-fixededges/heat/transformer.h.1.ln_2.npy
2076800	2026-05-28T11:43:52.0000000000	./ai/fullgrid/gpt2-fullgrid-100m-union-fixededges/heat/transformer.h.1.mlp.c_proj.npy
2076800	2026-05-28T11:43:52.0000000000	./ai/fullgrid/gpt2-fullgrid-100m-union-fixededges/heat/transformer.h.2.ln_1.npy
2076800	2026-05-28T11:43:57.0000000000	./ai/fullgrid/gpt2-fullgrid-100m-union-fixededges/heat/transformer.h.0.mlp.c_proj.npy
2076800	2026-05-28T11:43:58.0000000000	./ai/fullgrid/gpt2-fullgrid-100m-union-fixededges/heat/transformer.h.6.ln_1.npy
2076800	2026-05-28T11:44:00.0000000000	./ai/fullgrid/gpt2-fullgrid-100m-union-fixededges/heat/transformer.h.0.ln_1.npy
2076800	2026-05-28T11:44:00.0000000000	./ai/fullgrid/gpt2-fullgrid-100m-union-fixededges/heat/transformer.h.2.attn.c_proj.npy
2076800	2026-05-28T11:44:00.0000000000	./ai/fullgrid/gpt2-fullgrid-100m-union-fixededges/heat/transformer.h.3.ln_2.npy
2076800	2026-05-28T11:44:01.0000000000	./ai/fullgrid/gpt2-fullgrid-100m-union-fixededges/heat/transformer.h.5.attn.c_proj.npy
2076800	2026-05-28T11:44:01.0000000000	./ai/fullgrid/gpt2-fullgrid-100m-union-fixededges/heat/transformer.h.5.ln_1.npy
2076800	2026-05-28T11:44:01.0000000000	./ai/fullgrid/gpt2-fullgrid-100m-union-fixededges/heat/transformer.h.5.ln_2.npy
2076800	2026-05-28T11:44:02.0000000000	./ai/fullgrid/gpt2-fullgrid-100m-union-fixededges/heat/transformer.h.10.attn.c_proj.npy
2076800	2026-05-28T11:44:02.0000000000	./ai/fullgrid/gpt2-fullgrid-100m-union-fixededges/heat/transformer.h.10.ln_1.npy
2076800	2026-05-28T11:44:02.0000000000	./ai/fullgrid/gpt2-fullgrid-100m-union-fixededges/heat/transformer.h.10.ln_2.npy
2076800	2026-05-28T11:44:02.0000000000	./ai/fullgrid/gpt2-fullgrid-100m-union-fixededges/heat/transformer.h.10.mlp.c_proj.npy
2076800	2026-05-28T11:44:02.0000000000	./ai/fullgrid/gpt2-fullgrid-100m-union-fixededges/heat/transformer.h.11.ln_1.npy
2076800	2026-05-28T11:44:02.0000000000	./ai/fullgrid/gpt2-fullgrid-100m-union-fixededges/heat/transformer.h.9.mlp.c_proj.npy
2076800	2026-05-28T11:44:06.0000000000	./ai/fullgrid/gpt2-fullgrid-100m-union-fixededges/heat/transformer.h.2.ln_2.npy
2076800	2026-05-28T11:44:06.0000000000	./ai/fullgrid/gpt2-fullgrid-100m-union-fixededges/heat/transformer.h.3.ln_1.npy
2076800	2026-05-28T11:44:07.0000000000	./ai/fullgrid/gpt2-fullgrid-100m-union-fixededges/heat/transformer.h.7.mlp.c_proj.npy
2076800	2026-05-28T11:44:07.0000000000	./ai/fullgrid/gpt2-fullgrid-100m-union-fixededges/heat/transformer.h.8.attn.c_proj.npy
2076800	2026-05-28T11:44:07.0000000000	./ai/fullgrid/gpt2-fullgrid-100m-union-fixededges/heat/transformer.h.8.ln_1.npy
2076800	2026-05-28T11:44:07.0000000000	./ai/fullgrid/gpt2-fullgrid-100m-union-fixededges/heat/transformer.h.8.ln_2.npy
2076800	2026-05-28T11:44:07.0000000000	./ai/fullgrid/gpt2-fullgrid-100m-union-fixededges/heat/transformer.h.8.mlp.c_proj.npy
2076800	2026-05-28T11:44:07.0000000000	./ai/fullgrid/gpt2-fullgrid-100m-union-fixededges/heat/transformer.h.9.attn.c_proj.npy
2076800	2026-05-28T11:44:07.0000000000	./ai/fullgrid/gpt2-fullgrid-100m-union-fixededges/heat/transformer.h.9.ln_1.npy
2076800	2026-05-28T11:44:07.0000000000	./ai/fullgrid/gpt2-fullgrid-100m-union-fixededges/heat/transformer.h.9.ln_2.npy
2085	2026-05-28T11:47:56.0000000000	./local-index/gx10/fullgrid/logs/qwen7b-fullgrid-100m-p180.log
2157	2026-05-28T11:44:35.0000000000	./ai/fullgrid/logs/qwen3-8b-fullgrid-100m-p1200-perchannel.log
2157	2026-05-28T11:44:35.0000000000	./local-index/ai/fullgrid/logs/qwen3-8b-fullgrid-100m-p1200-perchannel.log
2197	2026-05-28T11:32:53.0000000000	./ai/fullgrid/logs/gpt2-fullgrid-100m-p720-fixededges.log
2197	2026-05-28T11:32:53.0000000000	./local-index/ai/fullgrid/logs/gpt2-fullgrid-100m-p720-fixededges.log
22133888	2026-05-28T16:46:05.0000000000	./john/fullgrid/pythia-2.8b-fullgrid-100m-p1200-perchannel-john/heat/embed_out.npy
2234	2026-05-28T12:20:36.0000000000	./john/fullgrid/logs/qwen3b-fullgrid-100m-p1200-perchannel.log
2234	2026-05-28T12:20:36.0000000000	./local-index/john/fullgrid/logs/qwen3b-fullgrid-100m-p1200-perchannel.log
2372	2026-05-28T11:44:06.0000000000	./ai/fullgrid/logs/gpt2-medium-fullgrid-100m-union-fixededges.log
2372	2026-05-28T11:44:06.0000000000	./local-index/ai/fullgrid/logs/gpt2-medium-fullgrid-100m-union-fixededges.log
2408576	2026-05-28T16:49:10.0000000000	./john/fullgrid/bloom-560m-fullgrid-100m-p1200-perchannel-john/heat/transformer.h.0.self_attention.query_key_value.npy
2408576	2026-05-28T16:49:10.0000000000	./john/fullgrid/bloom-560m-fullgrid-100m-p1200-perchannel-john/heat/transformer.h.1.self_attention.query_key_value.npy
2408576	2026-05-28T16:49:10.0000000000	./john/fullgrid/bloom-560m-fullgrid-100m-p1200-perchannel-john/heat/transformer.h.2.self_attention.query_key_value.npy
2408576	2026-05-28T16:49:10.0000000000	./john/fullgrid/bloom-560m-fullgrid-100m-p1200-perchannel-john/heat/transformer.h.3.self_attention.query_key_value.npy
2408576	2026-05-28T16:49:10.0000000000	./john/fullgrid/bloom-560m-fullgrid-100m-p1200-perchannel-john/heat/transformer.h.4.self_attention.query_key_value.npy
2408576	2026-05-28T16:49:10.0000000000	./john/fullgrid/bloom-560m-fullgrid-100m-p1200-perchannel-john/heat/transformer.h.5.self_attention.query_key_value.npy
2408576	2026-05-28T16:49:10.0000000000	./john/fullgrid/bloom-560m-fullgrid-100m-p1200-perchannel-john/heat/transformer.h.6.self_attention.query_key_value.npy
2408576	2026-05-28T16:49:11.0000000000	./john/fullgrid/bloom-560m-fullgrid-100m-p1200-perchannel-john/heat/transformer.h.10.self_attention.query_key_value.npy
2408576	2026-05-28T16:49:11.0000000000	./john/fullgrid/bloom-560m-fullgrid-100m-p1200-perchannel-john/heat/transformer.h.11.self_attention.query_key_value.npy
2408576	2026-05-28T16:49:11.0000000000	./john/fullgrid/bloom-560m-fullgrid-100m-p1200-perchannel-john/heat/transformer.h.12.self_attention.query_key_value.npy
2408576	2026-05-28T16:49:11.0000000000	./john/fullgrid/bloom-560m-fullgrid-100m-p1200-perchannel-john/heat/transformer.h.13.self_attention.query_key_value.npy
2408576	2026-05-28T16:49:11.0000000000	./john/fullgrid/bloom-560m-fullgrid-100m-p1200-perchannel-john/heat/transformer.h.14.self_attention.query_key_value.npy
2408576	2026-05-28T16:49:11.0000000000	./john/fullgrid/bloom-560m-fullgrid-100m-p1200-perchannel-john/heat/transformer.h.15.self_attention.query_key_value.npy
2408576	2026-05-28T16:49:11.0000000000	./john/fullgrid/bloom-560m-fullgrid-100m-p1200-perchannel-john/heat/transformer.h.16.self_attention.query_key_value.npy
2408576	2026-05-28T16:49:11.0000000000	./john/fullgrid/bloom-560m-fullgrid-100m-p1200-perchannel-john/heat/transformer.h.17.self_attention.query_key_value.npy
2408576	2026-05-28T16:49:11.0000000000	./john/fullgrid/bloom-560m-fullgrid-100m-p1200-perchannel-john/heat/transformer.h.18.self_attention.query_key_value.npy
2408576	2026-05-28T16:49:11.0000000000	./john/fullgrid/bloom-560m-fullgrid-100m-p1200-perchannel-john/heat/transformer.h.19.self_attention.query_key_value.npy
2408576	2026-05-28T16:49:11.0000000000	./john/fullgrid/bloom-560m-fullgrid-100m-p1200-perchannel-john/heat/transformer.h.20.self_attention.query_key_value.npy
2408576	2026-05-28T16:49:11.0000000000	./john/fullgrid/bloom-560m-fullgrid-100m-p1200-perchannel-john/heat/transformer.h.21.self_attention.query_key_value.npy
2408576	2026-05-28T16:49:11.0000000000	./john/fullgrid/bloom-560m-fullgrid-100m-p1200-perchannel-john/heat/transformer.h.22.self_attention.query_key_value.npy
2408576	2026-05-28T16:49:11.0000000000	./john/fullgrid/bloom-560m-fullgrid-100m-p1200-perchannel-john/heat/transformer.h.23.self_attention.query_key_value.npy
2408576	2026-05-28T16:49:11.0000000000	./john/fullgrid/bloom-560m-fullgrid-100m-p1200-perchannel-john/heat/transformer.h.7.self_attention.query_key_value.npy
2408576	2026-05-28T16:49:11.0000000000	./john/fullgrid/bloom-560m-fullgrid-100m-p1200-perchannel-john/heat/transformer.h.8.self_attention.query_key_value.npy
2408576	2026-05-28T16:49:11.0000000000	./john/fullgrid/bloom-560m-fullgrid-100m-p1200-perchannel-john/heat/transformer.h.9.self_attention.query_key_value.npy
2408576	2026-05-28T18:29:47.0000000000	./john/fullgrid/bloomz-560m-fullgrid-100m-p1200-perchannel-john/heat/transformer.h.0.self_attention.query_key_value.npy
2408576	2026-05-28T18:29:47.0000000000	./john/fullgrid/bloomz-560m-fullgrid-100m-p1200-perchannel-john/heat/transformer.h.1.self_attention.query_key_value.npy
2408576	2026-05-28T18:29:47.0000000000	./john/fullgrid/bloomz-560m-fullgrid-100m-p1200-perchannel-john/heat/transformer.h.10.self_attention.query_key_value.npy
2408576	2026-05-28T18:29:47.0000000000	./john/fullgrid/bloomz-560m-fullgrid-100m-p1200-perchannel-john/heat/transformer.h.11.self_attention.query_key_value.npy
2408576	2026-05-28T18:29:47.0000000000	./john/fullgrid/bloomz-560m-fullgrid-100m-p1200-perchannel-john/heat/transformer.h.12.self_attention.query_key_value.npy
2408576	2026-05-28T18:29:47.0000000000	./john/fullgrid/bloomz-560m-fullgrid-100m-p1200-perchannel-john/heat/transformer.h.13.self_attention.query_key_value.npy
2408576	2026-05-28T18:29:47.0000000000	./john/fullgrid/bloomz-560m-fullgrid-100m-p1200-perchannel-john/heat/transformer.h.14.self_attention.query_key_value.npy
2408576	2026-05-28T18:29:47.0000000000	./john/fullgrid/bloomz-560m-fullgrid-100m-p1200-perchannel-john/heat/transformer.h.15.self_attention.query_key_value.npy
2408576	2026-05-28T18:29:47.0000000000	./john/fullgrid/bloomz-560m-fullgrid-100m-p1200-perchannel-john/heat/transformer.h.16.self_attention.query_key_value.npy
2408576	2026-05-28T18:29:47.0000000000	./john/fullgrid/bloomz-560m-fullgrid-100m-p1200-perchannel-john/heat/transformer.h.17.self_attention.query_key_value.npy
2408576	2026-05-28T18:29:47.0000000000	./john/fullgrid/bloomz-560m-fullgrid-100m-p1200-perchannel-john/heat/transformer.h.18.self_attention.query_key_value.npy
2408576	2026-05-28T18:29:47.0000000000	./john/fullgrid/bloomz-560m-fullgrid-100m-p1200-perchannel-john/heat/transformer.h.19.self_attention.query_key_value.npy
2408576	2026-05-28T18:29:47.0000000000	./john/fullgrid/bloomz-560m-fullgrid-100m-p1200-perchannel-john/heat/transformer.h.2.self_attention.query_key_value.npy
2408576	2026-05-28T18:29:47.0000000000	./john/fullgrid/bloomz-560m-fullgrid-100m-p1200-perchannel-john/heat/transformer.h.20.self_attention.query_key_value.npy
2408576	2026-05-28T18:29:47.0000000000	./john/fullgrid/bloomz-560m-fullgrid-100m-p1200-perchannel-john/heat/transformer.h.21.self_attention.query_key_value.npy
2408576	2026-05-28T18:29:47.0000000000	./john/fullgrid/bloomz-560m-fullgrid-100m-p1200-perchannel-john/heat/transformer.h.22.self_attention.query_key_value.npy
2408576	2026-05-28T18:29:47.0000000000	./john/fullgrid/bloomz-560m-fullgrid-100m-p1200-perchannel-john/heat/transformer.h.23.self_attention.query_key_value.npy
2408576	2026-05-28T18:29:47.0000000000	./john/fullgrid/bloomz-560m-fullgrid-100m-p1200-perchannel-john/heat/transformer.h.3.self_attention.query_key_value.npy
2408576	2026-05-28T18:29:47.0000000000	./john/fullgrid/bloomz-560m-fullgrid-100m-p1200-perchannel-john/heat/transformer.h.4.self_attention.query_key_value.npy
2408576	2026-05-28T18:29:47.0000000000	./john/fullgrid/bloomz-560m-fullgrid-100m-p1200-perchannel-john/heat/transformer.h.5.self_attention.query_key_value.npy
2408576	2026-05-28T18:29:47.0000000000	./john/fullgrid/bloomz-560m-fullgrid-100m-p1200-perchannel-john/heat/transformer.h.6.self_attention.query_key_value.npy
2408576	2026-05-28T18:29:47.0000000000	./john/fullgrid/bloomz-560m-fullgrid-100m-p1200-perchannel-john/heat/transformer.h.7.self_attention.query_key_value.npy
2408576	2026-05-28T18:29:47.0000000000	./john/fullgrid/bloomz-560m-fullgrid-100m-p1200-perchannel-john/heat/transformer.h.8.self_attention.query_key_value.npy
2408576	2026-05-28T18:29:47.0000000000	./john/fullgrid/bloomz-560m-fullgrid-100m-p1200-perchannel-john/heat/transformer.h.9.self_attention.query_key_value.npy
2436	2026-05-28T11:48:45.0000000000	./local-index/gx10/fullgrid/logs/qwen25-3b-fullgrid-100m-p180.log
2457728	2026-05-28T12:57:04.0000000000	./john/fullgrid/internlm2-7b-fullgrid-100m-p1200-perchannel-fd4096/heat/model.layers.0.attention.wqkv.npy
2457728	2026-05-28T12:57:04.0000000000	./john/fullgrid/internlm2-7b-fullgrid-100m-p1200-perchannel-fd4096/heat/model.layers.1.attention.wqkv.npy
2457728	2026-05-28T12:57:04.0000000000	./john/fullgrid/internlm2-7b-fullgrid-100m-p1200-perchannel-fd4096/heat/model.layers.10.attention.wqkv.npy
2457728	2026-05-28T12:57:04.0000000000	./john/fullgrid/internlm2-7b-fullgrid-100m-p1200-perchannel-fd4096/heat/model.layers.2.attention.wqkv.npy
2457728	2026-05-28T12:57:04.0000000000	./john/fullgrid/internlm2-7b-fullgrid-100m-p1200-perchannel-fd4096/heat/model.layers.3.attention.wqkv.npy
2457728	2026-05-28T12:57:04.0000000000	./john/fullgrid/internlm2-7b-fullgrid-100m-p1200-perchannel-fd4096/heat/model.layers.4.attention.wqkv.npy
2457728	2026-05-28T12:57:04.0000000000	./john/fullgrid/internlm2-7b-fullgrid-100m-p1200-perchannel-fd4096/heat/model.layers.5.attention.wqkv.npy
2457728	2026-05-28T12:57:04.0000000000	./john/fullgrid/internlm2-7b-fullgrid-100m-p1200-perchannel-fd4096/heat/model.layers.6.attention.wqkv.npy
2457728	2026-05-28T12:57:04.0000000000	./john/fullgrid/internlm2-7b-fullgrid-100m-p1200-perchannel-fd4096/heat/model.layers.7.attention.wqkv.npy
2457728	2026-05-28T12:57:04.0000000000	./john/fullgrid/internlm2-7b-fullgrid-100m-p1200-perchannel-fd4096/heat/model.layers.8.attention.wqkv.npy
2457728	2026-05-28T12:57:04.0000000000	./john/fullgrid/internlm2-7b-fullgrid-100m-p1200-perchannel-fd4096/heat/model.layers.9.attention.wqkv.npy
2457728	2026-05-28T14:55:17.0000000000	./john/fullgrid/internlm2-7b-fullgrid-100m-p1200-perchannel-fd4096/heat/model.layers.11.attention.wqkv.npy
2457728	2026-05-28T14:55:17.0000000000	./john/fullgrid/internlm2-7b-fullgrid-100m-p1200-perchannel-fd4096/heat/model.layers.12.attention.wqkv.npy
2457728	2026-05-28T14:55:17.0000000000	./john/fullgrid/internlm2-7b-fullgrid-100m-p1200-perchannel-fd4096/heat/model.layers.13.attention.wqkv.npy
2457728	2026-05-28T14:55:17.0000000000	./john/fullgrid/internlm2-7b-fullgrid-100m-p1200-perchannel-fd4096/heat/model.layers.14.attention.wqkv.npy
2457728	2026-05-28T14:55:17.0000000000	./john/fullgrid/internlm2-7b-fullgrid-100m-p1200-perchannel-fd4096/heat/model.layers.15.attention.wqkv.npy
2457728	2026-05-28T14:55:17.0000000000	./john/fullgrid/internlm2-7b-fullgrid-100m-p1200-perchannel-fd4096/heat/model.layers.16.attention.wqkv.npy
2457728	2026-05-28T14:55:17.0000000000	./john/fullgrid/internlm2-7b-fullgrid-100m-p1200-perchannel-fd4096/heat/model.layers.17.attention.wqkv.npy
2457728	2026-05-28T14:55:17.0000000000	./john/fullgrid/internlm2-7b-fullgrid-100m-p1200-perchannel-fd4096/heat/model.layers.18.attention.wqkv.npy
2457728	2026-05-28T14:55:17.0000000000	./john/fullgrid/internlm2-7b-fullgrid-100m-p1200-perchannel-fd4096/heat/model.layers.19.attention.wqkv.npy
2457728	2026-05-28T14:55:17.0000000000	./john/fullgrid/internlm2-7b-fullgrid-100m-p1200-perchannel-fd4096/heat/model.layers.20.attention.wqkv.npy
2457728	2026-05-28T14:55:17.0000000000	./john/fullgrid/internlm2-7b-fullgrid-100m-p1200-perchannel-fd4096/heat/model.layers.21.attention.wqkv.npy
2457728	2026-05-28T14:55:17.0000000000	./john/fullgrid/internlm2-7b-fullgrid-100m-p1200-perchannel-fd4096/heat/model.layers.22.attention.wqkv.npy
2457728	2026-05-28T14:55:17.0000000000	./john/fullgrid/internlm2-7b-fullgrid-100m-p1200-perchannel-fd4096/heat/model.layers.23.attention.wqkv.npy
2457728	2026-05-28T14:55:17.0000000000	./john/fullgrid/internlm2-7b-fullgrid-100m-p1200-perchannel-fd4096/heat/model.layers.24.attention.wqkv.npy
2457728	2026-05-28T14:55:17.0000000000	./john/fullgrid/internlm2-7b-fullgrid-100m-p1200-perchannel-fd4096/heat/model.layers.25.attention.wqkv.npy
2457728	2026-05-28T14:55:17.0000000000	./john/fullgrid/internlm2-7b-fullgrid-100m-p1200-perchannel-fd4096/heat/model.layers.26.attention.wqkv.npy
2457728	2026-05-28T14:55:17.0000000000	./john/fullgrid/internlm2-7b-fullgrid-100m-p1200-perchannel-fd4096/heat/model.layers.27.attention.wqkv.npy
2457728	2026-05-28T14:55:17.0000000000	./john/fullgrid/internlm2-7b-fullgrid-100m-p1200-perchannel-fd4096/heat/model.layers.28.attention.wqkv.npy
2457728	2026-05-28T14:55:17.0000000000	./john/fullgrid/internlm2-7b-fullgrid-100m-p1200-perchannel-fd4096/heat/model.layers.29.attention.wqkv.npy
2457728	2026-05-28T14:55:17.0000000000	./john/fullgrid/internlm2-7b-fullgrid-100m-p1200-perchannel-fd4096/heat/model.layers.30.attention.wqkv.npy
2457728	2026-05-28T14:55:17.0000000000	./john/fullgrid/internlm2-7b-fullgrid-100m-p1200-perchannel-fd4096/heat/model.layers.31.attention.wqkv.npy
24780928	2026-05-28T15:51:29.0000000000	./john/fullgrid/phi-2-fullgrid-100m-p1200-perchannel-john/heat/lm_head.npy
25678	2026-05-28T10:31:56.0000000000	./ai/fullgrid/gpt2-fullgrid-100m/meta.json
25678	2026-05-28T10:31:56.0000000000	./local-index/ai/fullgrid/gpt2-fullgrid-100m/meta.json
26065	2026-05-28T11:00:22.0000000000	./ai/fullgrid/gpt2-fullgrid-100m-p180/meta.json
26065	2026-05-28T11:00:22.0000000000	./local-index/ai/fullgrid/gpt2-fullgrid-100m-p180/meta.json
28708	2026-05-28T10:31:38.0000000000	./ai/fullgrid/gpt2-fullgrid-100m/quantile_edges.npz
28708	2026-05-28T10:59:01.0000000000	./ai/fullgrid/gpt2-fullgrid-100m-p180/quantile_edges.npz
2875520	2026-05-28T17:32:44.0000000000	./john/fullgrid/bloom-1b1-fullgrid-100m-p1200-perchannel-john/heat/transformer.h.0.self_attention.query_key_value.npy
2875520	2026-05-28T17:32:44.0000000000	./john/fullgrid/bloom-1b1-fullgrid-100m-p1200-perchannel-john/heat/transformer.h.1.self_attention.query_key_value.npy
2875520	2026-05-28T17:32:45.0000000000	./john/fullgrid/bloom-1b1-fullgrid-100m-p1200-perchannel-john/heat/transformer.h.10.self_attention.query_key_value.npy
2875520	2026-05-28T17:32:45.0000000000	./john/fullgrid/bloom-1b1-fullgrid-100m-p1200-perchannel-john/heat/transformer.h.11.self_attention.query_key_value.npy
2875520	2026-05-28T17:32:45.0000000000	./john/fullgrid/bloom-1b1-fullgrid-100m-p1200-perchannel-john/heat/transformer.h.12.self_attention.query_key_value.npy
2875520	2026-05-28T17:32:45.0000000000	./john/fullgrid/bloom-1b1-fullgrid-100m-p1200-perchannel-john/heat/transformer.h.13.self_attention.query_key_value.npy
2875520	2026-05-28T17:32:45.0000000000	./john/fullgrid/bloom-1b1-fullgrid-100m-p1200-perchannel-john/heat/transformer.h.14.self_attention.query_key_value.npy
2875520	2026-05-28T17:32:45.0000000000	./john/fullgrid/bloom-1b1-fullgrid-100m-p1200-perchannel-john/heat/transformer.h.15.self_attention.query_key_value.npy
2875520	2026-05-28T17:32:45.0000000000	./john/fullgrid/bloom-1b1-fullgrid-100m-p1200-perchannel-john/heat/transformer.h.16.self_attention.query_key_value.npy
2875520	2026-05-28T17:32:45.0000000000	./john/fullgrid/bloom-1b1-fullgrid-100m-p1200-perchannel-john/heat/transformer.h.17.self_attention.query_key_value.npy
2875520	2026-05-28T17:32:45.0000000000	./john/fullgrid/bloom-1b1-fullgrid-100m-p1200-perchannel-john/heat/transformer.h.18.self_attention.query_key_value.npy
2875520	2026-05-28T17:32:45.0000000000	./john/fullgrid/bloom-1b1-fullgrid-100m-p1200-perchannel-john/heat/transformer.h.19.self_attention.query_key_value.npy
2875520	2026-05-28T17:32:45.0000000000	./john/fullgrid/bloom-1b1-fullgrid-100m-p1200-perchannel-john/heat/transformer.h.2.self_attention.query_key_value.npy
2875520	2026-05-28T17:32:45.0000000000	./john/fullgrid/bloom-1b1-fullgrid-100m-p1200-perchannel-john/heat/transformer.h.20.self_attention.query_key_value.npy
2875520	2026-05-28T17:32:45.0000000000	./john/fullgrid/bloom-1b1-fullgrid-100m-p1200-perchannel-john/heat/transformer.h.21.self_attention.query_key_value.npy
2875520	2026-05-28T17:32:45.0000000000	./john/fullgrid/bloom-1b1-fullgrid-100m-p1200-perchannel-john/heat/transformer.h.22.self_attention.query_key_value.npy
2875520	2026-05-28T17:32:45.0000000000	./john/fullgrid/bloom-1b1-fullgrid-100m-p1200-perchannel-john/heat/transformer.h.23.self_attention.query_key_value.npy
2875520	2026-05-28T17:32:45.0000000000	./john/fullgrid/bloom-1b1-fullgrid-100m-p1200-perchannel-john/heat/transformer.h.3.self_attention.query_key_value.npy
2875520	2026-05-28T17:32:45.0000000000	./john/fullgrid/bloom-1b1-fullgrid-100m-p1200-perchannel-john/heat/transformer.h.4.self_attention.query_key_value.npy
2875520	2026-05-28T17:32:45.0000000000	./john/fullgrid/bloom-1b1-fullgrid-100m-p1200-perchannel-john/heat/transformer.h.5.self_attention.query_key_value.npy
2875520	2026-05-28T17:32:45.0000000000	./john/fullgrid/bloom-1b1-fullgrid-100m-p1200-perchannel-john/heat/transformer.h.6.self_attention.query_key_value.npy
2875520	2026-05-28T17:32:45.0000000000	./john/fullgrid/bloom-1b1-fullgrid-100m-p1200-perchannel-john/heat/transformer.h.7.self_attention.query_key_value.npy
2875520	2026-05-28T17:32:45.0000000000	./john/fullgrid/bloom-1b1-fullgrid-100m-p1200-perchannel-john/heat/transformer.h.8.self_attention.query_key_value.npy
2875520	2026-05-28T17:32:45.0000000000	./john/fullgrid/bloom-1b1-fullgrid-100m-p1200-perchannel-john/heat/transformer.h.9.self_attention.query_key_value.npy
2875520	2026-05-28T18:57:17.0000000000	./john/fullgrid/bloomz-1b1-fullgrid-100m-p1200-perchannel-john/heat/transformer.h.0.self_attention.query_key_value.npy
2875520	2026-05-28T18:57:17.0000000000	./john/fullgrid/bloomz-1b1-fullgrid-100m-p1200-perchannel-john/heat/transformer.h.1.self_attention.query_key_value.npy
2875520	2026-05-28T18:57:17.0000000000	./john/fullgrid/bloomz-1b1-fullgrid-100m-p1200-perchannel-john/heat/transformer.h.10.self_attention.query_key_value.npy
2875520	2026-05-28T18:57:17.0000000000	./john/fullgrid/bloomz-1b1-fullgrid-100m-p1200-perchannel-john/heat/transformer.h.11.self_attention.query_key_value.npy
2875520	2026-05-28T18:57:17.0000000000	./john/fullgrid/bloomz-1b1-fullgrid-100m-p1200-perchannel-john/heat/transformer.h.12.self_attention.query_key_value.npy
2875520	2026-05-28T18:57:17.0000000000	./john/fullgrid/bloomz-1b1-fullgrid-100m-p1200-perchannel-john/heat/transformer.h.13.self_attention.query_key_value.npy
2875520	2026-05-28T18:57:17.0000000000	./john/fullgrid/bloomz-1b1-fullgrid-100m-p1200-perchannel-john/heat/transformer.h.14.self_attention.query_key_value.npy
2875520	2026-05-28T18:57:17.0000000000	./john/fullgrid/bloomz-1b1-fullgrid-100m-p1200-perchannel-john/heat/transformer.h.15.self_attention.query_key_value.npy
2875520	2026-05-28T18:57:17.0000000000	./john/fullgrid/bloomz-1b1-fullgrid-100m-p1200-perchannel-john/heat/transformer.h.16.self_attention.query_key_value.npy
2875520	2026-05-28T18:57:17.0000000000	./john/fullgrid/bloomz-1b1-fullgrid-100m-p1200-perchannel-john/heat/transformer.h.17.self_attention.query_key_value.npy
2875520	2026-05-28T18:57:17.0000000000	./john/fullgrid/bloomz-1b1-fullgrid-100m-p1200-perchannel-john/heat/transformer.h.18.self_attention.query_key_value.npy
2875520	2026-05-28T18:57:17.0000000000	./john/fullgrid/bloomz-1b1-fullgrid-100m-p1200-perchannel-john/heat/transformer.h.19.self_attention.query_key_value.npy
2875520	2026-05-28T18:57:17.0000000000	./john/fullgrid/bloomz-1b1-fullgrid-100m-p1200-perchannel-john/heat/transformer.h.2.self_attention.query_key_value.npy
2875520	2026-05-28T18:57:17.0000000000	./john/fullgrid/bloomz-1b1-fullgrid-100m-p1200-perchannel-john/heat/transformer.h.20.self_attention.query_key_value.npy
2875520	2026-05-28T18:57:17.0000000000	./john/fullgrid/bloomz-1b1-fullgrid-100m-p1200-perchannel-john/heat/transformer.h.21.self_attention.query_key_value.npy
2875520	2026-05-28T18:57:17.0000000000	./john/fullgrid/bloomz-1b1-fullgrid-100m-p1200-perchannel-john/heat/transformer.h.22.self_attention.query_key_value.npy
2875520	2026-05-28T18:57:17.0000000000	./john/fullgrid/bloomz-1b1-fullgrid-100m-p1200-perchannel-john/heat/transformer.h.23.self_attention.query_key_value.npy
2875520	2026-05-28T18:57:17.0000000000	./john/fullgrid/bloomz-1b1-fullgrid-100m-p1200-perchannel-john/heat/transformer.h.3.self_attention.query_key_value.npy
2875520	2026-05-28T18:57:17.0000000000	./john/fullgrid/bloomz-1b1-fullgrid-100m-p1200-perchannel-john/heat/transformer.h.4.self_attention.query_key_value.npy
2875520	2026-05-28T18:57:17.0000000000	./john/fullgrid/bloomz-1b1-fullgrid-100m-p1200-perchannel-john/heat/transformer.h.5.self_attention.query_key_value.npy
2875520	2026-05-28T18:57:17.0000000000	./john/fullgrid/bloomz-1b1-fullgrid-100m-p1200-perchannel-john/heat/transformer.h.6.self_attention.query_key_value.npy
2875520	2026-05-28T18:57:17.0000000000	./john/fullgrid/bloomz-1b1-fullgrid-100m-p1200-perchannel-john/heat/transformer.h.7.self_attention.query_key_value.npy
2875520	2026-05-28T18:57:17.0000000000	./john/fullgrid/bloomz-1b1-fullgrid-100m-p1200-perchannel-john/heat/transformer.h.8.self_attention.query_key_value.npy
2875520	2026-05-28T18:57:17.0000000000	./john/fullgrid/bloomz-1b1-fullgrid-100m-p1200-perchannel-john/heat/transformer.h.9.self_attention.query_key_value.npy
3072128	2026-05-28T18:07:42.0000000000	./john/fullgrid/bloom-3b-fullgrid-100m-p1200-perchannel-john/heat/transformer.h.0.self_attention.query_key_value.npy
3072128	2026-05-28T18:07:42.0000000000	./john/fullgrid/bloom-3b-fullgrid-100m-p1200-perchannel-john/heat/transformer.h.1.self_attention.query_key_value.npy
3072128	2026-05-28T18:07:42.0000000000	./john/fullgrid/bloom-3b-fullgrid-100m-p1200-perchannel-john/heat/transformer.h.10.self_attention.query_key_value.npy
3072128	2026-05-28T18:07:42.0000000000	./john/fullgrid/bloom-3b-fullgrid-100m-p1200-perchannel-john/heat/transformer.h.11.self_attention.query_key_value.npy
3072128	2026-05-28T18:07:42.0000000000	./john/fullgrid/bloom-3b-fullgrid-100m-p1200-perchannel-john/heat/transformer.h.12.self_attention.query_key_value.npy
3072128	2026-05-28T18:07:42.0000000000	./john/fullgrid/bloom-3b-fullgrid-100m-p1200-perchannel-john/heat/transformer.h.13.self_attention.query_key_value.npy
3072128	2026-05-28T18:07:42.0000000000	./john/fullgrid/bloom-3b-fullgrid-100m-p1200-perchannel-john/heat/transformer.h.14.self_attention.query_key_value.npy
3072128	2026-05-28T18:07:42.0000000000	./john/fullgrid/bloom-3b-fullgrid-100m-p1200-perchannel-john/heat/transformer.h.15.self_attention.query_key_value.npy
3072128	2026-05-28T18:07:42.0000000000	./john/fullgrid/bloom-3b-fullgrid-100m-p1200-perchannel-john/heat/transformer.h.16.self_attention.query_key_value.npy
3072128	2026-05-28T18:07:42.0000000000	./john/fullgrid/bloom-3b-fullgrid-100m-p1200-perchannel-john/heat/transformer.h.17.self_attention.query_key_value.npy
3072128	2026-05-28T18:07:42.0000000000	./john/fullgrid/bloom-3b-fullgrid-100m-p1200-perchannel-john/heat/transformer.h.18.self_attention.query_key_value.npy
3072128	2026-05-28T18:07:42.0000000000	./john/fullgrid/bloom-3b-fullgrid-100m-p1200-perchannel-john/heat/transformer.h.19.self_attention.query_key_value.npy
3072128	2026-05-28T18:07:42.0000000000	./john/fullgrid/bloom-3b-fullgrid-100m-p1200-perchannel-john/heat/transformer.h.2.self_attention.query_key_value.npy
3072128	2026-05-28T18:07:42.0000000000	./john/fullgrid/bloom-3b-fullgrid-100m-p1200-perchannel-john/heat/transformer.h.20.self_attention.query_key_value.npy
3072128	2026-05-28T18:07:42.0000000000	./john/fullgrid/bloom-3b-fullgrid-100m-p1200-perchannel-john/heat/transformer.h.21.self_attention.query_key_value.npy
3072128	2026-05-28T18:07:42.0000000000	./john/fullgrid/bloom-3b-fullgrid-100m-p1200-perchannel-john/heat/transformer.h.22.self_attention.query_key_value.npy
3072128	2026-05-28T18:07:42.0000000000	./john/fullgrid/bloom-3b-fullgrid-100m-p1200-perchannel-john/heat/transformer.h.23.self_attention.query_key_value.npy
3072128	2026-05-28T18:07:42.0000000000	./john/fullgrid/bloom-3b-fullgrid-100m-p1200-perchannel-john/heat/transformer.h.24.self_attention.query_key_value.npy
3072128	2026-05-28T18:07:42.0000000000	./john/fullgrid/bloom-3b-fullgrid-100m-p1200-perchannel-john/heat/transformer.h.25.self_attention.query_key_value.npy
3072128	2026-05-28T18:07:42.0000000000	./john/fullgrid/bloom-3b-fullgrid-100m-p1200-perchannel-john/heat/transformer.h.26.self_attention.query_key_value.npy
3072128	2026-05-28T18:07:42.0000000000	./john/fullgrid/bloom-3b-fullgrid-100m-p1200-perchannel-john/heat/transformer.h.27.self_attention.query_key_value.npy
3072128	2026-05-28T18:07:42.0000000000	./john/fullgrid/bloom-3b-fullgrid-100m-p1200-perchannel-john/heat/transformer.h.28.self_attention.query_key_value.npy
3072128	2026-05-28T18:07:42.0000000000	./john/fullgrid/bloom-3b-fullgrid-100m-p1200-perchannel-john/heat/transformer.h.29.self_attention.query_key_value.npy
3072128	2026-05-28T18:07:42.0000000000	./john/fullgrid/bloom-3b-fullgrid-100m-p1200-perchannel-john/heat/transformer.h.3.self_attention.query_key_value.npy
3072128	2026-05-28T18:07:42.0000000000	./john/fullgrid/bloom-3b-fullgrid-100m-p1200-perchannel-john/heat/transformer.h.4.self_attention.query_key_value.npy
3072128	2026-05-28T18:07:42.0000000000	./john/fullgrid/bloom-3b-fullgrid-100m-p1200-perchannel-john/heat/transformer.h.5.self_attention.query_key_value.npy
3072128	2026-05-28T18:07:42.0000000000	./john/fullgrid/bloom-3b-fullgrid-100m-p1200-perchannel-john/heat/transformer.h.6.self_attention.query_key_value.npy
3072128	2026-05-28T18:07:42.0000000000	./john/fullgrid/bloom-3b-fullgrid-100m-p1200-perchannel-john/heat/transformer.h.7.self_attention.query_key_value.npy
3072128	2026-05-28T18:07:42.0000000000	./john/fullgrid/bloom-3b-fullgrid-100m-p1200-perchannel-john/heat/transformer.h.8.self_attention.query_key_value.npy
3072128	2026-05-28T18:07:42.0000000000	./john/fullgrid/bloom-3b-fullgrid-100m-p1200-perchannel-john/heat/transformer.h.9.self_attention.query_key_value.npy
3072128	2026-05-28T19:31:06.0000000000	./john/fullgrid/bloomz-3b-fullgrid-100m-p1200-perchannel-john/heat/transformer.h.0.self_attention.query_key_value.npy
3072128	2026-05-28T19:31:06.0000000000	./john/fullgrid/bloomz-3b-fullgrid-100m-p1200-perchannel-john/heat/transformer.h.1.self_attention.query_key_value.npy
3072128	2026-05-28T19:31:06.0000000000	./john/fullgrid/bloomz-3b-fullgrid-100m-p1200-perchannel-john/heat/transformer.h.10.self_attention.query_key_value.npy
3072128	2026-05-28T19:31:06.0000000000	./john/fullgrid/bloomz-3b-fullgrid-100m-p1200-perchannel-john/heat/transformer.h.11.self_attention.query_key_value.npy
3072128	2026-05-28T19:31:06.0000000000	./john/fullgrid/bloomz-3b-fullgrid-100m-p1200-perchannel-john/heat/transformer.h.12.self_attention.query_key_value.npy
3072128	2026-05-28T19:31:06.0000000000	./john/fullgrid/bloomz-3b-fullgrid-100m-p1200-perchannel-john/heat/transformer.h.13.self_attention.query_key_value.npy
3072128	2026-05-28T19:31:06.0000000000	./john/fullgrid/bloomz-3b-fullgrid-100m-p1200-perchannel-john/heat/transformer.h.14.self_attention.query_key_value.npy
3072128	2026-05-28T19:31:06.0000000000	./john/fullgrid/bloomz-3b-fullgrid-100m-p1200-perchannel-john/heat/transformer.h.15.self_attention.query_key_value.npy
3072128	2026-05-28T19:31:06.0000000000	./john/fullgrid/bloomz-3b-fullgrid-100m-p1200-perchannel-john/heat/transformer.h.16.self_attention.query_key_value.npy
3072128	2026-05-28T19:31:06.0000000000	./john/fullgrid/bloomz-3b-fullgrid-100m-p1200-perchannel-john/heat/transformer.h.17.self_attention.query_key_value.npy
3072128	2026-05-28T19:31:06.0000000000	./john/fullgrid/bloomz-3b-fullgrid-100m-p1200-perchannel-john/heat/transformer.h.18.self_attention.query_key_value.npy
3072128	2026-05-28T19:31:06.0000000000	./john/fullgrid/bloomz-3b-fullgrid-100m-p1200-perchannel-john/heat/transformer.h.19.self_attention.query_key_value.npy
3072128	2026-05-28T19:31:06.0000000000	./john/fullgrid/bloomz-3b-fullgrid-100m-p1200-perchannel-john/heat/transformer.h.2.self_attention.query_key_value.npy
3072128	2026-05-28T19:31:06.0000000000	./john/fullgrid/bloomz-3b-fullgrid-100m-p1200-perchannel-john/heat/transformer.h.20.self_attention.query_key_value.npy
3072128	2026-05-28T19:31:06.0000000000	./john/fullgrid/bloomz-3b-fullgrid-100m-p1200-perchannel-john/heat/transformer.h.21.self_attention.query_key_value.npy
3072128	2026-05-28T19:31:06.0000000000	./john/fullgrid/bloomz-3b-fullgrid-100m-p1200-perchannel-john/heat/transformer.h.22.self_attention.query_key_value.npy
3072128	2026-05-28T19:31:06.0000000000	./john/fullgrid/bloomz-3b-fullgrid-100m-p1200-perchannel-john/heat/transformer.h.23.self_attention.query_key_value.npy
3072128	2026-05-28T19:31:06.0000000000	./john/fullgrid/bloomz-3b-fullgrid-100m-p1200-perchannel-john/heat/transformer.h.24.self_attention.query_key_value.npy
3072128	2026-05-28T19:31:06.0000000000	./john/fullgrid/bloomz-3b-fullgrid-100m-p1200-perchannel-john/heat/transformer.h.25.self_attention.query_key_value.npy
3072128	2026-05-28T19:31:06.0000000000	./john/fullgrid/bloomz-3b-fullgrid-100m-p1200-perchannel-john/heat/transformer.h.26.self_attention.query_key_value.npy
3072128	2026-05-28T19:31:06.0000000000	./john/fullgrid/bloomz-3b-fullgrid-100m-p1200-perchannel-john/heat/transformer.h.27.self_attention.query_key_value.npy
3072128	2026-05-28T19:31:06.0000000000	./john/fullgrid/bloomz-3b-fullgrid-100m-p1200-perchannel-john/heat/transformer.h.28.self_attention.query_key_value.npy
3072128	2026-05-28T19:31:06.0000000000	./john/fullgrid/bloomz-3b-fullgrid-100m-p1200-perchannel-john/heat/transformer.h.29.self_attention.query_key_value.npy
3072128	2026-05-28T19:31:06.0000000000	./john/fullgrid/bloomz-3b-fullgrid-100m-p1200-perchannel-john/heat/transformer.h.3.self_attention.query_key_value.npy
3072128	2026-05-28T19:31:06.0000000000	./john/fullgrid/bloomz-3b-fullgrid-100m-p1200-perchannel-john/heat/transformer.h.4.self_attention.query_key_value.npy
3072128	2026-05-28T19:31:06.0000000000	./john/fullgrid/bloomz-3b-fullgrid-100m-p1200-perchannel-john/heat/transformer.h.5.self_attention.query_key_value.npy
3072128	2026-05-28T19:31:06.0000000000	./john/fullgrid/bloomz-3b-fullgrid-100m-p1200-perchannel-john/heat/transformer.h.6.self_attention.query_key_value.npy
3072128	2026-05-28T19:31:06.0000000000	./john/fullgrid/bloomz-3b-fullgrid-100m-p1200-perchannel-john/heat/transformer.h.7.self_attention.query_key_value.npy
3072128	2026-05-28T19:31:06.0000000000	./john/fullgrid/bloomz-3b-fullgrid-100m-p1200-perchannel-john/heat/transformer.h.8.self_attention.query_key_value.npy
3072128	2026-05-28T19:31:06.0000000000	./john/fullgrid/bloomz-3b-fullgrid-100m-p1200-perchannel-john/heat/transformer.h.9.self_attention.query_key_value.npy
3105	2026-05-28T11:43:57.0000000000	./ai/fullgrid/logs/gpt2-fullgrid-100m-union-fixededges.log
3105	2026-05-28T11:43:57.0000000000	./local-index/ai/fullgrid/logs/gpt2-fullgrid-100m-union-fixededges.log
31440766	2026-05-28T16:49:41.0000000000	./john/fullgrid/bloom-560m-fullgrid-100m-p1200-perchannel-john/quantile_edges.npz
31440766	2026-05-28T18:11:25.0000000000	./john/fullgrid/bloomz-560m-fullgrid-100m-p1200-perchannel-john/quantile_edges.npz
3211392	2026-05-28T16:49:10.0000000000	./john/fullgrid/bloom-560m-fullgrid-100m-p1200-perchannel-john/heat/transformer.h.0.mlp.dense_h_to_4h.npy
3211392	2026-05-28T16:49:10.0000000000	./john/fullgrid/bloom-560m-fullgrid-100m-p1200-perchannel-john/heat/transformer.h.1.mlp.dense_h_to_4h.npy
3211392	2026-05-28T16:49:10.0000000000	./john/fullgrid/bloom-560m-fullgrid-100m-p1200-perchannel-john/heat/transformer.h.2.mlp.dense_h_to_4h.npy
3211392	2026-05-28T16:49:10.0000000000	./john/fullgrid/bloom-560m-fullgrid-100m-p1200-perchannel-john/heat/transformer.h.3.mlp.dense_h_to_4h.npy
3211392	2026-05-28T16:49:10.0000000000	./john/fullgrid/bloom-560m-fullgrid-100m-p1200-perchannel-john/heat/transformer.h.4.mlp.dense_h_to_4h.npy
3211392	2026-05-28T16:49:10.0000000000	./john/fullgrid/bloom-560m-fullgrid-100m-p1200-perchannel-john/heat/transformer.h.5.mlp.dense_h_to_4h.npy
3211392	2026-05-28T16:49:10.0000000000	./john/fullgrid/bloom-560m-fullgrid-100m-p1200-perchannel-john/heat/transformer.h.6.mlp.dense_h_to_4h.npy
3211392	2026-05-28T16:49:11.0000000000	./john/fullgrid/bloom-560m-fullgrid-100m-p1200-perchannel-john/heat/transformer.h.10.mlp.dense_h_to_4h.npy
3211392	2026-05-28T16:49:11.0000000000	./john/fullgrid/bloom-560m-fullgrid-100m-p1200-perchannel-john/heat/transformer.h.11.mlp.dense_h_to_4h.npy
3211392	2026-05-28T16:49:11.0000000000	./john/fullgrid/bloom-560m-fullgrid-100m-p1200-perchannel-john/heat/transformer.h.12.mlp.dense_h_to_4h.npy
3211392	2026-05-28T16:49:11.0000000000	./john/fullgrid/bloom-560m-fullgrid-100m-p1200-perchannel-john/heat/transformer.h.13.mlp.dense_h_to_4h.npy
3211392	2026-05-28T16:49:11.0000000000	./john/fullgrid/bloom-560m-fullgrid-100m-p1200-perchannel-john/heat/transformer.h.14.mlp.dense_h_to_4h.npy
3211392	2026-05-28T16:49:11.0000000000	./john/fullgrid/bloom-560m-fullgrid-100m-p1200-perchannel-john/heat/transformer.h.15.mlp.dense_h_to_4h.npy
3211392	2026-05-28T16:49:11.0000000000	./john/fullgrid/bloom-560m-fullgrid-100m-p1200-perchannel-john/heat/transformer.h.16.mlp.dense_h_to_4h.npy
3211392	2026-05-28T16:49:11.0000000000	./john/fullgrid/bloom-560m-fullgrid-100m-p1200-perchannel-john/heat/transformer.h.17.mlp.dense_h_to_4h.npy
3211392	2026-05-28T16:49:11.0000000000	./john/fullgrid/bloom-560m-fullgrid-100m-p1200-perchannel-john/heat/transformer.h.18.mlp.dense_h_to_4h.npy
3211392	2026-05-28T16:49:11.0000000000	./john/fullgrid/bloom-560m-fullgrid-100m-p1200-perchannel-john/heat/transformer.h.19.mlp.dense_h_to_4h.npy
3211392	2026-05-28T16:49:11.0000000000	./john/fullgrid/bloom-560m-fullgrid-100m-p1200-perchannel-john/heat/transformer.h.20.mlp.dense_h_to_4h.npy
3211392	2026-05-28T16:49:11.0000000000	./john/fullgrid/bloom-560m-fullgrid-100m-p1200-perchannel-john/heat/transformer.h.21.mlp.dense_h_to_4h.npy
3211392	2026-05-28T16:49:11.0000000000	./john/fullgrid/bloom-560m-fullgrid-100m-p1200-perchannel-john/heat/transformer.h.22.mlp.dense_h_to_4h.npy
3211392	2026-05-28T16:49:11.0000000000	./john/fullgrid/bloom-560m-fullgrid-100m-p1200-perchannel-john/heat/transformer.h.23.mlp.dense_h_to_4h.npy
3211392	2026-05-28T16:49:11.0000000000	./john/fullgrid/bloom-560m-fullgrid-100m-p1200-perchannel-john/heat/transformer.h.7.mlp.dense_h_to_4h.npy
3211392	2026-05-28T16:49:11.0000000000	./john/fullgrid/bloom-560m-fullgrid-100m-p1200-perchannel-john/heat/transformer.h.8.mlp.dense_h_to_4h.npy
3211392	2026-05-28T16:49:11.0000000000	./john/fullgrid/bloom-560m-fullgrid-100m-p1200-perchannel-john/heat/transformer.h.9.mlp.dense_h_to_4h.npy
3211392	2026-05-28T18:29:47.0000000000	./john/fullgrid/bloomz-560m-fullgrid-100m-p1200-perchannel-john/heat/transformer.h.0.mlp.dense_h_to_4h.npy
3211392	2026-05-28T18:29:47.0000000000	./john/fullgrid/bloomz-560m-fullgrid-100m-p1200-perchannel-john/heat/transformer.h.1.mlp.dense_h_to_4h.npy
3211392	2026-05-28T18:29:47.0000000000	./john/fullgrid/bloomz-560m-fullgrid-100m-p1200-perchannel-john/heat/transformer.h.10.mlp.dense_h_to_4h.npy
3211392	2026-05-28T18:29:47.0000000000	./john/fullgrid/bloomz-560m-fullgrid-100m-p1200-perchannel-john/heat/transformer.h.11.mlp.dense_h_to_4h.npy
3211392	2026-05-28T18:29:47.0000000000	./john/fullgrid/bloomz-560m-fullgrid-100m-p1200-perchannel-john/heat/transformer.h.12.mlp.dense_h_to_4h.npy
3211392	2026-05-28T18:29:47.0000000000	./john/fullgrid/bloomz-560m-fullgrid-100m-p1200-perchannel-john/heat/transformer.h.13.mlp.dense_h_to_4h.npy
3211392	2026-05-28T18:29:47.0000000000	./john/fullgrid/bloomz-560m-fullgrid-100m-p1200-perchannel-john/heat/transformer.h.14.mlp.dense_h_to_4h.npy
3211392	2026-05-28T18:29:47.0000000000	./john/fullgrid/bloomz-560m-fullgrid-100m-p1200-perchannel-john/heat/transformer.h.15.mlp.dense_h_to_4h.npy
3211392	2026-05-28T18:29:47.0000000000	./john/fullgrid/bloomz-560m-fullgrid-100m-p1200-perchannel-john/heat/transformer.h.16.mlp.dense_h_to_4h.npy
3211392	2026-05-28T18:29:47.0000000000	./john/fullgrid/bloomz-560m-fullgrid-100m-p1200-perchannel-john/heat/transformer.h.17.mlp.dense_h_to_4h.npy
3211392	2026-05-28T18:29:47.0000000000	./john/fullgrid/bloomz-560m-fullgrid-100m-p1200-perchannel-john/heat/transformer.h.18.mlp.dense_h_to_4h.npy
3211392	2026-05-28T18:29:47.0000000000	./john/fullgrid/bloomz-560m-fullgrid-100m-p1200-perchannel-john/heat/transformer.h.19.mlp.dense_h_to_4h.npy
3211392	2026-05-28T18:29:47.0000000000	./john/fullgrid/bloomz-560m-fullgrid-100m-p1200-perchannel-john/heat/transformer.h.2.mlp.dense_h_to_4h.npy
3211392	2026-05-28T18:29:47.0000000000	./john/fullgrid/bloomz-560m-fullgrid-100m-p1200-perchannel-john/heat/transformer.h.20.mlp.dense_h_to_4h.npy
3211392	2026-05-28T18:29:47.0000000000	./john/fullgrid/bloomz-560m-fullgrid-100m-p1200-perchannel-john/heat/transformer.h.21.mlp.dense_h_to_4h.npy
3211392	2026-05-28T18:29:47.0000000000	./john/fullgrid/bloomz-560m-fullgrid-100m-p1200-perchannel-john/heat/transformer.h.22.mlp.dense_h_to_4h.npy
3211392	2026-05-28T18:29:47.0000000000	./john/fullgrid/bloomz-560m-fullgrid-100m-p1200-perchannel-john/heat/transformer.h.23.mlp.dense_h_to_4h.npy
3211392	2026-05-28T18:29:47.0000000000	./john/fullgrid/bloomz-560m-fullgrid-100m-p1200-perchannel-john/heat/transformer.h.3.mlp.dense_h_to_4h.npy
3211392	2026-05-28T18:29:47.0000000000	./john/fullgrid/bloomz-560m-fullgrid-100m-p1200-perchannel-john/heat/transformer.h.4.mlp.dense_h_to_4h.npy
3211392	2026-05-28T18:29:47.0000000000	./john/fullgrid/bloomz-560m-fullgrid-100m-p1200-perchannel-john/heat/transformer.h.5.mlp.dense_h_to_4h.npy
3211392	2026-05-28T18:29:47.0000000000	./john/fullgrid/bloomz-560m-fullgrid-100m-p1200-perchannel-john/heat/transformer.h.6.mlp.dense_h_to_4h.npy
3211392	2026-05-28T18:29:47.0000000000	./john/fullgrid/bloomz-560m-fullgrid-100m-p1200-perchannel-john/heat/transformer.h.7.mlp.dense_h_to_4h.npy
3211392	2026-05-28T18:29:47.0000000000	./john/fullgrid/bloomz-560m-fullgrid-100m-p1200-perchannel-john/heat/transformer.h.8.mlp.dense_h_to_4h.npy
3211392	2026-05-28T18:29:47.0000000000	./john/fullgrid/bloomz-560m-fullgrid-100m-p1200-perchannel-john/heat/transformer.h.9.mlp.dense_h_to_4h.npy
3379328	2026-05-28T16:46:05.0000000000	./john/fullgrid/pythia-2.8b-fullgrid-100m-p1200-perchannel-john/heat/gpt_neox.layers.0.attention.query_key_value.npy
3379328	2026-05-28T16:46:05.0000000000	./john/fullgrid/pythia-2.8b-fullgrid-100m-p1200-perchannel-john/heat/gpt_neox.layers.1.attention.query_key_value.npy
3379328	2026-05-28T16:46:05.0000000000	./john/fullgrid/pythia-2.8b-fullgrid-100m-p1200-perchannel-john/heat/gpt_neox.layers.10.attention.query_key_value.npy
3379328	2026-05-28T16:46:05.0000000000	./john/fullgrid/pythia-2.8b-fullgrid-100m-p1200-perchannel-john/heat/gpt_neox.layers.11.attention.query_key_value.npy
3379328	2026-05-28T16:46:05.0000000000	./john/fullgrid/pythia-2.8b-fullgrid-100m-p1200-perchannel-john/heat/gpt_neox.layers.12.attention.query_key_value.npy
3379328	2026-05-28T16:46:05.0000000000	./john/fullgrid/pythia-2.8b-fullgrid-100m-p1200-perchannel-john/heat/gpt_neox.layers.13.attention.query_key_value.npy
3379328	2026-05-28T16:46:05.0000000000	./john/fullgrid/pythia-2.8b-fullgrid-100m-p1200-perchannel-john/heat/gpt_neox.layers.14.attention.query_key_value.npy
3379328	2026-05-28T16:46:05.0000000000	./john/fullgrid/pythia-2.8b-fullgrid-100m-p1200-perchannel-john/heat/gpt_neox.layers.15.attention.query_key_value.npy
3379328	2026-05-28T16:46:05.0000000000	./john/fullgrid/pythia-2.8b-fullgrid-100m-p1200-perchannel-john/heat/gpt_neox.layers.16.attention.query_key_value.npy
3379328	2026-05-28T16:46:05.0000000000	./john/fullgrid/pythia-2.8b-fullgrid-100m-p1200-perchannel-john/heat/gpt_neox.layers.17.attention.query_key_value.npy
3379328	2026-05-28T16:46:05.0000000000	./john/fullgrid/pythia-2.8b-fullgrid-100m-p1200-perchannel-john/heat/gpt_neox.layers.18.attention.query_key_value.npy
3379328	2026-05-28T16:46:05.0000000000	./john/fullgrid/pythia-2.8b-fullgrid-100m-p1200-perchannel-john/heat/gpt_neox.layers.19.attention.query_key_value.npy
3379328	2026-05-28T16:46:05.0000000000	./john/fullgrid/pythia-2.8b-fullgrid-100m-p1200-perchannel-john/heat/gpt_neox.layers.2.attention.query_key_value.npy
3379328	2026-05-28T16:46:05.0000000000	./john/fullgrid/pythia-2.8b-fullgrid-100m-p1200-perchannel-john/heat/gpt_neox.layers.20.attention.query_key_value.npy
3379328	2026-05-28T16:46:05.0000000000	./john/fullgrid/pythia-2.8b-fullgrid-100m-p1200-perchannel-john/heat/gpt_neox.layers.21.attention.query_key_value.npy
3379328	2026-05-28T16:46:05.0000000000	./john/fullgrid/pythia-2.8b-fullgrid-100m-p1200-perchannel-john/heat/gpt_neox.layers.22.attention.query_key_value.npy
3379328	2026-05-28T16:46:05.0000000000	./john/fullgrid/pythia-2.8b-fullgrid-100m-p1200-perchannel-john/heat/gpt_neox.layers.23.attention.query_key_value.npy
3379328	2026-05-28T16:46:05.0000000000	./john/fullgrid/pythia-2.8b-fullgrid-100m-p1200-perchannel-john/heat/gpt_neox.layers.24.attention.query_key_value.npy
3379328	2026-05-28T16:46:05.0000000000	./john/fullgrid/pythia-2.8b-fullgrid-100m-p1200-perchannel-john/heat/gpt_neox.layers.25.attention.query_key_value.npy
3379328	2026-05-28T16:46:05.0000000000	./john/fullgrid/pythia-2.8b-fullgrid-100m-p1200-perchannel-john/heat/gpt_neox.layers.26.attention.query_key_value.npy
3379328	2026-05-28T16:46:05.0000000000	./john/fullgrid/pythia-2.8b-fullgrid-100m-p1200-perchannel-john/heat/gpt_neox.layers.27.attention.query_key_value.npy
3379328	2026-05-28T16:46:05.0000000000	./john/fullgrid/pythia-2.8b-fullgrid-100m-p1200-perchannel-john/heat/gpt_neox.layers.28.attention.query_key_value.npy
3379328	2026-05-28T16:46:05.0000000000	./john/fullgrid/pythia-2.8b-fullgrid-100m-p1200-perchannel-john/heat/gpt_neox.layers.29.attention.query_key_value.npy
3379328	2026-05-28T16:46:05.0000000000	./john/fullgrid/pythia-2.8b-fullgrid-100m-p1200-perchannel-john/heat/gpt_neox.layers.3.attention.query_key_value.npy
3379328	2026-05-28T16:46:05.0000000000	./john/fullgrid/pythia-2.8b-fullgrid-100m-p1200-perchannel-john/heat/gpt_neox.layers.30.attention.query_key_value.npy
3379328	2026-05-28T16:46:05.0000000000	./john/fullgrid/pythia-2.8b-fullgrid-100m-p1200-perchannel-john/heat/gpt_neox.layers.31.attention.query_key_value.npy
3379328	2026-05-28T16:46:05.0000000000	./john/fullgrid/pythia-2.8b-fullgrid-100m-p1200-perchannel-john/heat/gpt_neox.layers.4.attention.query_key_value.npy
3379328	2026-05-28T16:46:05.0000000000	./john/fullgrid/pythia-2.8b-fullgrid-100m-p1200-perchannel-john/heat/gpt_neox.layers.5.attention.query_key_value.npy
3379328	2026-05-28T16:46:05.0000000000	./john/fullgrid/pythia-2.8b-fullgrid-100m-p1200-perchannel-john/heat/gpt_neox.layers.6.attention.query_key_value.npy
3379328	2026-05-28T16:46:05.0000000000	./john/fullgrid/pythia-2.8b-fullgrid-100m-p1200-perchannel-john/heat/gpt_neox.layers.7.attention.query_key_value.npy
3379328	2026-05-28T16:46:05.0000000000	./john/fullgrid/pythia-2.8b-fullgrid-100m-p1200-perchannel-john/heat/gpt_neox.layers.8.attention.query_key_value.npy
3379328	2026-05-28T16:46:05.0000000000	./john/fullgrid/pythia-2.8b-fullgrid-100m-p1200-perchannel-john/heat/gpt_neox.layers.9.attention.query_key_value.npy
3400	2026-05-28T11:07:19.0000000000	./john/fullgrid/logs/qwen3b-fullgrid-100m-p180.log
3400	2026-05-28T11:07:19.0000000000	./local-index/john/fullgrid/logs/qwen3b-fullgrid-100m-p180.log
34336638	2026-05-28T17:12:53.0000000000	./john/fullgrid/bloom-1b1-fullgrid-100m-p1200-perchannel-john/quantile_edges.npz
34336638	2026-05-28T18:37:50.0000000000	./john/fullgrid/bloomz-1b1-fullgrid-100m-p1200-perchannel-john/quantile_edges.npz
3441	2026-05-28T11:10:20.0000000000	./john/fullgrid/logs/qwen3b-fullgrid-q8s11-p180.log
3441	2026-05-28T11:10:20.0000000000	./local-index/john/fullgrid/logs/qwen3b-fullgrid-q8s11-p180.log
36289	2026-05-28T15:19:15.0000000000	./local-index/ai/continuity_runs/qwen2.5-7b-base-rsc-20260528-142647/relation_state_continuity.json
37017728	2026-05-28T14:55:17.0000000000	./john/fullgrid/internlm2-7b-fullgrid-100m-p1200-perchannel-fd4096/heat/output.npy
3833984	2026-05-28T17:32:44.0000000000	./john/fullgrid/bloom-1b1-fullgrid-100m-p1200-perchannel-john/heat/transformer.h.0.mlp.dense_h_to_4h.npy
3833984	2026-05-28T17:32:44.0000000000	./john/fullgrid/bloom-1b1-fullgrid-100m-p1200-perchannel-john/heat/transformer.h.1.mlp.dense_h_to_4h.npy
3833984	2026-05-28T17:32:45.0000000000	./john/fullgrid/bloom-1b1-fullgrid-100m-p1200-perchannel-john/heat/transformer.h.10.mlp.dense_h_to_4h.npy
3833984	2026-05-28T17:32:45.0000000000	./john/fullgrid/bloom-1b1-fullgrid-100m-p1200-perchannel-john/heat/transformer.h.11.mlp.dense_h_to_4h.npy
3833984	2026-05-28T17:32:45.0000000000	./john/fullgrid/bloom-1b1-fullgrid-100m-p1200-perchannel-john/heat/transformer.h.12.mlp.dense_h_to_4h.npy
3833984	2026-05-28T17:32:45.0000000000	./john/fullgrid/bloom-1b1-fullgrid-100m-p1200-perchannel-john/heat/transformer.h.13.mlp.dense_h_to_4h.npy
3833984	2026-05-28T17:32:45.0000000000	./john/fullgrid/bloom-1b1-fullgrid-100m-p1200-perchannel-john/heat/transformer.h.14.mlp.dense_h_to_4h.npy
3833984	2026-05-28T17:32:45.0000000000	./john/fullgrid/bloom-1b1-fullgrid-100m-p1200-perchannel-john/heat/transformer.h.15.mlp.dense_h_to_4h.npy
3833984	2026-05-28T17:32:45.0000000000	./john/fullgrid/bloom-1b1-fullgrid-100m-p1200-perchannel-john/heat/transformer.h.16.mlp.dense_h_to_4h.npy
3833984	2026-05-28T17:32:45.0000000000	./john/fullgrid/bloom-1b1-fullgrid-100m-p1200-perchannel-john/heat/transformer.h.17.mlp.dense_h_to_4h.npy
3833984	2026-05-28T17:32:45.0000000000	./john/fullgrid/bloom-1b1-fullgrid-100m-p1200-perchannel-john/heat/transformer.h.18.mlp.dense_h_to_4h.npy
3833984	2026-05-28T17:32:45.0000000000	./john/fullgrid/bloom-1b1-fullgrid-100m-p1200-perchannel-john/heat/transformer.h.19.mlp.dense_h_to_4h.npy
3833984	2026-05-28T17:32:45.0000000000	./john/fullgrid/bloom-1b1-fullgrid-100m-p1200-perchannel-john/heat/transformer.h.2.mlp.dense_h_to_4h.npy
3833984	2026-05-28T17:32:45.0000000000	./john/fullgrid/bloom-1b1-fullgrid-100m-p1200-perchannel-john/heat/transformer.h.20.mlp.dense_h_to_4h.npy
3833984	2026-05-28T17:32:45.0000000000	./john/fullgrid/bloom-1b1-fullgrid-100m-p1200-perchannel-john/heat/transformer.h.21.mlp.dense_h_to_4h.npy
3833984	2026-05-28T17:32:45.0000000000	./john/fullgrid/bloom-1b1-fullgrid-100m-p1200-perchannel-john/heat/transformer.h.22.mlp.dense_h_to_4h.npy
3833984	2026-05-28T17:32:45.0000000000	./john/fullgrid/bloom-1b1-fullgrid-100m-p1200-perchannel-john/heat/transformer.h.23.mlp.dense_h_to_4h.npy
3833984	2026-05-28T17:32:45.0000000000	./john/fullgrid/bloom-1b1-fullgrid-100m-p1200-perchannel-john/heat/transformer.h.3.mlp.dense_h_to_4h.npy
3833984	2026-05-28T17:32:45.0000000000	./john/fullgrid/bloom-1b1-fullgrid-100m-p1200-perchannel-john/heat/transformer.h.4.mlp.dense_h_to_4h.npy
3833984	2026-05-28T17:32:45.0000000000	./john/fullgrid/bloom-1b1-fullgrid-100m-p1200-perchannel-john/heat/transformer.h.5.mlp.dense_h_to_4h.npy
3833984	2026-05-28T17:32:45.0000000000	./john/fullgrid/bloom-1b1-fullgrid-100m-p1200-perchannel-john/heat/transformer.h.6.mlp.dense_h_to_4h.npy
3833984	2026-05-28T17:32:45.0000000000	./john/fullgrid/bloom-1b1-fullgrid-100m-p1200-perchannel-john/heat/transformer.h.7.mlp.dense_h_to_4h.npy
3833984	2026-05-28T17:32:45.0000000000	./john/fullgrid/bloom-1b1-fullgrid-100m-p1200-perchannel-john/heat/transformer.h.8.mlp.dense_h_to_4h.npy
3833984	2026-05-28T17:32:45.0000000000	./john/fullgrid/bloom-1b1-fullgrid-100m-p1200-perchannel-john/heat/transformer.h.9.mlp.dense_h_to_4h.npy
3833984	2026-05-28T18:57:17.0000000000	./john/fullgrid/bloomz-1b1-fullgrid-100m-p1200-perchannel-john/heat/transformer.h.0.mlp.dense_h_to_4h.npy
3833984	2026-05-28T18:57:17.0000000000	./john/fullgrid/bloomz-1b1-fullgrid-100m-p1200-perchannel-john/heat/transformer.h.1.mlp.dense_h_to_4h.npy
3833984	2026-05-28T18:57:17.0000000000	./john/fullgrid/bloomz-1b1-fullgrid-100m-p1200-perchannel-john/heat/transformer.h.10.mlp.dense_h_to_4h.npy
3833984	2026-05-28T18:57:17.0000000000	./john/fullgrid/bloomz-1b1-fullgrid-100m-p1200-perchannel-john/heat/transformer.h.11.mlp.dense_h_to_4h.npy
3833984	2026-05-28T18:57:17.0000000000	./john/fullgrid/bloomz-1b1-fullgrid-100m-p1200-perchannel-john/heat/transformer.h.12.mlp.dense_h_to_4h.npy
3833984	2026-05-28T18:57:17.0000000000	./john/fullgrid/bloomz-1b1-fullgrid-100m-p1200-perchannel-john/heat/transformer.h.13.mlp.dense_h_to_4h.npy
3833984	2026-05-28T18:57:17.0000000000	./john/fullgrid/bloomz-1b1-fullgrid-100m-p1200-perchannel-john/heat/transformer.h.14.mlp.dense_h_to_4h.npy
3833984	2026-05-28T18:57:17.0000000000	./john/fullgrid/bloomz-1b1-fullgrid-100m-p1200-perchannel-john/heat/transformer.h.15.mlp.dense_h_to_4h.npy
3833984	2026-05-28T18:57:17.0000000000	./john/fullgrid/bloomz-1b1-fullgrid-100m-p1200-perchannel-john/heat/transformer.h.16.mlp.dense_h_to_4h.npy
3833984	2026-05-28T18:57:17.0000000000	./john/fullgrid/bloomz-1b1-fullgrid-100m-p1200-perchannel-john/heat/transformer.h.17.mlp.dense_h_to_4h.npy
3833984	2026-05-28T18:57:17.0000000000	./john/fullgrid/bloomz-1b1-fullgrid-100m-p1200-perchannel-john/heat/transformer.h.18.mlp.dense_h_to_4h.npy
3833984	2026-05-28T18:57:17.0000000000	./john/fullgrid/bloomz-1b1-fullgrid-100m-p1200-perchannel-john/heat/transformer.h.19.mlp.dense_h_to_4h.npy
3833984	2026-05-28T18:57:17.0000000000	./john/fullgrid/bloomz-1b1-fullgrid-100m-p1200-perchannel-john/heat/transformer.h.2.mlp.dense_h_to_4h.npy
3833984	2026-05-28T18:57:17.0000000000	./john/fullgrid/bloomz-1b1-fullgrid-100m-p1200-perchannel-john/heat/transformer.h.20.mlp.dense_h_to_4h.npy
3833984	2026-05-28T18:57:17.0000000000	./john/fullgrid/bloomz-1b1-fullgrid-100m-p1200-perchannel-john/heat/transformer.h.21.mlp.dense_h_to_4h.npy
3833984	2026-05-28T18:57:17.0000000000	./john/fullgrid/bloomz-1b1-fullgrid-100m-p1200-perchannel-john/heat/transformer.h.22.mlp.dense_h_to_4h.npy
3833984	2026-05-28T18:57:17.0000000000	./john/fullgrid/bloomz-1b1-fullgrid-100m-p1200-perchannel-john/heat/transformer.h.23.mlp.dense_h_to_4h.npy
3833984	2026-05-28T18:57:17.0000000000	./john/fullgrid/bloomz-1b1-fullgrid-100m-p1200-perchannel-john/heat/transformer.h.3.mlp.dense_h_to_4h.npy
3833984	2026-05-28T18:57:17.0000000000	./john/fullgrid/bloomz-1b1-fullgrid-100m-p1200-perchannel-john/heat/transformer.h.4.mlp.dense_h_to_4h.npy
3833984	2026-05-28T18:57:17.0000000000	./john/fullgrid/bloomz-1b1-fullgrid-100m-p1200-perchannel-john/heat/transformer.h.5.mlp.dense_h_to_4h.npy
3833984	2026-05-28T18:57:17.0000000000	./john/fullgrid/bloomz-1b1-fullgrid-100m-p1200-perchannel-john/heat/transformer.h.6.mlp.dense_h_to_4h.npy
3833984	2026-05-28T18:57:17.0000000000	./john/fullgrid/bloomz-1b1-fullgrid-100m-p1200-perchannel-john/heat/transformer.h.7.mlp.dense_h_to_4h.npy
3833984	2026-05-28T18:57:17.0000000000	./john/fullgrid/bloomz-1b1-fullgrid-100m-p1200-perchannel-john/heat/transformer.h.8.mlp.dense_h_to_4h.npy
3833984	2026-05-28T18:57:17.0000000000	./john/fullgrid/bloomz-1b1-fullgrid-100m-p1200-perchannel-john/heat/transformer.h.9.mlp.dense_h_to_4h.npy
3874944	2026-05-28T11:10:24.0000000000	./john/fullgrid/qwen3b-fullgrid-q8s11-p180/heat/model.layers.0.mlp.up_proj.npy
3874944	2026-05-28T11:10:24.0000000000	./john/fullgrid/qwen3b-fullgrid-q8s11-p180/heat/model.layers.10.mlp.gate_proj.npy
3874944	2026-05-28T11:10:24.0000000000	./john/fullgrid/qwen3b-fullgrid-q8s11-p180/heat/model.layers.10.mlp.up_proj.npy
3874944	2026-05-28T11:10:24.0000000000	./john/fullgrid/qwen3b-fullgrid-q8s11-p180/heat/model.layers.11.mlp.gate_proj.npy
3874944	2026-05-28T11:10:24.0000000000	./john/fullgrid/qwen3b-fullgrid-q8s11-p180/heat/model.layers.11.mlp.up_proj.npy
3874944	2026-05-28T11:10:24.0000000000	./john/fullgrid/qwen3b-fullgrid-q8s11-p180/heat/model.layers.12.mlp.gate_proj.npy
3874944	2026-05-28T11:10:24.0000000000	./john/fullgrid/qwen3b-fullgrid-q8s11-p180/heat/model.layers.13.mlp.gate_proj.npy
3874944	2026-05-28T11:10:24.0000000000	./john/fullgrid/qwen3b-fullgrid-q8s11-p180/heat/model.layers.13.mlp.up_proj.npy
3874944	2026-05-28T11:10:24.0000000000	./john/fullgrid/qwen3b-fullgrid-q8s11-p180/heat/model.layers.14.mlp.gate_proj.npy
3874944	2026-05-28T11:10:24.0000000000	./john/fullgrid/qwen3b-fullgrid-q8s11-p180/heat/model.layers.14.mlp.up_proj.npy
3874944	2026-05-28T11:10:24.0000000000	./john/fullgrid/qwen3b-fullgrid-q8s11-p180/heat/model.layers.15.mlp.gate_proj.npy
3874944	2026-05-28T11:10:24.0000000000	./john/fullgrid/qwen3b-fullgrid-q8s11-p180/heat/model.layers.16.mlp.gate_proj.npy
3874944	2026-05-28T11:10:24.0000000000	./john/fullgrid/qwen3b-fullgrid-q8s11-p180/heat/model.layers.17.mlp.up_proj.npy
3874944	2026-05-28T11:10:24.0000000000	./john/fullgrid/qwen3b-fullgrid-q8s11-p180/heat/model.layers.18.mlp.up_proj.npy
3874944	2026-05-28T11:10:24.0000000000	./john/fullgrid/qwen3b-fullgrid-q8s11-p180/heat/model.layers.2.mlp.gate_proj.npy
3874944	2026-05-28T11:10:24.0000000000	./john/fullgrid/qwen3b-fullgrid-q8s11-p180/heat/model.layers.3.mlp.gate_proj.npy
3874944	2026-05-28T11:10:24.0000000000	./john/fullgrid/qwen3b-fullgrid-q8s11-p180/heat/model.layers.3.mlp.up_proj.npy
3874944	2026-05-28T11:10:24.0000000000	./john/fullgrid/qwen3b-fullgrid-q8s11-p180/heat/model.layers.31.mlp.up_proj.npy
3874944	2026-05-28T11:10:24.0000000000	./john/fullgrid/qwen3b-fullgrid-q8s11-p180/heat/model.layers.34.mlp.up_proj.npy
3874944	2026-05-28T11:10:24.0000000000	./john/fullgrid/qwen3b-fullgrid-q8s11-p180/heat/model.layers.35.mlp.gate_proj.npy
3874944	2026-05-28T11:10:24.0000000000	./john/fullgrid/qwen3b-fullgrid-q8s11-p180/heat/model.layers.35.mlp.up_proj.npy
3874944	2026-05-28T11:10:24.0000000000	./john/fullgrid/qwen3b-fullgrid-q8s11-p180/heat/model.layers.4.mlp.gate_proj.npy
3874944	2026-05-28T11:10:24.0000000000	./john/fullgrid/qwen3b-fullgrid-q8s11-p180/heat/model.layers.4.mlp.up_proj.npy
3874944	2026-05-28T11:10:24.0000000000	./john/fullgrid/qwen3b-fullgrid-q8s11-p180/heat/model.layers.5.mlp.gate_proj.npy
3874944	2026-05-28T11:10:24.0000000000	./john/fullgrid/qwen3b-fullgrid-q8s11-p180/heat/model.layers.5.mlp.up_proj.npy
3874944	2026-05-28T11:10:24.0000000000	./john/fullgrid/qwen3b-fullgrid-q8s11-p180/heat/model.layers.6.mlp.gate_proj.npy
3874944	2026-05-28T11:10:24.0000000000	./john/fullgrid/qwen3b-fullgrid-q8s11-p180/heat/model.layers.6.mlp.up_proj.npy
3874944	2026-05-28T11:10:24.0000000000	./john/fullgrid/qwen3b-fullgrid-q8s11-p180/heat/model.layers.7.mlp.gate_proj.npy
3874944	2026-05-28T11:10:24.0000000000	./john/fullgrid/qwen3b-fullgrid-q8s11-p180/heat/model.layers.7.mlp.up_proj.npy
3874944	2026-05-28T11:10:24.0000000000	./john/fullgrid/qwen3b-fullgrid-q8s11-p180/heat/model.layers.8.mlp.gate_proj.npy
3874944	2026-05-28T11:10:24.0000000000	./john/fullgrid/qwen3b-fullgrid-q8s11-p180/heat/model.layers.8.mlp.up_proj.npy
3874944	2026-05-28T11:10:24.0000000000	./john/fullgrid/qwen3b-fullgrid-q8s11-p180/heat/model.layers.9.mlp.gate_proj.npy
3874944	2026-05-28T11:10:24.0000000000	./john/fullgrid/qwen3b-fullgrid-q8s11-p180/heat/model.layers.9.mlp.up_proj.npy
3874944	2026-05-28T11:10:25.0000000000	./john/fullgrid/qwen3b-fullgrid-q8s11-p180/heat/model.layers.0.mlp.gate_proj.npy
3874944	2026-05-28T11:10:25.0000000000	./john/fullgrid/qwen3b-fullgrid-q8s11-p180/heat/model.layers.1.mlp.gate_proj.npy
3874944	2026-05-28T11:10:25.0000000000	./john/fullgrid/qwen3b-fullgrid-q8s11-p180/heat/model.layers.1.mlp.up_proj.npy
3874944	2026-05-28T11:10:25.0000000000	./john/fullgrid/qwen3b-fullgrid-q8s11-p180/heat/model.layers.12.mlp.up_proj.npy
3874944	2026-05-28T11:10:25.0000000000	./john/fullgrid/qwen3b-fullgrid-q8s11-p180/heat/model.layers.15.mlp.up_proj.npy
3874944	2026-05-28T11:10:25.0000000000	./john/fullgrid/qwen3b-fullgrid-q8s11-p180/heat/model.layers.16.mlp.up_proj.npy
3874944	2026-05-28T11:10:25.0000000000	./john/fullgrid/qwen3b-fullgrid-q8s11-p180/heat/model.layers.17.mlp.gate_proj.npy
3874944	2026-05-28T11:10:25.0000000000	./john/fullgrid/qwen3b-fullgrid-q8s11-p180/heat/model.layers.18.mlp.gate_proj.npy
3874944	2026-05-28T11:10:25.0000000000	./john/fullgrid/qwen3b-fullgrid-q8s11-p180/heat/model.layers.19.mlp.up_proj.npy
3874944	2026-05-28T11:10:25.0000000000	./john/fullgrid/qwen3b-fullgrid-q8s11-p180/heat/model.layers.2.mlp.up_proj.npy
3874944	2026-05-28T11:10:25.0000000000	./john/fullgrid/qwen3b-fullgrid-q8s11-p180/heat/model.layers.20.mlp.gate_proj.npy
3874944	2026-05-28T11:10:25.0000000000	./john/fullgrid/qwen3b-fullgrid-q8s11-p180/heat/model.layers.20.mlp.up_proj.npy
3874944	2026-05-28T11:10:25.0000000000	./john/fullgrid/qwen3b-fullgrid-q8s11-p180/heat/model.layers.23.mlp.gate_proj.npy
3874944	2026-05-28T11:10:25.0000000000	./john/fullgrid/qwen3b-fullgrid-q8s11-p180/heat/model.layers.23.mlp.up_proj.npy
3874944	2026-05-28T11:10:25.0000000000	./john/fullgrid/qwen3b-fullgrid-q8s11-p180/heat/model.layers.25.mlp.gate_proj.npy
3874944	2026-05-28T11:10:25.0000000000	./john/fullgrid/qwen3b-fullgrid-q8s11-p180/heat/model.layers.25.mlp.up_proj.npy
3874944	2026-05-28T11:10:27.0000000000	./john/fullgrid/qwen3b-fullgrid-q8s11-p180/heat/model.layers.19.mlp.gate_proj.npy
3874944	2026-05-28T11:10:27.0000000000	./john/fullgrid/qwen3b-fullgrid-q8s11-p180/heat/model.layers.21.mlp.gate_proj.npy
3874944	2026-05-28T11:10:27.0000000000	./john/fullgrid/qwen3b-fullgrid-q8s11-p180/heat/model.layers.21.mlp.up_proj.npy
3874944	2026-05-28T11:10:27.0000000000	./john/fullgrid/qwen3b-fullgrid-q8s11-p180/heat/model.layers.22.mlp.gate_proj.npy
3874944	2026-05-28T11:10:27.0000000000	./john/fullgrid/qwen3b-fullgrid-q8s11-p180/heat/model.layers.22.mlp.up_proj.npy
3874944	2026-05-28T11:10:27.0000000000	./john/fullgrid/qwen3b-fullgrid-q8s11-p180/heat/model.layers.24.mlp.gate_proj.npy
3874944	2026-05-28T11:10:27.0000000000	./john/fullgrid/qwen3b-fullgrid-q8s11-p180/heat/model.layers.24.mlp.up_proj.npy
3874944	2026-05-28T11:10:27.0000000000	./john/fullgrid/qwen3b-fullgrid-q8s11-p180/heat/model.layers.26.mlp.up_proj.npy
3874944	2026-05-28T11:10:29.0000000000	./john/fullgrid/qwen3b-fullgrid-q8s11-p180/heat/model.layers.26.mlp.gate_proj.npy
3874944	2026-05-28T11:10:30.0000000000	./john/fullgrid/qwen3b-fullgrid-q8s11-p180/heat/model.layers.27.mlp.gate_proj.npy
3874944	2026-05-28T11:10:30.0000000000	./john/fullgrid/qwen3b-fullgrid-q8s11-p180/heat/model.layers.27.mlp.up_proj.npy
3874944	2026-05-28T11:10:36.0000000000	./john/fullgrid/qwen3b-fullgrid-q8s11-p180/heat/model.layers.28.mlp.gate_proj.npy
3874944	2026-05-28T11:10:41.0000000000	./john/fullgrid/qwen3b-fullgrid-q8s11-p180/heat/model.layers.28.mlp.up_proj.npy
3874944	2026-05-28T11:10:41.0000000000	./john/fullgrid/qwen3b-fullgrid-q8s11-p180/heat/model.layers.29.mlp.gate_proj.npy
3874944	2026-05-28T11:10:41.0000000000	./john/fullgrid/qwen3b-fullgrid-q8s11-p180/heat/model.layers.29.mlp.up_proj.npy
3874944	2026-05-28T11:10:42.0000000000	./john/fullgrid/qwen3b-fullgrid-q8s11-p180/heat/model.layers.30.mlp.up_proj.npy
3874944	2026-05-28T11:10:43.0000000000	./john/fullgrid/qwen3b-fullgrid-q8s11-p180/heat/model.layers.30.mlp.gate_proj.npy
3874944	2026-05-28T11:10:43.0000000000	./john/fullgrid/qwen3b-fullgrid-q8s11-p180/heat/model.layers.31.mlp.gate_proj.npy
3874944	2026-05-28T11:10:45.0000000000	./john/fullgrid/qwen3b-fullgrid-q8s11-p180/heat/model.layers.32.mlp.gate_proj.npy
3874944	2026-05-28T11:10:46.0000000000	./john/fullgrid/qwen3b-fullgrid-q8s11-p180/heat/model.layers.32.mlp.up_proj.npy
3874944	2026-05-28T11:11:01.0000000000	./john/fullgrid/qwen3b-fullgrid-q8s11-p180/heat/model.layers.33.mlp.gate_proj.npy
3874944	2026-05-28T11:11:09.0000000000	./john/fullgrid/qwen3b-fullgrid-q8s11-p180/heat/model.layers.33.mlp.up_proj.npy
3874944	2026-05-28T11:11:38.0000000000	./john/fullgrid/qwen3b-fullgrid-q8s11-p180/heat/model.layers.34.mlp.gate_proj.npy
3963008	2026-05-28T12:25:47.0000000000	./john/fullgrid/qwen3b-fullgrid-q6s15-p180/heat/model.layers.0.mlp.gate_proj.npy
3963008	2026-05-28T12:25:47.0000000000	./john/fullgrid/qwen3b-fullgrid-q6s15-p180/heat/model.layers.0.mlp.up_proj.npy
3963008	2026-05-28T12:25:47.0000000000	./john/fullgrid/qwen3b-fullgrid-q6s15-p180/heat/model.layers.1.mlp.gate_proj.npy
3963008	2026-05-28T12:25:47.0000000000	./john/fullgrid/qwen3b-fullgrid-q6s15-p180/heat/model.layers.1.mlp.up_proj.npy
3963008	2026-05-28T12:25:47.0000000000	./john/fullgrid/qwen3b-fullgrid-q6s15-p180/heat/model.layers.10.mlp.gate_proj.npy
3963008	2026-05-28T12:25:47.0000000000	./john/fullgrid/qwen3b-fullgrid-q6s15-p180/heat/model.layers.10.mlp.up_proj.npy
3963008	2026-05-28T12:25:47.0000000000	./john/fullgrid/qwen3b-fullgrid-q6s15-p180/heat/model.layers.11.mlp.gate_proj.npy
3963008	2026-05-28T12:25:47.0000000000	./john/fullgrid/qwen3b-fullgrid-q6s15-p180/heat/model.layers.11.mlp.up_proj.npy
3963008	2026-05-28T12:25:47.0000000000	./john/fullgrid/qwen3b-fullgrid-q6s15-p180/heat/model.layers.12.mlp.gate_proj.npy
3963008	2026-05-28T12:25:47.0000000000	./john/fullgrid/qwen3b-fullgrid-q6s15-p180/heat/model.layers.12.mlp.up_proj.npy
3963008	2026-05-28T12:25:47.0000000000	./john/fullgrid/qwen3b-fullgrid-q6s15-p180/heat/model.layers.13.mlp.gate_proj.npy
3963008	2026-05-28T12:25:47.0000000000	./john/fullgrid/qwen3b-fullgrid-q6s15-p180/heat/model.layers.13.mlp.up_proj.npy
3963008	2026-05-28T12:25:47.0000000000	./john/fullgrid/qwen3b-fullgrid-q6s15-p180/heat/model.layers.14.mlp.gate_proj.npy
3963008	2026-05-28T12:25:47.0000000000	./john/fullgrid/qwen3b-fullgrid-q6s15-p180/heat/model.layers.14.mlp.up_proj.npy
3963008	2026-05-28T12:25:47.0000000000	./john/fullgrid/qwen3b-fullgrid-q6s15-p180/heat/model.layers.15.mlp.gate_proj.npy
3963008	2026-05-28T12:25:47.0000000000	./john/fullgrid/qwen3b-fullgrid-q6s15-p180/heat/model.layers.15.mlp.up_proj.npy
3963008	2026-05-28T12:25:47.0000000000	./john/fullgrid/qwen3b-fullgrid-q6s15-p180/heat/model.layers.16.mlp.gate_proj.npy
3963008	2026-05-28T12:25:47.0000000000	./john/fullgrid/qwen3b-fullgrid-q6s15-p180/heat/model.layers.16.mlp.up_proj.npy
3963008	2026-05-28T12:25:47.0000000000	./john/fullgrid/qwen3b-fullgrid-q6s15-p180/heat/model.layers.17.mlp.gate_proj.npy
3963008	2026-05-28T12:25:47.0000000000	./john/fullgrid/qwen3b-fullgrid-q6s15-p180/heat/model.layers.17.mlp.up_proj.npy
3963008	2026-05-28T12:25:47.0000000000	./john/fullgrid/qwen3b-fullgrid-q6s15-p180/heat/model.layers.18.mlp.gate_proj.npy
3963008	2026-05-28T12:25:47.0000000000	./john/fullgrid/qwen3b-fullgrid-q6s15-p180/heat/model.layers.18.mlp.up_proj.npy
3963008	2026-05-28T12:25:47.0000000000	./john/fullgrid/qwen3b-fullgrid-q6s15-p180/heat/model.layers.19.mlp.gate_proj.npy
3963008	2026-05-28T12:25:47.0000000000	./john/fullgrid/qwen3b-fullgrid-q6s15-p180/heat/model.layers.19.mlp.up_proj.npy
3963008	2026-05-28T12:25:47.0000000000	./john/fullgrid/qwen3b-fullgrid-q6s15-p180/heat/model.layers.2.mlp.gate_proj.npy
3963008	2026-05-28T12:25:47.0000000000	./john/fullgrid/qwen3b-fullgrid-q6s15-p180/heat/model.layers.2.mlp.up_proj.npy
3963008	2026-05-28T12:25:47.0000000000	./john/fullgrid/qwen3b-fullgrid-q6s15-p180/heat/model.layers.20.mlp.gate_proj.npy
3963008	2026-05-28T12:25:47.0000000000	./john/fullgrid/qwen3b-fullgrid-q6s15-p180/heat/model.layers.20.mlp.up_proj.npy
3963008	2026-05-28T12:25:47.0000000000	./john/fullgrid/qwen3b-fullgrid-q6s15-p180/heat/model.layers.21.mlp.gate_proj.npy
3963008	2026-05-28T12:25:47.0000000000	./john/fullgrid/qwen3b-fullgrid-q6s15-p180/heat/model.layers.21.mlp.up_proj.npy
3963008	2026-05-28T12:25:47.0000000000	./john/fullgrid/qwen3b-fullgrid-q6s15-p180/heat/model.layers.22.mlp.gate_proj.npy
3963008	2026-05-28T12:25:47.0000000000	./john/fullgrid/qwen3b-fullgrid-q6s15-p180/heat/model.layers.22.mlp.up_proj.npy
3963008	2026-05-28T12:25:47.0000000000	./john/fullgrid/qwen3b-fullgrid-q6s15-p180/heat/model.layers.23.mlp.gate_proj.npy
3963008	2026-05-28T12:25:47.0000000000	./john/fullgrid/qwen3b-fullgrid-q6s15-p180/heat/model.layers.23.mlp.up_proj.npy
3963008	2026-05-28T12:25:47.0000000000	./john/fullgrid/qwen3b-fullgrid-q6s15-p180/heat/model.layers.24.mlp.gate_proj.npy
3963008	2026-05-28T12:25:47.0000000000	./john/fullgrid/qwen3b-fullgrid-q6s15-p180/heat/model.layers.24.mlp.up_proj.npy
3963008	2026-05-28T12:25:47.0000000000	./john/fullgrid/qwen3b-fullgrid-q6s15-p180/heat/model.layers.25.mlp.gate_proj.npy
3963008	2026-05-28T12:25:47.0000000000	./john/fullgrid/qwen3b-fullgrid-q6s15-p180/heat/model.layers.25.mlp.up_proj.npy
3963008	2026-05-28T12:25:47.0000000000	./john/fullgrid/qwen3b-fullgrid-q6s15-p180/heat/model.layers.26.mlp.gate_proj.npy
3963008	2026-05-28T12:25:47.0000000000	./john/fullgrid/qwen3b-fullgrid-q6s15-p180/heat/model.layers.26.mlp.up_proj.npy
3963008	2026-05-28T12:25:47.0000000000	./john/fullgrid/qwen3b-fullgrid-q6s15-p180/heat/model.layers.27.mlp.gate_proj.npy
3963008	2026-05-28T12:25:47.0000000000	./john/fullgrid/qwen3b-fullgrid-q6s15-p180/heat/model.layers.27.mlp.up_proj.npy
3963008	2026-05-28T12:25:47.0000000000	./john/fullgrid/qwen3b-fullgrid-q6s15-p180/heat/model.layers.28.mlp.gate_proj.npy
3963008	2026-05-28T12:25:47.0000000000	./john/fullgrid/qwen3b-fullgrid-q6s15-p180/heat/model.layers.28.mlp.up_proj.npy
3963008	2026-05-28T12:25:47.0000000000	./john/fullgrid/qwen3b-fullgrid-q6s15-p180/heat/model.layers.29.mlp.gate_proj.npy
3963008	2026-05-28T12:25:47.0000000000	./john/fullgrid/qwen3b-fullgrid-q6s15-p180/heat/model.layers.29.mlp.up_proj.npy
3963008	2026-05-28T12:25:47.0000000000	./john/fullgrid/qwen3b-fullgrid-q6s15-p180/heat/model.layers.3.mlp.gate_proj.npy
3963008	2026-05-28T12:25:47.0000000000	./john/fullgrid/qwen3b-fullgrid-q6s15-p180/heat/model.layers.3.mlp.up_proj.npy
3963008	2026-05-28T12:25:47.0000000000	./john/fullgrid/qwen3b-fullgrid-q6s15-p180/heat/model.layers.30.mlp.gate_proj.npy
3963008	2026-05-28T12:25:47.0000000000	./john/fullgrid/qwen3b-fullgrid-q6s15-p180/heat/model.layers.30.mlp.up_proj.npy
3963008	2026-05-28T12:25:47.0000000000	./john/fullgrid/qwen3b-fullgrid-q6s15-p180/heat/model.layers.31.mlp.gate_proj.npy
3963008	2026-05-28T12:25:47.0000000000	./john/fullgrid/qwen3b-fullgrid-q6s15-p180/heat/model.layers.31.mlp.up_proj.npy
3963008	2026-05-28T12:25:47.0000000000	./john/fullgrid/qwen3b-fullgrid-q6s15-p180/heat/model.layers.32.mlp.gate_proj.npy
3963008	2026-05-28T12:25:47.0000000000	./john/fullgrid/qwen3b-fullgrid-q6s15-p180/heat/model.layers.32.mlp.up_proj.npy
3963008	2026-05-28T12:25:47.0000000000	./john/fullgrid/qwen3b-fullgrid-q6s15-p180/heat/model.layers.33.mlp.gate_proj.npy
3963008	2026-05-28T12:25:47.0000000000	./john/fullgrid/qwen3b-fullgrid-q6s15-p180/heat/model.layers.33.mlp.up_proj.npy
3963008	2026-05-28T12:25:47.0000000000	./john/fullgrid/qwen3b-fullgrid-q6s15-p180/heat/model.layers.34.mlp.gate_proj.npy
3963008	2026-05-28T12:25:47.0000000000	./john/fullgrid/qwen3b-fullgrid-q6s15-p180/heat/model.layers.34.mlp.up_proj.npy
3963008	2026-05-28T12:25:47.0000000000	./john/fullgrid/qwen3b-fullgrid-q6s15-p180/heat/model.layers.35.mlp.gate_proj.npy
3963008	2026-05-28T12:25:47.0000000000	./john/fullgrid/qwen3b-fullgrid-q6s15-p180/heat/model.layers.35.mlp.up_proj.npy
3963008	2026-05-28T12:25:47.0000000000	./john/fullgrid/qwen3b-fullgrid-q6s15-p180/heat/model.layers.4.mlp.gate_proj.npy
3963008	2026-05-28T12:25:47.0000000000	./john/fullgrid/qwen3b-fullgrid-q6s15-p180/heat/model.layers.4.mlp.up_proj.npy
3963008	2026-05-28T12:25:47.0000000000	./john/fullgrid/qwen3b-fullgrid-q6s15-p180/heat/model.layers.5.mlp.gate_proj.npy
3963008	2026-05-28T12:25:47.0000000000	./john/fullgrid/qwen3b-fullgrid-q6s15-p180/heat/model.layers.5.mlp.up_proj.npy
3963008	2026-05-28T12:25:47.0000000000	./john/fullgrid/qwen3b-fullgrid-q6s15-p180/heat/model.layers.6.mlp.gate_proj.npy
3963008	2026-05-28T12:25:47.0000000000	./john/fullgrid/qwen3b-fullgrid-q6s15-p180/heat/model.layers.6.mlp.up_proj.npy
3963008	2026-05-28T12:25:47.0000000000	./john/fullgrid/qwen3b-fullgrid-q6s15-p180/heat/model.layers.7.mlp.gate_proj.npy
3963008	2026-05-28T12:25:47.0000000000	./john/fullgrid/qwen3b-fullgrid-q6s15-p180/heat/model.layers.7.mlp.up_proj.npy
3963008	2026-05-28T12:25:47.0000000000	./john/fullgrid/qwen3b-fullgrid-q6s15-p180/heat/model.layers.8.mlp.gate_proj.npy
3963008	2026-05-28T12:25:47.0000000000	./john/fullgrid/qwen3b-fullgrid-q6s15-p180/heat/model.layers.8.mlp.up_proj.npy
3963008	2026-05-28T12:25:47.0000000000	./john/fullgrid/qwen3b-fullgrid-q6s15-p180/heat/model.layers.9.mlp.gate_proj.npy
3963008	2026-05-28T12:25:47.0000000000	./john/fullgrid/qwen3b-fullgrid-q6s15-p180/heat/model.layers.9.mlp.up_proj.npy
3981440	2026-05-28T10:32:36.0000000000	./ai/fullgrid/gpt2-medium-fullgrid-100m/heat/transformer.h.0.attn.c_attn.npy
3981440	2026-05-28T10:32:36.0000000000	./ai/fullgrid/gpt2-medium-fullgrid-100m/heat/transformer.h.3.attn.c_attn.npy
3981440	2026-05-28T10:32:36.0000000000	./ai/fullgrid/gpt2-medium-fullgrid-100m/heat/transformer.h.8.attn.c_attn.npy
3981440	2026-05-28T10:32:37.0000000000	./ai/fullgrid/gpt2-medium-fullgrid-100m/heat/transformer.h.1.attn.c_attn.npy
3981440	2026-05-28T10:32:37.0000000000	./ai/fullgrid/gpt2-medium-fullgrid-100m/heat/transformer.h.10.attn.c_attn.npy
3981440	2026-05-28T10:32:38.0000000000	./ai/fullgrid/gpt2-medium-fullgrid-100m/heat/transformer.h.2.attn.c_attn.npy
3981440	2026-05-28T10:32:39.0000000000	./ai/fullgrid/gpt2-medium-fullgrid-100m/heat/transformer.h.9.attn.c_attn.npy
3981440	2026-05-28T10:32:40.0000000000	./ai/fullgrid/gpt2-medium-fullgrid-100m/heat/transformer.h.7.attn.c_attn.npy
3981440	2026-05-28T10:32:42.0000000000	./ai/fullgrid/gpt2-medium-fullgrid-100m/heat/transformer.h.11.attn.c_attn.npy
3981440	2026-05-28T10:32:42.0000000000	./ai/fullgrid/gpt2-medium-fullgrid-100m/heat/transformer.h.14.attn.c_attn.npy
3981440	2026-05-28T10:32:42.0000000000	./ai/fullgrid/gpt2-medium-fullgrid-100m/heat/transformer.h.16.attn.c_attn.npy
3981440	2026-05-28T10:32:42.0000000000	./ai/fullgrid/gpt2-medium-fullgrid-100m/heat/transformer.h.18.attn.c_attn.npy
3981440	2026-05-28T10:32:42.0000000000	./ai/fullgrid/gpt2-medium-fullgrid-100m/heat/transformer.h.19.attn.c_attn.npy
3981440	2026-05-28T10:32:42.0000000000	./ai/fullgrid/gpt2-medium-fullgrid-100m/heat/transformer.h.20.attn.c_attn.npy
3981440	2026-05-28T10:32:42.0000000000	./ai/fullgrid/gpt2-medium-fullgrid-100m/heat/transformer.h.21.attn.c_attn.npy
3981440	2026-05-28T10:32:43.0000000000	./ai/fullgrid/gpt2-medium-fullgrid-100m/heat/transformer.h.17.attn.c_attn.npy
3981440	2026-05-28T10:32:45.0000000000	./ai/fullgrid/gpt2-medium-fullgrid-100m/heat/transformer.h.22.attn.c_attn.npy
3981440	2026-05-28T10:32:46.0000000000	./ai/fullgrid/gpt2-medium-fullgrid-100m/heat/transformer.h.15.attn.c_attn.npy
3981440	2026-05-28T10:32:46.0000000000	./ai/fullgrid/gpt2-medium-fullgrid-100m/heat/transformer.h.5.attn.c_attn.npy
3981440	2026-05-28T10:32:47.0000000000	./ai/fullgrid/gpt2-medium-fullgrid-100m/heat/transformer.h.4.attn.c_attn.npy
3981440	2026-05-28T10:32:48.0000000000	./ai/fullgrid/gpt2-medium-fullgrid-100m/heat/transformer.h.13.attn.c_attn.npy
3981440	2026-05-28T10:32:49.0000000000	./ai/fullgrid/gpt2-medium-fullgrid-100m/heat/transformer.h.12.attn.c_attn.npy
3981440	2026-05-28T10:32:49.0000000000	./ai/fullgrid/gpt2-medium-fullgrid-100m/heat/transformer.h.23.attn.c_attn.npy
3981440	2026-05-28T10:32:58.0000000000	./ai/fullgrid/gpt2-medium-fullgrid-100m/heat/transformer.h.6.attn.c_attn.npy
3981440	2026-05-28T11:02:39.0000000000	./ai/fullgrid/gpt2-medium-fullgrid-100m-p180/heat/transformer.h.0.attn.c_attn.npy
3981440	2026-05-28T11:02:39.0000000000	./ai/fullgrid/gpt2-medium-fullgrid-100m-p180/heat/transformer.h.1.attn.c_attn.npy
3981440	2026-05-28T11:02:39.0000000000	./ai/fullgrid/gpt2-medium-fullgrid-100m-p180/heat/transformer.h.2.attn.c_attn.npy
3981440	2026-05-28T11:02:39.0000000000	./ai/fullgrid/gpt2-medium-fullgrid-100m-p180/heat/transformer.h.3.attn.c_attn.npy
3981440	2026-05-28T11:02:39.0000000000	./ai/fullgrid/gpt2-medium-fullgrid-100m-p180/heat/transformer.h.5.attn.c_attn.npy
3981440	2026-05-28T11:02:43.0000000000	./ai/fullgrid/gpt2-medium-fullgrid-100m-p180/heat/transformer.h.16.attn.c_attn.npy
3981440	2026-05-28T11:02:43.0000000000	./ai/fullgrid/gpt2-medium-fullgrid-100m-p180/heat/transformer.h.17.attn.c_attn.npy
3981440	2026-05-28T11:02:44.0000000000	./ai/fullgrid/gpt2-medium-fullgrid-100m-p180/heat/transformer.h.10.attn.c_attn.npy
3981440	2026-05-28T11:02:44.0000000000	./ai/fullgrid/gpt2-medium-fullgrid-100m-p180/heat/transformer.h.13.attn.c_attn.npy
3981440	2026-05-28T11:02:44.0000000000	./ai/fullgrid/gpt2-medium-fullgrid-100m-p180/heat/transformer.h.15.attn.c_attn.npy
3981440	2026-05-28T11:02:44.0000000000	./ai/fullgrid/gpt2-medium-fullgrid-100m-p180/heat/transformer.h.21.attn.c_attn.npy
3981440	2026-05-28T11:02:44.0000000000	./ai/fullgrid/gpt2-medium-fullgrid-100m-p180/heat/transformer.h.8.attn.c_attn.npy
3981440	2026-05-28T11:02:45.0000000000	./ai/fullgrid/gpt2-medium-fullgrid-100m-p180/heat/transformer.h.7.attn.c_attn.npy
3981440	2026-05-28T11:02:46.0000000000	./ai/fullgrid/gpt2-medium-fullgrid-100m-p180/heat/transformer.h.4.attn.c_attn.npy
3981440	2026-05-28T11:02:47.0000000000	./ai/fullgrid/gpt2-medium-fullgrid-100m-p180/heat/transformer.h.22.attn.c_attn.npy
3981440	2026-05-28T11:02:48.0000000000	./ai/fullgrid/gpt2-medium-fullgrid-100m-p180/heat/transformer.h.20.attn.c_attn.npy
3981440	2026-05-28T11:02:49.0000000000	./ai/fullgrid/gpt2-medium-fullgrid-100m-p180/heat/transformer.h.12.attn.c_attn.npy
3981440	2026-05-28T11:02:52.0000000000	./ai/fullgrid/gpt2-medium-fullgrid-100m-p180/heat/transformer.h.14.attn.c_attn.npy
3981440	2026-05-28T11:02:52.0000000000	./ai/fullgrid/gpt2-medium-fullgrid-100m-p180/heat/transformer.h.23.attn.c_attn.npy
3981440	2026-05-28T11:02:53.0000000000	./ai/fullgrid/gpt2-medium-fullgrid-100m-p180/heat/transformer.h.9.attn.c_attn.npy
3981440	2026-05-28T11:02:55.0000000000	./ai/fullgrid/gpt2-medium-fullgrid-100m-p180/heat/transformer.h.11.attn.c_attn.npy
3981440	2026-05-28T11:02:57.0000000000	./ai/fullgrid/gpt2-medium-fullgrid-100m-p180/heat/transformer.h.19.attn.c_attn.npy
3981440	2026-05-28T11:02:57.0000000000	./ai/fullgrid/gpt2-medium-fullgrid-100m-p180/heat/transformer.h.6.attn.c_attn.npy
3981440	2026-05-28T11:02:59.0000000000	./ai/fullgrid/gpt2-medium-fullgrid-100m-p180/heat/transformer.h.18.attn.c_attn.npy
3981440	2026-05-28T11:03:26.0000000000	./ai/fullgrid/gpt2-medium-fullgrid-100m-p720/heat/transformer.h.0.attn.c_attn.npy
3981440	2026-05-28T11:03:26.0000000000	./ai/fullgrid/gpt2-medium-fullgrid-100m-p720/heat/transformer.h.1.attn.c_attn.npy
3981440	2026-05-28T11:03:26.0000000000	./ai/fullgrid/gpt2-medium-fullgrid-100m-p720/heat/transformer.h.10.attn.c_attn.npy
3981440	2026-05-28T11:03:26.0000000000	./ai/fullgrid/gpt2-medium-fullgrid-100m-p720/heat/transformer.h.11.attn.c_attn.npy
3981440	2026-05-28T11:03:26.0000000000	./ai/fullgrid/gpt2-medium-fullgrid-100m-p720/heat/transformer.h.12.attn.c_attn.npy
3981440	2026-05-28T11:03:26.0000000000	./ai/fullgrid/gpt2-medium-fullgrid-100m-p720/heat/transformer.h.13.attn.c_attn.npy
3981440	2026-05-28T11:03:26.0000000000	./ai/fullgrid/gpt2-medium-fullgrid-100m-p720/heat/transformer.h.14.attn.c_attn.npy
3981440	2026-05-28T11:03:26.0000000000	./ai/fullgrid/gpt2-medium-fullgrid-100m-p720/heat/transformer.h.15.attn.c_attn.npy
3981440	2026-05-28T11:03:26.0000000000	./ai/fullgrid/gpt2-medium-fullgrid-100m-p720/heat/transformer.h.16.attn.c_attn.npy
3981440	2026-05-28T11:03:26.0000000000	./ai/fullgrid/gpt2-medium-fullgrid-100m-p720/heat/transformer.h.17.attn.c_attn.npy
3981440	2026-05-28T11:03:26.0000000000	./ai/fullgrid/gpt2-medium-fullgrid-100m-p720/heat/transformer.h.18.attn.c_attn.npy
3981440	2026-05-28T11:03:26.0000000000	./ai/fullgrid/gpt2-medium-fullgrid-100m-p720/heat/transformer.h.19.attn.c_attn.npy
3981440	2026-05-28T11:03:26.0000000000	./ai/fullgrid/gpt2-medium-fullgrid-100m-p720/heat/transformer.h.2.attn.c_attn.npy
3981440	2026-05-28T11:03:26.0000000000	./ai/fullgrid/gpt2-medium-fullgrid-100m-p720/heat/transformer.h.20.attn.c_attn.npy
3981440	2026-05-28T11:03:26.0000000000	./ai/fullgrid/gpt2-medium-fullgrid-100m-p720/heat/transformer.h.21.attn.c_attn.npy
3981440	2026-05-28T11:03:26.0000000000	./ai/fullgrid/gpt2-medium-fullgrid-100m-p720/heat/transformer.h.22.attn.c_attn.npy
3981440	2026-05-28T11:03:26.0000000000	./ai/fullgrid/gpt2-medium-fullgrid-100m-p720/heat/transformer.h.23.attn.c_attn.npy
3981440	2026-05-28T11:03:26.0000000000	./ai/fullgrid/gpt2-medium-fullgrid-100m-p720/heat/transformer.h.3.attn.c_attn.npy
3981440	2026-05-28T11:03:26.0000000000	./ai/fullgrid/gpt2-medium-fullgrid-100m-p720/heat/transformer.h.4.attn.c_attn.npy
3981440	2026-05-28T11:03:26.0000000000	./ai/fullgrid/gpt2-medium-fullgrid-100m-p720/heat/transformer.h.5.attn.c_attn.npy
3981440	2026-05-28T11:03:26.0000000000	./ai/fullgrid/gpt2-medium-fullgrid-100m-p720/heat/transformer.h.6.attn.c_attn.npy
3981440	2026-05-28T11:03:26.0000000000	./ai/fullgrid/gpt2-medium-fullgrid-100m-p720/heat/transformer.h.7.attn.c_attn.npy
3981440	2026-05-28T11:03:26.0000000000	./ai/fullgrid/gpt2-medium-fullgrid-100m-p720/heat/transformer.h.8.attn.c_attn.npy
3981440	2026-05-28T11:03:26.0000000000	./ai/fullgrid/gpt2-medium-fullgrid-100m-p720/heat/transformer.h.9.attn.c_attn.npy
3981440	2026-05-28T11:32:29.0000000000	./ai/fullgrid/gpt2-medium-fullgrid-100m-p720-fixededges/heat/transformer.h.6.attn.c_attn.npy
3981440	2026-05-28T11:32:32.0000000000	./ai/fullgrid/gpt2-medium-fullgrid-100m-p720-fixededges/heat/transformer.h.20.attn.c_attn.npy
3981440	2026-05-28T11:32:37.0000000000	./ai/fullgrid/gpt2-medium-fullgrid-100m-p720-fixededges/heat/transformer.h.0.attn.c_attn.npy
3981440	2026-05-28T11:32:48.0000000000	./ai/fullgrid/gpt2-medium-fullgrid-100m-p720-fixededges/heat/transformer.h.17.attn.c_attn.npy
3981440	2026-05-28T11:32:48.0000000000	./ai/fullgrid/gpt2-medium-fullgrid-100m-p720-fixededges/heat/transformer.h.18.attn.c_attn.npy
3981440	2026-05-28T11:32:53.0000000000	./ai/fullgrid/gpt2-medium-fullgrid-100m-p720-fixededges/heat/transformer.h.1.attn.c_attn.npy
3981440	2026-05-28T11:32:53.0000000000	./ai/fullgrid/gpt2-medium-fullgrid-100m-p720-fixededges/heat/transformer.h.2.attn.c_attn.npy
3981440	2026-05-28T11:32:54.0000000000	./ai/fullgrid/gpt2-medium-fullgrid-100m-p720-fixededges/heat/transformer.h.3.attn.c_attn.npy
3981440	2026-05-28T11:32:54.0000000000	./ai/fullgrid/gpt2-medium-fullgrid-100m-p720-fixededges/heat/transformer.h.5.attn.c_attn.npy
3981440	2026-05-28T11:32:55.0000000000	./ai/fullgrid/gpt2-medium-fullgrid-100m-p720-fixededges/heat/transformer.h.10.attn.c_attn.npy
3981440	2026-05-28T11:32:55.0000000000	./ai/fullgrid/gpt2-medium-fullgrid-100m-p720-fixededges/heat/transformer.h.11.attn.c_attn.npy
3981440	2026-05-28T11:32:55.0000000000	./ai/fullgrid/gpt2-medium-fullgrid-100m-p720-fixededges/heat/transformer.h.12.attn.c_attn.npy
3981440	2026-05-28T11:32:55.0000000000	./ai/fullgrid/gpt2-medium-fullgrid-100m-p720-fixededges/heat/transformer.h.9.attn.c_attn.npy
3981440	2026-05-28T11:32:56.0000000000	./ai/fullgrid/gpt2-medium-fullgrid-100m-p720-fixededges/heat/transformer.h.14.attn.c_attn.npy
3981440	2026-05-28T11:32:58.0000000000	./ai/fullgrid/gpt2-medium-fullgrid-100m-p720-fixededges/heat/transformer.h.23.attn.c_attn.npy
3981440	2026-05-28T11:32:58.0000000000	./ai/fullgrid/gpt2-medium-fullgrid-100m-p720-fixededges/heat/transformer.h.4.attn.c_attn.npy
3981440	2026-05-28T11:32:59.0000000000	./ai/fullgrid/gpt2-medium-fullgrid-100m-p720-fixededges/heat/transformer.h.7.attn.c_attn.npy
3981440	2026-05-28T11:32:59.0000000000	./ai/fullgrid/gpt2-medium-fullgrid-100m-p720-fixededges/heat/transformer.h.8.attn.c_attn.npy
3981440	2026-05-28T11:33:00.0000000000	./ai/fullgrid/gpt2-medium-fullgrid-100m-p720-fixededges/heat/transformer.h.13.attn.c_attn.npy
3981440	2026-05-28T11:33:00.0000000000	./ai/fullgrid/gpt2-medium-fullgrid-100m-p720-fixededges/heat/transformer.h.15.attn.c_attn.npy
3981440	2026-05-28T11:33:01.0000000000	./ai/fullgrid/gpt2-medium-fullgrid-100m-p720-fixededges/heat/transformer.h.16.attn.c_attn.npy
3981440	2026-05-28T11:33:01.0000000000	./ai/fullgrid/gpt2-medium-fullgrid-100m-p720-fixededges/heat/transformer.h.19.attn.c_attn.npy
3981440	2026-05-28T11:33:01.0000000000	./ai/fullgrid/gpt2-medium-fullgrid-100m-p720-fixededges/heat/transformer.h.21.attn.c_attn.npy
3981440	2026-05-28T11:33:02.0000000000	./ai/fullgrid/gpt2-medium-fullgrid-100m-p720-fixededges/heat/transformer.h.22.attn.c_attn.npy
3981440	2026-05-28T11:43:37.0000000000	./ai/fullgrid/gpt2-medium-fullgrid-100m-union-fixededges/heat/transformer.h.10.attn.c_attn.npy
3981440	2026-05-28T11:43:41.0000000000	./ai/fullgrid/gpt2-medium-fullgrid-100m-union-fixededges/heat/transformer.h.11.attn.c_attn.npy
3981440	2026-05-28T11:43:41.0000000000	./ai/fullgrid/gpt2-medium-fullgrid-100m-union-fixededges/heat/transformer.h.12.attn.c_attn.npy
3981440	2026-05-28T11:43:44.0000000000	./ai/fullgrid/gpt2-medium-fullgrid-100m-union-fixededges/heat/transformer.h.3.attn.c_attn.npy
3981440	2026-05-28T11:43:46.0000000000	./ai/fullgrid/gpt2-medium-fullgrid-100m-union-fixededges/heat/transformer.h.16.attn.c_attn.npy
3981440	2026-05-28T11:43:51.0000000000	./ai/fullgrid/gpt2-medium-fullgrid-100m-union-fixededges/heat/transformer.h.0.attn.c_attn.npy
3981440	2026-05-28T11:43:52.0000000000	./ai/fullgrid/gpt2-medium-fullgrid-100m-union-fixededges/heat/transformer.h.6.attn.c_attn.npy
3981440	2026-05-28T11:43:54.0000000000	./ai/fullgrid/gpt2-medium-fullgrid-100m-union-fixededges/heat/transformer.h.13.attn.c_attn.npy
3981440	2026-05-28T11:43:57.0000000000	./ai/fullgrid/gpt2-medium-fullgrid-100m-union-fixededges/heat/transformer.h.14.attn.c_attn.npy
3981440	2026-05-28T11:43:57.0000000000	./ai/fullgrid/gpt2-medium-fullgrid-100m-union-fixededges/heat/transformer.h.7.attn.c_attn.npy
3981440	2026-05-28T11:43:58.0000000000	./ai/fullgrid/gpt2-medium-fullgrid-100m-union-fixededges/heat/transformer.h.15.attn.c_attn.npy
3981440	2026-05-28T11:44:02.0000000000	./ai/fullgrid/gpt2-medium-fullgrid-100m-union-fixededges/heat/transformer.h.18.attn.c_attn.npy
3981440	2026-05-28T11:44:02.0000000000	./ai/fullgrid/gpt2-medium-fullgrid-100m-union-fixededges/heat/transformer.h.19.attn.c_attn.npy
3981440	2026-05-28T11:44:03.0000000000	./ai/fullgrid/gpt2-medium-fullgrid-100m-union-fixededges/heat/transformer.h.1.attn.c_attn.npy
3981440	2026-05-28T11:44:03.0000000000	./ai/fullgrid/gpt2-medium-fullgrid-100m-union-fixededges/heat/transformer.h.21.attn.c_attn.npy
3981440	2026-05-28T11:44:03.0000000000	./ai/fullgrid/gpt2-medium-fullgrid-100m-union-fixededges/heat/transformer.h.22.attn.c_attn.npy
3981440	2026-05-28T11:44:03.0000000000	./ai/fullgrid/gpt2-medium-fullgrid-100m-union-fixededges/heat/transformer.h.23.attn.c_attn.npy
3981440	2026-05-28T11:44:05.0000000000	./ai/fullgrid/gpt2-medium-fullgrid-100m-union-fixededges/heat/transformer.h.17.attn.c_attn.npy
3981440	2026-05-28T11:44:06.0000000000	./ai/fullgrid/gpt2-medium-fullgrid-100m-union-fixededges/heat/transformer.h.20.attn.c_attn.npy
3981440	2026-05-28T11:44:07.0000000000	./ai/fullgrid/gpt2-medium-fullgrid-100m-union-fixededges/heat/transformer.h.2.attn.c_attn.npy
3981440	2026-05-28T11:44:07.0000000000	./ai/fullgrid/gpt2-medium-fullgrid-100m-union-fixededges/heat/transformer.h.4.attn.c_attn.npy
3981440	2026-05-28T11:44:07.0000000000	./ai/fullgrid/gpt2-medium-fullgrid-100m-union-fixededges/heat/transformer.h.5.attn.c_attn.npy
3981440	2026-05-28T11:44:08.0000000000	./ai/fullgrid/gpt2-medium-fullgrid-100m-union-fixededges/heat/transformer.h.8.attn.c_attn.npy
3981440	2026-05-28T11:44:08.0000000000	./ai/fullgrid/gpt2-medium-fullgrid-100m-union-fixededges/heat/transformer.h.9.attn.c_attn.npy
4055168	2026-05-28T10:44:49.0000000000	./ai/fullgrid/gemma-2-2b-it-fullgrid-100m/heat/model.layers.1.mlp.gate_proj.npy
4055168	2026-05-28T10:44:49.0000000000	./ai/fullgrid/gemma-2-2b-it-fullgrid-100m/heat/model.layers.1.mlp.up_proj.npy
4055168	2026-05-28T10:44:49.0000000000	./ai/fullgrid/gemma-2-2b-it-fullgrid-100m/heat/model.layers.2.mlp.gate_proj.npy
4055168	2026-05-28T10:44:50.0000000000	./ai/fullgrid/gemma-2-2b-it-fullgrid-100m/heat/model.layers.3.mlp.gate_proj.npy
4055168	2026-05-28T10:44:50.0000000000	./ai/fullgrid/gemma-2-2b-it-fullgrid-100m/heat/model.layers.3.mlp.up_proj.npy
4055168	2026-05-28T10:44:50.0000000000	./ai/fullgrid/gemma-2-2b-it-fullgrid-100m/heat/model.layers.4.mlp.gate_proj.npy
4055168	2026-05-28T10:44:50.0000000000	./ai/fullgrid/gemma-2-2b-it-fullgrid-100m/heat/model.layers.4.mlp.up_proj.npy
4055168	2026-05-28T10:44:50.0000000000	./ai/fullgrid/gemma-2-2b-it-fullgrid-100m/heat/model.layers.5.mlp.up_proj.npy
4055168	2026-05-28T10:44:50.0000000000	./ai/fullgrid/gemma-2-2b-it-fullgrid-100m/heat/model.layers.6.mlp.gate_proj.npy
4055168	2026-05-28T10:44:51.0000000000	./ai/fullgrid/gemma-2-2b-it-fullgrid-100m/heat/model.layers.6.mlp.up_proj.npy
4055168	2026-05-28T10:44:51.0000000000	./ai/fullgrid/gemma-2-2b-it-fullgrid-100m/heat/model.layers.7.mlp.gate_proj.npy
4055168	2026-05-28T10:44:51.0000000000	./ai/fullgrid/gemma-2-2b-it-fullgrid-100m/heat/model.layers.7.mlp.up_proj.npy
4055168	2026-05-28T10:44:51.0000000000	./ai/fullgrid/gemma-2-2b-it-fullgrid-100m/heat/model.layers.8.mlp.up_proj.npy
4055168	2026-05-28T10:44:51.0000000000	./ai/fullgrid/gemma-2-2b-it-fullgrid-100m/heat/model.layers.9.mlp.gate_proj.npy
4055168	2026-05-28T10:44:51.0000000000	./ai/fullgrid/gemma-2-2b-it-fullgrid-100m/heat/model.layers.9.mlp.up_proj.npy
4055168	2026-05-28T10:44:52.0000000000	./ai/fullgrid/gemma-2-2b-it-fullgrid-100m/heat/model.layers.10.mlp.gate_proj.npy
4055168	2026-05-28T10:44:52.0000000000	./ai/fullgrid/gemma-2-2b-it-fullgrid-100m/heat/model.layers.10.mlp.up_proj.npy
4055168	2026-05-28T10:44:52.0000000000	./ai/fullgrid/gemma-2-2b-it-fullgrid-100m/heat/model.layers.11.mlp.gate_proj.npy
4055168	2026-05-28T10:44:52.0000000000	./ai/fullgrid/gemma-2-2b-it-fullgrid-100m/heat/model.layers.11.mlp.up_proj.npy
4055168	2026-05-28T10:44:52.0000000000	./ai/fullgrid/gemma-2-2b-it-fullgrid-100m/heat/model.layers.12.mlp.up_proj.npy
4055168	2026-05-28T10:44:52.0000000000	./ai/fullgrid/gemma-2-2b-it-fullgrid-100m/heat/model.layers.13.mlp.gate_proj.npy
4055168	2026-05-28T10:44:52.0000000000	./ai/fullgrid/gemma-2-2b-it-fullgrid-100m/heat/model.layers.13.mlp.up_proj.npy
4055168	2026-05-28T10:44:53.0000000000	./ai/fullgrid/gemma-2-2b-it-fullgrid-100m/heat/model.layers.14.mlp.gate_proj.npy
4055168	2026-05-28T10:44:53.0000000000	./ai/fullgrid/gemma-2-2b-it-fullgrid-100m/heat/model.layers.14.mlp.up_proj.npy
4055168	2026-05-28T10:44:53.0000000000	./ai/fullgrid/gemma-2-2b-it-fullgrid-100m/heat/model.layers.15.mlp.gate_proj.npy
4055168	2026-05-28T10:44:53.0000000000	./ai/fullgrid/gemma-2-2b-it-fullgrid-100m/heat/model.layers.15.mlp.up_proj.npy
4055168	2026-05-28T10:44:55.0000000000	./ai/fullgrid/gemma-2-2b-it-fullgrid-100m/heat/model.layers.24.mlp.gate_proj.npy
4055168	2026-05-28T10:44:55.0000000000	./ai/fullgrid/gemma-2-2b-it-fullgrid-100m/heat/model.layers.25.mlp.gate_proj.npy
4055168	2026-05-28T10:44:58.0000000000	./ai/fullgrid/gemma-2-2b-it-fullgrid-100m/heat/model.layers.0.mlp.up_proj.npy
4055168	2026-05-28T10:44:58.0000000000	./ai/fullgrid/gemma-2-2b-it-fullgrid-100m/heat/model.layers.2.mlp.up_proj.npy
4055168	2026-05-28T10:45:00.0000000000	./ai/fullgrid/gemma-2-2b-it-fullgrid-100m/heat/model.layers.8.mlp.gate_proj.npy
4055168	2026-05-28T10:45:01.0000000000	./ai/fullgrid/gemma-2-2b-it-fullgrid-100m/heat/model.layers.12.mlp.gate_proj.npy
4055168	2026-05-28T10:45:03.0000000000	./ai/fullgrid/gemma-2-2b-it-fullgrid-100m/heat/model.layers.17.mlp.up_proj.npy
4055168	2026-05-28T10:45:03.0000000000	./ai/fullgrid/gemma-2-2b-it-fullgrid-100m/heat/model.layers.18.mlp.gate_proj.npy
4055168	2026-05-28T10:45:03.0000000000	./ai/fullgrid/gemma-2-2b-it-fullgrid-100m/heat/model.layers.18.mlp.up_proj.npy
4055168	2026-05-28T10:45:03.0000000000	./ai/fullgrid/gemma-2-2b-it-fullgrid-100m/heat/model.layers.19.mlp.gate_proj.npy
4055168	2026-05-28T10:45:04.0000000000	./ai/fullgrid/gemma-2-2b-it-fullgrid-100m/heat/model.layers.19.mlp.up_proj.npy
4055168	2026-05-28T10:45:04.0000000000	./ai/fullgrid/gemma-2-2b-it-fullgrid-100m/heat/model.layers.21.mlp.gate_proj.npy
4055168	2026-05-28T10:45:04.0000000000	./ai/fullgrid/gemma-2-2b-it-fullgrid-100m/heat/model.layers.21.mlp.up_proj.npy
4055168	2026-05-28T10:45:04.0000000000	./ai/fullgrid/gemma-2-2b-it-fullgrid-100m/heat/model.layers.22.mlp.gate_proj.npy
4055168	2026-05-28T10:45:04.0000000000	./ai/fullgrid/gemma-2-2b-it-fullgrid-100m/heat/model.layers.22.mlp.up_proj.npy
4055168	2026-05-28T10:45:05.0000000000	./ai/fullgrid/gemma-2-2b-it-fullgrid-100m/heat/model.layers.23.mlp.up_proj.npy
4055168	2026-05-28T10:45:05.0000000000	./ai/fullgrid/gemma-2-2b-it-fullgrid-100m/heat/model.layers.24.mlp.up_proj.npy
4055168	2026-05-28T10:45:05.0000000000	./ai/fullgrid/gemma-2-2b-it-fullgrid-100m/heat/model.layers.25.mlp.up_proj.npy
4055168	2026-05-28T10:45:08.0000000000	./ai/fullgrid/gemma-2-2b-it-fullgrid-100m/heat/model.layers.0.mlp.gate_proj.npy
4055168	2026-05-28T10:45:09.0000000000	./ai/fullgrid/gemma-2-2b-it-fullgrid-100m/heat/model.layers.5.mlp.gate_proj.npy
4055168	2026-05-28T10:45:13.0000000000	./ai/fullgrid/gemma-2-2b-it-fullgrid-100m/heat/model.layers.17.mlp.gate_proj.npy
4055168	2026-05-28T10:45:14.0000000000	./ai/fullgrid/gemma-2-2b-it-fullgrid-100m/heat/model.layers.20.mlp.up_proj.npy
4055168	2026-05-28T10:45:15.0000000000	./ai/fullgrid/gemma-2-2b-it-fullgrid-100m/heat/model.layers.23.mlp.gate_proj.npy
4055168	2026-05-28T10:45:22.0000000000	./ai/fullgrid/gemma-2-2b-it-fullgrid-100m/heat/model.layers.16.mlp.gate_proj.npy
4055168	2026-05-28T10:45:22.0000000000	./ai/fullgrid/gemma-2-2b-it-fullgrid-100m/heat/model.layers.16.mlp.up_proj.npy
4055168	2026-05-28T10:45:23.0000000000	./ai/fullgrid/gemma-2-2b-it-fullgrid-100m/heat/model.layers.20.mlp.gate_proj.npy
4055168	2026-05-28T11:04:27.0000000000	./ai/fullgrid/gemma-2-2b-it-fullgrid-100m-p720/heat/model.layers.0.mlp.gate_proj.npy
4055168	2026-05-28T11:04:27.0000000000	./ai/fullgrid/gemma-2-2b-it-fullgrid-100m-p720/heat/model.layers.0.mlp.up_proj.npy
4055168	2026-05-28T11:04:27.0000000000	./ai/fullgrid/gemma-2-2b-it-fullgrid-100m-p720/heat/model.layers.1.mlp.gate_proj.npy
4055168	2026-05-28T11:04:27.0000000000	./ai/fullgrid/gemma-2-2b-it-fullgrid-100m-p720/heat/model.layers.1.mlp.up_proj.npy
4055168	2026-05-28T11:04:27.0000000000	./ai/fullgrid/gemma-2-2b-it-fullgrid-100m-p720/heat/model.layers.10.mlp.gate_proj.npy
4055168	2026-05-28T11:04:27.0000000000	./ai/fullgrid/gemma-2-2b-it-fullgrid-100m-p720/heat/model.layers.10.mlp.up_proj.npy
4055168	2026-05-28T11:04:27.0000000000	./ai/fullgrid/gemma-2-2b-it-fullgrid-100m-p720/heat/model.layers.11.mlp.gate_proj.npy
4055168	2026-05-28T11:04:27.0000000000	./ai/fullgrid/gemma-2-2b-it-fullgrid-100m-p720/heat/model.layers.11.mlp.up_proj.npy
4055168	2026-05-28T11:04:27.0000000000	./ai/fullgrid/gemma-2-2b-it-fullgrid-100m-p720/heat/model.layers.12.mlp.gate_proj.npy
4055168	2026-05-28T11:04:27.0000000000	./ai/fullgrid/gemma-2-2b-it-fullgrid-100m-p720/heat/model.layers.12.mlp.up_proj.npy
4055168	2026-05-28T11:04:27.0000000000	./ai/fullgrid/gemma-2-2b-it-fullgrid-100m-p720/heat/model.layers.13.mlp.gate_proj.npy
4055168	2026-05-28T11:04:27.0000000000	./ai/fullgrid/gemma-2-2b-it-fullgrid-100m-p720/heat/model.layers.13.mlp.up_proj.npy
4055168	2026-05-28T11:04:27.0000000000	./ai/fullgrid/gemma-2-2b-it-fullgrid-100m-p720/heat/model.layers.14.mlp.gate_proj.npy
4055168	2026-05-28T11:04:27.0000000000	./ai/fullgrid/gemma-2-2b-it-fullgrid-100m-p720/heat/model.layers.14.mlp.up_proj.npy
4055168	2026-05-28T11:04:27.0000000000	./ai/fullgrid/gemma-2-2b-it-fullgrid-100m-p720/heat/model.layers.15.mlp.gate_proj.npy
4055168	2026-05-28T11:04:27.0000000000	./ai/fullgrid/gemma-2-2b-it-fullgrid-100m-p720/heat/model.layers.15.mlp.up_proj.npy
4055168	2026-05-28T11:04:27.0000000000	./ai/fullgrid/gemma-2-2b-it-fullgrid-100m-p720/heat/model.layers.16.mlp.gate_proj.npy
4055168	2026-05-28T11:04:27.0000000000	./ai/fullgrid/gemma-2-2b-it-fullgrid-100m-p720/heat/model.layers.16.mlp.up_proj.npy
4055168	2026-05-28T11:04:27.0000000000	./ai/fullgrid/gemma-2-2b-it-fullgrid-100m-p720/heat/model.layers.17.mlp.gate_proj.npy
4055168	2026-05-28T11:04:27.0000000000	./ai/fullgrid/gemma-2-2b-it-fullgrid-100m-p720/heat/model.layers.17.mlp.up_proj.npy
4055168	2026-05-28T11:04:27.0000000000	./ai/fullgrid/gemma-2-2b-it-fullgrid-100m-p720/heat/model.layers.18.mlp.gate_proj.npy
4055168	2026-05-28T11:04:27.0000000000	./ai/fullgrid/gemma-2-2b-it-fullgrid-100m-p720/heat/model.layers.18.mlp.up_proj.npy
4055168	2026-05-28T11:04:27.0000000000	./ai/fullgrid/gemma-2-2b-it-fullgrid-100m-p720/heat/model.layers.19.mlp.gate_proj.npy
4055168	2026-05-28T11:04:27.0000000000	./ai/fullgrid/gemma-2-2b-it-fullgrid-100m-p720/heat/model.layers.19.mlp.up_proj.npy
4055168	2026-05-28T11:04:27.0000000000	./ai/fullgrid/gemma-2-2b-it-fullgrid-100m-p720/heat/model.layers.2.mlp.gate_proj.npy
4055168	2026-05-28T11:04:27.0000000000	./ai/fullgrid/gemma-2-2b-it-fullgrid-100m-p720/heat/model.layers.2.mlp.up_proj.npy
4055168	2026-05-28T11:04:27.0000000000	./ai/fullgrid/gemma-2-2b-it-fullgrid-100m-p720/heat/model.layers.20.mlp.gate_proj.npy
4055168	2026-05-28T11:04:27.0000000000	./ai/fullgrid/gemma-2-2b-it-fullgrid-100m-p720/heat/model.layers.20.mlp.up_proj.npy
4055168	2026-05-28T11:04:27.0000000000	./ai/fullgrid/gemma-2-2b-it-fullgrid-100m-p720/heat/model.layers.21.mlp.gate_proj.npy
4055168	2026-05-28T11:04:27.0000000000	./ai/fullgrid/gemma-2-2b-it-fullgrid-100m-p720/heat/model.layers.21.mlp.up_proj.npy
4055168	2026-05-28T11:04:27.0000000000	./ai/fullgrid/gemma-2-2b-it-fullgrid-100m-p720/heat/model.layers.22.mlp.gate_proj.npy
4055168	2026-05-28T11:04:27.0000000000	./ai/fullgrid/gemma-2-2b-it-fullgrid-100m-p720/heat/model.layers.22.mlp.up_proj.npy
4055168	2026-05-28T11:04:27.0000000000	./ai/fullgrid/gemma-2-2b-it-fullgrid-100m-p720/heat/model.layers.23.mlp.gate_proj.npy
4055168	2026-05-28T11:04:27.0000000000	./ai/fullgrid/gemma-2-2b-it-fullgrid-100m-p720/heat/model.layers.23.mlp.up_proj.npy
4055168	2026-05-28T11:04:27.0000000000	./ai/fullgrid/gemma-2-2b-it-fullgrid-100m-p720/heat/model.layers.24.mlp.gate_proj.npy
4055168	2026-05-28T11:04:27.0000000000	./ai/fullgrid/gemma-2-2b-it-fullgrid-100m-p720/heat/model.layers.24.mlp.up_proj.npy
4055168	2026-05-28T11:04:27.0000000000	./ai/fullgrid/gemma-2-2b-it-fullgrid-100m-p720/heat/model.layers.25.mlp.gate_proj.npy
4055168	2026-05-28T11:04:27.0000000000	./ai/fullgrid/gemma-2-2b-it-fullgrid-100m-p720/heat/model.layers.25.mlp.up_proj.npy
4055168	2026-05-28T11:04:27.0000000000	./ai/fullgrid/gemma-2-2b-it-fullgrid-100m-p720/heat/model.layers.3.mlp.gate_proj.npy
4055168	2026-05-28T11:04:27.0000000000	./ai/fullgrid/gemma-2-2b-it-fullgrid-100m-p720/heat/model.layers.3.mlp.up_proj.npy
4055168	2026-05-28T11:04:27.0000000000	./ai/fullgrid/gemma-2-2b-it-fullgrid-100m-p720/heat/model.layers.4.mlp.gate_proj.npy
4055168	2026-05-28T11:04:27.0000000000	./ai/fullgrid/gemma-2-2b-it-fullgrid-100m-p720/heat/model.layers.4.mlp.up_proj.npy
4055168	2026-05-28T11:04:27.0000000000	./ai/fullgrid/gemma-2-2b-it-fullgrid-100m-p720/heat/model.layers.5.mlp.gate_proj.npy
4055168	2026-05-28T11:04:27.0000000000	./ai/fullgrid/gemma-2-2b-it-fullgrid-100m-p720/heat/model.layers.5.mlp.up_proj.npy
4055168	2026-05-28T11:04:27.0000000000	./ai/fullgrid/gemma-2-2b-it-fullgrid-100m-p720/heat/model.layers.6.mlp.gate_proj.npy
4055168	2026-05-28T11:04:27.0000000000	./ai/fullgrid/gemma-2-2b-it-fullgrid-100m-p720/heat/model.layers.6.mlp.up_proj.npy
4055168	2026-05-28T11:04:27.0000000000	./ai/fullgrid/gemma-2-2b-it-fullgrid-100m-p720/heat/model.layers.7.mlp.gate_proj.npy
4055168	2026-05-28T11:04:27.0000000000	./ai/fullgrid/gemma-2-2b-it-fullgrid-100m-p720/heat/model.layers.7.mlp.up_proj.npy
4055168	2026-05-28T11:04:27.0000000000	./ai/fullgrid/gemma-2-2b-it-fullgrid-100m-p720/heat/model.layers.8.mlp.gate_proj.npy
4055168	2026-05-28T11:04:27.0000000000	./ai/fullgrid/gemma-2-2b-it-fullgrid-100m-p720/heat/model.layers.8.mlp.up_proj.npy
4055168	2026-05-28T11:04:27.0000000000	./ai/fullgrid/gemma-2-2b-it-fullgrid-100m-p720/heat/model.layers.9.mlp.gate_proj.npy
4055168	2026-05-28T11:04:27.0000000000	./ai/fullgrid/gemma-2-2b-it-fullgrid-100m-p720/heat/model.layers.9.mlp.up_proj.npy
4055168	2026-05-28T11:32:03.0000000000	./ai/fullgrid/gemma-2-2b-it-fullgrid-100m-p720-fixededges/heat/model.layers.3.mlp.up_proj.npy
4055168	2026-05-28T11:32:05.0000000000	./ai/fullgrid/gemma-2-2b-it-fullgrid-100m-p720-fixededges/heat/model.layers.4.mlp.gate_proj.npy
4055168	2026-05-28T11:32:05.0000000000	./ai/fullgrid/gemma-2-2b-it-fullgrid-100m-p720-fixededges/heat/model.layers.4.mlp.up_proj.npy
4055168	2026-05-28T11:32:07.0000000000	./ai/fullgrid/gemma-2-2b-it-fullgrid-100m-p720-fixededges/heat/model.layers.5.mlp.gate_proj.npy
4055168	2026-05-28T11:32:07.0000000000	./ai/fullgrid/gemma-2-2b-it-fullgrid-100m-p720-fixededges/heat/model.layers.5.mlp.up_proj.npy
4055168	2026-05-28T11:32:09.0000000000	./ai/fullgrid/gemma-2-2b-it-fullgrid-100m-p720-fixededges/heat/model.layers.6.mlp.gate_proj.npy
4055168	2026-05-28T11:32:09.0000000000	./ai/fullgrid/gemma-2-2b-it-fullgrid-100m-p720-fixededges/heat/model.layers.6.mlp.up_proj.npy
4055168	2026-05-28T11:32:10.0000000000	./ai/fullgrid/gemma-2-2b-it-fullgrid-100m-p720-fixededges/heat/model.layers.7.mlp.gate_proj.npy
4055168	2026-05-28T11:32:11.0000000000	./ai/fullgrid/gemma-2-2b-it-fullgrid-100m-p720-fixededges/heat/model.layers.7.mlp.up_proj.npy
4055168	2026-05-28T11:32:12.0000000000	./ai/fullgrid/gemma-2-2b-it-fullgrid-100m-p720-fixededges/heat/model.layers.8.mlp.gate_proj.npy
4055168	2026-05-28T11:32:13.0000000000	./ai/fullgrid/gemma-2-2b-it-fullgrid-100m-p720-fixededges/heat/model.layers.8.mlp.up_proj.npy
4055168	2026-05-28T11:32:14.0000000000	./ai/fullgrid/gemma-2-2b-it-fullgrid-100m-p720-fixededges/heat/model.layers.9.mlp.gate_proj.npy
4055168	2026-05-28T11:32:15.0000000000	./ai/fullgrid/gemma-2-2b-it-fullgrid-100m-p720-fixededges/heat/model.layers.9.mlp.up_proj.npy
4055168	2026-05-28T11:32:16.0000000000	./ai/fullgrid/gemma-2-2b-it-fullgrid-100m-p720-fixededges/heat/model.layers.10.mlp.gate_proj.npy
4055168	2026-05-28T11:32:16.0000000000	./ai/fullgrid/gemma-2-2b-it-fullgrid-100m-p720-fixededges/heat/model.layers.10.mlp.up_proj.npy
4055168	2026-05-28T11:32:18.0000000000	./ai/fullgrid/gemma-2-2b-it-fullgrid-100m-p720-fixededges/heat/model.layers.11.mlp.gate_proj.npy
4055168	2026-05-28T11:32:19.0000000000	./ai/fullgrid/gemma-2-2b-it-fullgrid-100m-p720-fixededges/heat/model.layers.11.mlp.up_proj.npy
4055168	2026-05-28T11:32:20.0000000000	./ai/fullgrid/gemma-2-2b-it-fullgrid-100m-p720-fixededges/heat/model.layers.12.mlp.gate_proj.npy
4055168	2026-05-28T11:32:20.0000000000	./ai/fullgrid/gemma-2-2b-it-fullgrid-100m-p720-fixededges/heat/model.layers.12.mlp.up_proj.npy
4055168	2026-05-28T11:32:22.0000000000	./ai/fullgrid/gemma-2-2b-it-fullgrid-100m-p720-fixededges/heat/model.layers.13.mlp.gate_proj.npy
4055168	2026-05-28T11:32:22.0000000000	./ai/fullgrid/gemma-2-2b-it-fullgrid-100m-p720-fixededges/heat/model.layers.13.mlp.up_proj.npy
4055168	2026-05-28T11:32:24.0000000000	./ai/fullgrid/gemma-2-2b-it-fullgrid-100m-p720-fixededges/heat/model.layers.14.mlp.gate_proj.npy
4055168	2026-05-28T11:32:24.0000000000	./ai/fullgrid/gemma-2-2b-it-fullgrid-100m-p720-fixededges/heat/model.layers.14.mlp.up_proj.npy
4055168	2026-05-28T11:32:26.0000000000	./ai/fullgrid/gemma-2-2b-it-fullgrid-100m-p720-fixededges/heat/model.layers.15.mlp.gate_proj.npy
4055168	2026-05-28T11:32:26.0000000000	./ai/fullgrid/gemma-2-2b-it-fullgrid-100m-p720-fixededges/heat/model.layers.15.mlp.up_proj.npy
4055168	2026-05-28T11:32:28.0000000000	./ai/fullgrid/gemma-2-2b-it-fullgrid-100m-p720-fixededges/heat/model.layers.16.mlp.gate_proj.npy
4055168	2026-05-28T11:32:28.0000000000	./ai/fullgrid/gemma-2-2b-it-fullgrid-100m-p720-fixededges/heat/model.layers.16.mlp.up_proj.npy
4055168	2026-05-28T11:32:30.0000000000	./ai/fullgrid/gemma-2-2b-it-fullgrid-100m-p720-fixededges/heat/model.layers.17.mlp.gate_proj.npy
4055168	2026-05-28T11:32:30.0000000000	./ai/fullgrid/gemma-2-2b-it-fullgrid-100m-p720-fixededges/heat/model.layers.17.mlp.up_proj.npy
4055168	2026-05-28T11:32:31.0000000000	./ai/fullgrid/gemma-2-2b-it-fullgrid-100m-p720-fixededges/heat/model.layers.18.mlp.gate_proj.npy
4055168	2026-05-28T11:32:32.0000000000	./ai/fullgrid/gemma-2-2b-it-fullgrid-100m-p720-fixededges/heat/model.layers.18.mlp.up_proj.npy
4055168	2026-05-28T11:32:33.0000000000	./ai/fullgrid/gemma-2-2b-it-fullgrid-100m-p720-fixededges/heat/model.layers.19.mlp.gate_proj.npy
4055168	2026-05-28T11:32:33.0000000000	./ai/fullgrid/gemma-2-2b-it-fullgrid-100m-p720-fixededges/heat/model.layers.19.mlp.up_proj.npy
4055168	2026-05-28T11:32:35.0000000000	./ai/fullgrid/gemma-2-2b-it-fullgrid-100m-p720-fixededges/heat/model.layers.20.mlp.gate_proj.npy
4055168	2026-05-28T11:32:35.0000000000	./ai/fullgrid/gemma-2-2b-it-fullgrid-100m-p720-fixededges/heat/model.layers.20.mlp.up_proj.npy
4055168	2026-05-28T11:32:37.0000000000	./ai/fullgrid/gemma-2-2b-it-fullgrid-100m-p720-fixededges/heat/model.layers.21.mlp.gate_proj.npy
4055168	2026-05-28T11:32:37.0000000000	./ai/fullgrid/gemma-2-2b-it-fullgrid-100m-p720-fixededges/heat/model.layers.21.mlp.up_proj.npy
4055168	2026-05-28T11:32:38.0000000000	./ai/fullgrid/gemma-2-2b-it-fullgrid-100m-p720-fixededges/heat/model.layers.22.mlp.gate_proj.npy
4055168	2026-05-28T11:32:39.0000000000	./ai/fullgrid/gemma-2-2b-it-fullgrid-100m-p720-fixededges/heat/model.layers.22.mlp.up_proj.npy
4055168	2026-05-28T11:32:40.0000000000	./ai/fullgrid/gemma-2-2b-it-fullgrid-100m-p720-fixededges/heat/model.layers.23.mlp.gate_proj.npy
4055168	2026-05-28T11:32:41.0000000000	./ai/fullgrid/gemma-2-2b-it-fullgrid-100m-p720-fixededges/heat/model.layers.23.mlp.up_proj.npy
4055168	2026-05-28T11:32:42.0000000000	./ai/fullgrid/gemma-2-2b-it-fullgrid-100m-p720-fixededges/heat/model.layers.24.mlp.gate_proj.npy
4055168	2026-05-28T11:32:43.0000000000	./ai/fullgrid/gemma-2-2b-it-fullgrid-100m-p720-fixededges/heat/model.layers.24.mlp.up_proj.npy
4055168	2026-05-28T11:32:44.0000000000	./ai/fullgrid/gemma-2-2b-it-fullgrid-100m-p720-fixededges/heat/model.layers.25.mlp.gate_proj.npy
4055168	2026-05-28T11:32:44.0000000000	./ai/fullgrid/gemma-2-2b-it-fullgrid-100m-p720-fixededges/heat/model.layers.25.mlp.up_proj.npy
4055168	2026-05-28T11:32:56.0000000000	./ai/fullgrid/gemma-2-2b-it-fullgrid-100m-p720-fixededges/heat/model.layers.0.mlp.gate_proj.npy
4055168	2026-05-28T11:32:57.0000000000	./ai/fullgrid/gemma-2-2b-it-fullgrid-100m-p720-fixededges/heat/model.layers.0.mlp.up_proj.npy
4055168	2026-05-28T11:32:58.0000000000	./ai/fullgrid/gemma-2-2b-it-fullgrid-100m-p720-fixededges/heat/model.layers.1.mlp.gate_proj.npy
4055168	2026-05-28T11:32:59.0000000000	./ai/fullgrid/gemma-2-2b-it-fullgrid-100m-p720-fixededges/heat/model.layers.1.mlp.up_proj.npy
4055168	2026-05-28T11:33:00.0000000000	./ai/fullgrid/gemma-2-2b-it-fullgrid-100m-p720-fixededges/heat/model.layers.2.mlp.gate_proj.npy
4055168	2026-05-28T11:33:01.0000000000	./ai/fullgrid/gemma-2-2b-it-fullgrid-100m-p720-fixededges/heat/model.layers.2.mlp.up_proj.npy
4055168	2026-05-28T11:33:02.0000000000	./ai/fullgrid/gemma-2-2b-it-fullgrid-100m-p720-fixededges/heat/model.layers.3.mlp.gate_proj.npy
4055168	2026-05-28T11:43:29.0000000000	./ai/fullgrid/gemma-2-2b-it-fullgrid-100m-union-fixededges/heat/model.layers.18.mlp.up_proj.npy
4055168	2026-05-28T11:43:29.0000000000	./ai/fullgrid/gemma-2-2b-it-fullgrid-100m-union-fixededges/heat/model.layers.19.mlp.gate_proj.npy
4055168	2026-05-28T11:43:30.0000000000	./ai/fullgrid/gemma-2-2b-it-fullgrid-100m-union-fixededges/heat/model.layers.19.mlp.up_proj.npy
4055168	2026-05-28T11:43:30.0000000000	./ai/fullgrid/gemma-2-2b-it-fullgrid-100m-union-fixededges/heat/model.layers.20.mlp.gate_proj.npy
4055168	2026-05-28T11:43:30.0000000000	./ai/fullgrid/gemma-2-2b-it-fullgrid-100m-union-fixededges/heat/model.layers.20.mlp.up_proj.npy
4055168	2026-05-28T11:43:31.0000000000	./ai/fullgrid/gemma-2-2b-it-fullgrid-100m-union-fixededges/heat/model.layers.21.mlp.gate_proj.npy
4055168	2026-05-28T11:43:31.0000000000	./ai/fullgrid/gemma-2-2b-it-fullgrid-100m-union-fixededges/heat/model.layers.21.mlp.up_proj.npy
4055168	2026-05-28T11:43:31.0000000000	./ai/fullgrid/gemma-2-2b-it-fullgrid-100m-union-fixededges/heat/model.layers.22.mlp.gate_proj.npy
4055168	2026-05-28T11:43:31.0000000000	./ai/fullgrid/gemma-2-2b-it-fullgrid-100m-union-fixededges/heat/model.layers.22.mlp.up_proj.npy
4055168	2026-05-28T11:43:40.0000000000	./ai/fullgrid/gemma-2-2b-it-fullgrid-100m-union-fixededges/heat/model.layers.5.mlp.gate_proj.npy
4055168	2026-05-28T11:43:40.0000000000	./ai/fullgrid/gemma-2-2b-it-fullgrid-100m-union-fixededges/heat/model.layers.5.mlp.up_proj.npy
4055168	2026-05-28T11:43:40.0000000000	./ai/fullgrid/gemma-2-2b-it-fullgrid-100m-union-fixededges/heat/model.layers.6.mlp.up_proj.npy
4055168	2026-05-28T11:43:41.0000000000	./ai/fullgrid/gemma-2-2b-it-fullgrid-100m-union-fixededges/heat/model.layers.7.mlp.gate_proj.npy
4055168	2026-05-28T11:43:41.0000000000	./ai/fullgrid/gemma-2-2b-it-fullgrid-100m-union-fixededges/heat/model.layers.7.mlp.up_proj.npy
4055168	2026-05-28T11:43:41.0000000000	./ai/fullgrid/gemma-2-2b-it-fullgrid-100m-union-fixededges/heat/model.layers.8.mlp.gate_proj.npy
4055168	2026-05-28T11:43:42.0000000000	./ai/fullgrid/gemma-2-2b-it-fullgrid-100m-union-fixededges/heat/model.layers.8.mlp.up_proj.npy
4055168	2026-05-28T11:43:45.0000000000	./ai/fullgrid/gemma-2-2b-it-fullgrid-100m-union-fixededges/heat/model.layers.14.mlp.up_proj.npy
4055168	2026-05-28T11:43:46.0000000000	./ai/fullgrid/gemma-2-2b-it-fullgrid-100m-union-fixededges/heat/model.layers.15.mlp.gate_proj.npy
4055168	2026-05-28T11:43:46.0000000000	./ai/fullgrid/gemma-2-2b-it-fullgrid-100m-union-fixededges/heat/model.layers.15.mlp.up_proj.npy
4055168	2026-05-28T11:43:46.0000000000	./ai/fullgrid/gemma-2-2b-it-fullgrid-100m-union-fixededges/heat/model.layers.16.mlp.gate_proj.npy
4055168	2026-05-28T11:43:47.0000000000	./ai/fullgrid/gemma-2-2b-it-fullgrid-100m-union-fixededges/heat/model.layers.16.mlp.up_proj.npy
4055168	2026-05-28T11:43:47.0000000000	./ai/fullgrid/gemma-2-2b-it-fullgrid-100m-union-fixededges/heat/model.layers.17.mlp.gate_proj.npy
4055168	2026-05-28T11:43:47.0000000000	./ai/fullgrid/gemma-2-2b-it-fullgrid-100m-union-fixededges/heat/model.layers.17.mlp.up_proj.npy
4055168	2026-05-28T11:43:48.0000000000	./ai/fullgrid/gemma-2-2b-it-fullgrid-100m-union-fixededges/heat/model.layers.18.mlp.gate_proj.npy
4055168	2026-05-28T11:43:51.0000000000	./ai/fullgrid/gemma-2-2b-it-fullgrid-100m-union-fixededges/heat/model.layers.23.mlp.gate_proj.npy
4055168	2026-05-28T11:43:51.0000000000	./ai/fullgrid/gemma-2-2b-it-fullgrid-100m-union-fixededges/heat/model.layers.23.mlp.up_proj.npy
4055168	2026-05-28T11:43:52.0000000000	./ai/fullgrid/gemma-2-2b-it-fullgrid-100m-union-fixededges/heat/model.layers.24.mlp.gate_proj.npy
4055168	2026-05-28T11:43:52.0000000000	./ai/fullgrid/gemma-2-2b-it-fullgrid-100m-union-fixededges/heat/model.layers.24.mlp.up_proj.npy
4055168	2026-05-28T11:43:52.0000000000	./ai/fullgrid/gemma-2-2b-it-fullgrid-100m-union-fixededges/heat/model.layers.25.mlp.gate_proj.npy
4055168	2026-05-28T11:43:52.0000000000	./ai/fullgrid/gemma-2-2b-it-fullgrid-100m-union-fixededges/heat/model.layers.25.mlp.up_proj.npy
4055168	2026-05-28T11:43:58.0000000000	./ai/fullgrid/gemma-2-2b-it-fullgrid-100m-union-fixededges/heat/model.layers.0.mlp.gate_proj.npy
4055168	2026-05-28T11:43:58.0000000000	./ai/fullgrid/gemma-2-2b-it-fullgrid-100m-union-fixededges/heat/model.layers.0.mlp.up_proj.npy
4055168	2026-05-28T11:43:58.0000000000	./ai/fullgrid/gemma-2-2b-it-fullgrid-100m-union-fixededges/heat/model.layers.1.mlp.gate_proj.npy
4055168	2026-05-28T11:43:58.0000000000	./ai/fullgrid/gemma-2-2b-it-fullgrid-100m-union-fixededges/heat/model.layers.1.mlp.up_proj.npy
4055168	2026-05-28T11:43:59.0000000000	./ai/fullgrid/gemma-2-2b-it-fullgrid-100m-union-fixededges/heat/model.layers.2.mlp.gate_proj.npy
4055168	2026-05-28T11:43:59.0000000000	./ai/fullgrid/gemma-2-2b-it-fullgrid-100m-union-fixededges/heat/model.layers.2.mlp.up_proj.npy
4055168	2026-05-28T11:44:00.0000000000	./ai/fullgrid/gemma-2-2b-it-fullgrid-100m-union-fixededges/heat/model.layers.3.mlp.gate_proj.npy
4055168	2026-05-28T11:44:00.0000000000	./ai/fullgrid/gemma-2-2b-it-fullgrid-100m-union-fixededges/heat/model.layers.3.mlp.up_proj.npy
4055168	2026-05-28T11:44:00.0000000000	./ai/fullgrid/gemma-2-2b-it-fullgrid-100m-union-fixededges/heat/model.layers.4.mlp.gate_proj.npy
4055168	2026-05-28T11:44:00.0000000000	./ai/fullgrid/gemma-2-2b-it-fullgrid-100m-union-fixededges/heat/model.layers.4.mlp.up_proj.npy
4055168	2026-05-28T11:44:01.0000000000	./ai/fullgrid/gemma-2-2b-it-fullgrid-100m-union-fixededges/heat/model.layers.6.mlp.gate_proj.npy
4055168	2026-05-28T11:44:03.0000000000	./ai/fullgrid/gemma-2-2b-it-fullgrid-100m-union-fixededges/heat/model.layers.9.mlp.gate_proj.npy
4055168	2026-05-28T11:44:03.0000000000	./ai/fullgrid/gemma-2-2b-it-fullgrid-100m-union-fixededges/heat/model.layers.9.mlp.up_proj.npy
4055168	2026-05-28T11:44:04.0000000000	./ai/fullgrid/gemma-2-2b-it-fullgrid-100m-union-fixededges/heat/model.layers.10.mlp.gate_proj.npy
4055168	2026-05-28T11:44:04.0000000000	./ai/fullgrid/gemma-2-2b-it-fullgrid-100m-union-fixededges/heat/model.layers.10.mlp.up_proj.npy
4055168	2026-05-28T11:44:05.0000000000	./ai/fullgrid/gemma-2-2b-it-fullgrid-100m-union-fixededges/heat/model.layers.11.mlp.gate_proj.npy
4055168	2026-05-28T11:44:05.0000000000	./ai/fullgrid/gemma-2-2b-it-fullgrid-100m-union-fixededges/heat/model.layers.11.mlp.up_proj.npy
4055168	2026-05-28T11:44:05.0000000000	./ai/fullgrid/gemma-2-2b-it-fullgrid-100m-union-fixededges/heat/model.layers.12.mlp.gate_proj.npy
4055168	2026-05-28T11:44:06.0000000000	./ai/fullgrid/gemma-2-2b-it-fullgrid-100m-union-fixededges/heat/model.layers.12.mlp.up_proj.npy
4055168	2026-05-28T11:44:06.0000000000	./ai/fullgrid/gemma-2-2b-it-fullgrid-100m-union-fixededges/heat/model.layers.13.mlp.gate_proj.npy
4055168	2026-05-28T11:44:06.0000000000	./ai/fullgrid/gemma-2-2b-it-fullgrid-100m-union-fixededges/heat/model.layers.13.mlp.up_proj.npy
4055168	2026-05-28T11:44:07.0000000000	./ai/fullgrid/gemma-2-2b-it-fullgrid-100m-union-fixededges/heat/model.layers.14.mlp.gate_proj.npy
4055168	2026-05-29T10:17:59.0000000000	./ai/fullgrid/gemma-2-2b-it-fullgrid-100m-p1200-perchannel/heat/model.layers.10.mlp.up_proj.npy
4055168	2026-05-29T10:18:06.0000000000	./ai/fullgrid/gemma-2-2b-it-fullgrid-100m-p1200-perchannel/heat/model.layers.13.mlp.gate_proj.npy
4055168	2026-05-29T10:18:23.0000000000	./ai/fullgrid/gemma-2-2b-it-fullgrid-100m-p1200-perchannel/heat/model.layers.20.mlp.gate_proj.npy
4055168	2026-05-29T10:18:24.0000000000	./ai/fullgrid/gemma-2-2b-it-fullgrid-100m-p1200-perchannel/heat/model.layers.20.mlp.up_proj.npy
4055168	2026-05-29T10:18:26.0000000000	./ai/fullgrid/gemma-2-2b-it-fullgrid-100m-p1200-perchannel/heat/model.layers.21.mlp.gate_proj.npy
4055168	2026-05-29T10:18:27.0000000000	./ai/fullgrid/gemma-2-2b-it-fullgrid-100m-p1200-perchannel/heat/model.layers.21.mlp.up_proj.npy
4055168	2026-05-29T10:18:34.0000000000	./ai/fullgrid/gemma-2-2b-it-fullgrid-100m-p1200-perchannel/heat/model.layers.24.mlp.up_proj.npy
4055168	2026-05-29T10:18:37.0000000000	./ai/fullgrid/gemma-2-2b-it-fullgrid-100m-p1200-perchannel/heat/model.layers.25.mlp.up_proj.npy
4055168	2026-05-29T10:19:03.0000000000	./ai/fullgrid/gemma-2-2b-it-fullgrid-100m-p1200-perchannel/heat/model.layers.2.mlp.gate_proj.npy
4055168	2026-05-29T10:19:04.0000000000	./ai/fullgrid/gemma-2-2b-it-fullgrid-100m-p1200-perchannel/heat/model.layers.2.mlp.up_proj.npy
4055168	2026-05-29T10:19:05.0000000000	./ai/fullgrid/gemma-2-2b-it-fullgrid-100m-p1200-perchannel/heat/model.layers.3.mlp.gate_proj.npy
4055168	2026-05-29T10:19:09.0000000000	./ai/fullgrid/gemma-2-2b-it-fullgrid-100m-p1200-perchannel/heat/model.layers.4.mlp.up_proj.npy
4055168	2026-05-29T10:19:10.0000000000	./ai/fullgrid/gemma-2-2b-it-fullgrid-100m-p1200-perchannel/heat/model.layers.5.mlp.gate_proj.npy
4055168	2026-05-29T10:19:16.0000000000	./ai/fullgrid/gemma-2-2b-it-fullgrid-100m-p1200-perchannel/heat/model.layers.7.mlp.up_proj.npy
4055168	2026-05-29T10:19:20.0000000000	./ai/fullgrid/gemma-2-2b-it-fullgrid-100m-p1200-perchannel/heat/model.layers.9.mlp.gate_proj.npy
4055168	2026-05-29T10:19:21.0000000000	./ai/fullgrid/gemma-2-2b-it-fullgrid-100m-p1200-perchannel/heat/model.layers.9.mlp.up_proj.npy
4055168	2026-05-29T10:19:23.0000000000	./ai/fullgrid/gemma-2-2b-it-fullgrid-100m-p1200-perchannel/heat/model.layers.10.mlp.gate_proj.npy
4055168	2026-05-29T10:19:25.0000000000	./ai/fullgrid/gemma-2-2b-it-fullgrid-100m-p1200-perchannel/heat/model.layers.11.mlp.gate_proj.npy
4055168	2026-05-29T10:19:26.0000000000	./ai/fullgrid/gemma-2-2b-it-fullgrid-100m-p1200-perchannel/heat/model.layers.11.mlp.up_proj.npy
4055168	2026-05-29T10:19:28.0000000000	./ai/fullgrid/gemma-2-2b-it-fullgrid-100m-p1200-perchannel/heat/model.layers.12.mlp.gate_proj.npy
4055168	2026-05-29T10:19:36.0000000000	./ai/fullgrid/gemma-2-2b-it-fullgrid-100m-p1200-perchannel/heat/model.layers.15.mlp.up_proj.npy
4055168	2026-05-29T10:19:38.0000000000	./ai/fullgrid/gemma-2-2b-it-fullgrid-100m-p1200-perchannel/heat/model.layers.16.mlp.gate_proj.npy
4055168	2026-05-29T10:19:38.0000000000	./ai/fullgrid/gemma-2-2b-it-fullgrid-100m-p1200-perchannel/heat/model.layers.16.mlp.up_proj.npy
4055168	2026-05-29T10:19:40.0000000000	./ai/fullgrid/gemma-2-2b-it-fullgrid-100m-p1200-perchannel/heat/model.layers.17.mlp.gate_proj.npy
4055168	2026-05-29T10:19:41.0000000000	./ai/fullgrid/gemma-2-2b-it-fullgrid-100m-p1200-perchannel/heat/model.layers.17.mlp.up_proj.npy
4055168	2026-05-29T10:19:43.0000000000	./ai/fullgrid/gemma-2-2b-it-fullgrid-100m-p1200-perchannel/heat/model.layers.18.mlp.gate_proj.npy
4055168	2026-05-29T10:19:46.0000000000	./ai/fullgrid/gemma-2-2b-it-fullgrid-100m-p1200-perchannel/heat/model.layers.19.mlp.up_proj.npy
4055168	2026-05-29T10:19:53.0000000000	./ai/fullgrid/gemma-2-2b-it-fullgrid-100m-p1200-perchannel/heat/model.layers.22.mlp.up_proj.npy
4055168	2026-05-29T10:19:56.0000000000	./ai/fullgrid/gemma-2-2b-it-fullgrid-100m-p1200-perchannel/heat/model.layers.23.mlp.up_proj.npy
4055168	2026-05-29T10:20:22.0000000000	./ai/fullgrid/gemma-2-2b-it-fullgrid-100m-p1200-perchannel/heat/model.layers.0.mlp.up_proj.npy
4055168	2026-05-29T10:20:24.0000000000	./ai/fullgrid/gemma-2-2b-it-fullgrid-100m-p1200-perchannel/heat/model.layers.1.mlp.gate_proj.npy
4055168	2026-05-29T10:20:24.0000000000	./ai/fullgrid/gemma-2-2b-it-fullgrid-100m-p1200-perchannel/heat/model.layers.1.mlp.up_proj.npy
4055168	2026-05-29T10:20:31.0000000000	./ai/fullgrid/gemma-2-2b-it-fullgrid-100m-p1200-perchannel/heat/model.layers.4.mlp.gate_proj.npy
4055168	2026-05-29T10:20:34.0000000000	./ai/fullgrid/gemma-2-2b-it-fullgrid-100m-p1200-perchannel/heat/model.layers.5.mlp.up_proj.npy
4055168	2026-05-29T10:20:36.0000000000	./ai/fullgrid/gemma-2-2b-it-fullgrid-100m-p1200-perchannel/heat/model.layers.6.mlp.gate_proj.npy
4055168	2026-05-29T10:20:37.0000000000	./ai/fullgrid/gemma-2-2b-it-fullgrid-100m-p1200-perchannel/heat/model.layers.6.mlp.up_proj.npy
4055168	2026-05-29T10:20:41.0000000000	./ai/fullgrid/gemma-2-2b-it-fullgrid-100m-p1200-perchannel/heat/model.layers.8.mlp.gate_proj.npy
4055168	2026-05-29T10:20:41.0000000000	./ai/fullgrid/gemma-2-2b-it-fullgrid-100m-p1200-perchannel/heat/model.layers.8.mlp.up_proj.npy
4055168	2026-05-29T10:20:51.0000000000	./ai/fullgrid/gemma-2-2b-it-fullgrid-100m-p1200-perchannel/heat/model.layers.12.mlp.up_proj.npy
4055168	2026-05-29T10:20:54.0000000000	./ai/fullgrid/gemma-2-2b-it-fullgrid-100m-p1200-perchannel/heat/model.layers.13.mlp.up_proj.npy
4055168	2026-05-29T10:20:56.0000000000	./ai/fullgrid/gemma-2-2b-it-fullgrid-100m-p1200-perchannel/heat/model.layers.14.mlp.gate_proj.npy
4055168	2026-05-29T10:20:56.0000000000	./ai/fullgrid/gemma-2-2b-it-fullgrid-100m-p1200-perchannel/heat/model.layers.14.mlp.up_proj.npy
4055168	2026-05-29T10:20:58.0000000000	./ai/fullgrid/gemma-2-2b-it-fullgrid-100m-p1200-perchannel/heat/model.layers.15.mlp.gate_proj.npy
4055168	2026-05-29T10:21:06.0000000000	./ai/fullgrid/gemma-2-2b-it-fullgrid-100m-p1200-perchannel/heat/model.layers.18.mlp.up_proj.npy
4055168	2026-05-29T10:21:08.0000000000	./ai/fullgrid/gemma-2-2b-it-fullgrid-100m-p1200-perchannel/heat/model.layers.19.mlp.gate_proj.npy
4055168	2026-05-29T10:21:15.0000000000	./ai/fullgrid/gemma-2-2b-it-fullgrid-100m-p1200-perchannel/heat/model.layers.22.mlp.gate_proj.npy
4055168	2026-05-29T10:21:18.0000000000	./ai/fullgrid/gemma-2-2b-it-fullgrid-100m-p1200-perchannel/heat/model.layers.23.mlp.gate_proj.npy
4055168	2026-05-29T10:21:20.0000000000	./ai/fullgrid/gemma-2-2b-it-fullgrid-100m-p1200-perchannel/heat/model.layers.24.mlp.gate_proj.npy
4055168	2026-05-29T10:21:23.0000000000	./ai/fullgrid/gemma-2-2b-it-fullgrid-100m-p1200-perchannel/heat/model.layers.25.mlp.gate_proj.npy
4055168	2026-05-29T10:21:44.0000000000	./ai/fullgrid/gemma-2-2b-it-fullgrid-100m-p1200-perchannel/heat/model.layers.0.mlp.gate_proj.npy
4055168	2026-05-29T10:21:52.0000000000	./ai/fullgrid/gemma-2-2b-it-fullgrid-100m-p1200-perchannel/heat/model.layers.3.mlp.up_proj.npy
4055168	2026-05-29T10:22:01.0000000000	./ai/fullgrid/gemma-2-2b-it-fullgrid-100m-p1200-perchannel/heat/model.layers.7.mlp.gate_proj.npy
4088	2026-05-28T12:25:48.0000000000	./john/fullgrid/logs/qwen3b-fullgrid-q6s15-p180.log
4088	2026-05-28T12:25:48.0000000000	./local-index/john/fullgrid/logs/qwen3b-fullgrid-q6s15-p180.log
4096128	2026-05-28T18:07:42.0000000000	./john/fullgrid/bloom-3b-fullgrid-100m-p1200-perchannel-john/heat/transformer.h.0.mlp.dense_h_to_4h.npy
4096128	2026-05-28T18:07:42.0000000000	./john/fullgrid/bloom-3b-fullgrid-100m-p1200-perchannel-john/heat/transformer.h.1.mlp.dense_h_to_4h.npy
4096128	2026-05-28T18:07:42.0000000000	./john/fullgrid/bloom-3b-fullgrid-100m-p1200-perchannel-john/heat/transformer.h.10.mlp.dense_h_to_4h.npy
4096128	2026-05-28T18:07:42.0000000000	./john/fullgrid/bloom-3b-fullgrid-100m-p1200-perchannel-john/heat/transformer.h.11.mlp.dense_h_to_4h.npy
4096128	2026-05-28T18:07:42.0000000000	./john/fullgrid/bloom-3b-fullgrid-100m-p1200-perchannel-john/heat/transformer.h.12.mlp.dense_h_to_4h.npy
4096128	2026-05-28T18:07:42.0000000000	./john/fullgrid/bloom-3b-fullgrid-100m-p1200-perchannel-john/heat/transformer.h.13.mlp.dense_h_to_4h.npy
4096128	2026-05-28T18:07:42.0000000000	./john/fullgrid/bloom-3b-fullgrid-100m-p1200-perchannel-john/heat/transformer.h.14.mlp.dense_h_to_4h.npy
4096128	2026-05-28T18:07:42.0000000000	./john/fullgrid/bloom-3b-fullgrid-100m-p1200-perchannel-john/heat/transformer.h.15.mlp.dense_h_to_4h.npy
4096128	2026-05-28T18:07:42.0000000000	./john/fullgrid/bloom-3b-fullgrid-100m-p1200-perchannel-john/heat/transformer.h.16.mlp.dense_h_to_4h.npy
4096128	2026-05-28T18:07:42.0000000000	./john/fullgrid/bloom-3b-fullgrid-100m-p1200-perchannel-john/heat/transformer.h.17.mlp.dense_h_to_4h.npy
4096128	2026-05-28T18:07:42.0000000000	./john/fullgrid/bloom-3b-fullgrid-100m-p1200-perchannel-john/heat/transformer.h.18.mlp.dense_h_to_4h.npy
4096128	2026-05-28T18:07:42.0000000000	./john/fullgrid/bloom-3b-fullgrid-100m-p1200-perchannel-john/heat/transformer.h.19.mlp.dense_h_to_4h.npy
4096128	2026-05-28T18:07:42.0000000000	./john/fullgrid/bloom-3b-fullgrid-100m-p1200-perchannel-john/heat/transformer.h.2.mlp.dense_h_to_4h.npy
4096128	2026-05-28T18:07:42.0000000000	./john/fullgrid/bloom-3b-fullgrid-100m-p1200-perchannel-john/heat/transformer.h.20.mlp.dense_h_to_4h.npy
4096128	2026-05-28T18:07:42.0000000000	./john/fullgrid/bloom-3b-fullgrid-100m-p1200-perchannel-john/heat/transformer.h.21.mlp.dense_h_to_4h.npy
4096128	2026-05-28T18:07:42.0000000000	./john/fullgrid/bloom-3b-fullgrid-100m-p1200-perchannel-john/heat/transformer.h.22.mlp.dense_h_to_4h.npy
4096128	2026-05-28T18:07:42.0000000000	./john/fullgrid/bloom-3b-fullgrid-100m-p1200-perchannel-john/heat/transformer.h.23.mlp.dense_h_to_4h.npy
4096128	2026-05-28T18:07:42.0000000000	./john/fullgrid/bloom-3b-fullgrid-100m-p1200-perchannel-john/heat/transformer.h.24.mlp.dense_h_to_4h.npy
4096128	2026-05-28T18:07:42.0000000000	./john/fullgrid/bloom-3b-fullgrid-100m-p1200-perchannel-john/heat/transformer.h.25.mlp.dense_h_to_4h.npy
4096128	2026-05-28T18:07:42.0000000000	./john/fullgrid/bloom-3b-fullgrid-100m-p1200-perchannel-john/heat/transformer.h.26.mlp.dense_h_to_4h.npy
4096128	2026-05-28T18:07:42.0000000000	./john/fullgrid/bloom-3b-fullgrid-100m-p1200-perchannel-john/heat/transformer.h.27.mlp.dense_h_to_4h.npy
4096128	2026-05-28T18:07:42.0000000000	./john/fullgrid/bloom-3b-fullgrid-100m-p1200-perchannel-john/heat/transformer.h.28.mlp.dense_h_to_4h.npy
4096128	2026-05-28T18:07:42.0000000000	./john/fullgrid/bloom-3b-fullgrid-100m-p1200-perchannel-john/heat/transformer.h.29.mlp.dense_h_to_4h.npy
4096128	2026-05-28T18:07:42.0000000000	./john/fullgrid/bloom-3b-fullgrid-100m-p1200-perchannel-john/heat/transformer.h.3.mlp.dense_h_to_4h.npy
4096128	2026-05-28T18:07:42.0000000000	./john/fullgrid/bloom-3b-fullgrid-100m-p1200-perchannel-john/heat/transformer.h.4.mlp.dense_h_to_4h.npy
4096128	2026-05-28T18:07:42.0000000000	./john/fullgrid/bloom-3b-fullgrid-100m-p1200-perchannel-john/heat/transformer.h.5.mlp.dense_h_to_4h.npy
4096128	2026-05-28T18:07:42.0000000000	./john/fullgrid/bloom-3b-fullgrid-100m-p1200-perchannel-john/heat/transformer.h.6.mlp.dense_h_to_4h.npy
4096128	2026-05-28T18:07:42.0000000000	./john/fullgrid/bloom-3b-fullgrid-100m-p1200-perchannel-john/heat/transformer.h.7.mlp.dense_h_to_4h.npy
4096128	2026-05-28T18:07:42.0000000000	./john/fullgrid/bloom-3b-fullgrid-100m-p1200-perchannel-john/heat/transformer.h.8.mlp.dense_h_to_4h.npy
4096128	2026-05-28T18:07:42.0000000000	./john/fullgrid/bloom-3b-fullgrid-100m-p1200-perchannel-john/heat/transformer.h.9.mlp.dense_h_to_4h.npy
4096128	2026-05-28T19:31:06.0000000000	./john/fullgrid/bloomz-3b-fullgrid-100m-p1200-perchannel-john/heat/transformer.h.0.mlp.dense_h_to_4h.npy
4096128	2026-05-28T19:31:06.0000000000	./john/fullgrid/bloomz-3b-fullgrid-100m-p1200-perchannel-john/heat/transformer.h.1.mlp.dense_h_to_4h.npy
4096128	2026-05-28T19:31:06.0000000000	./john/fullgrid/bloomz-3b-fullgrid-100m-p1200-perchannel-john/heat/transformer.h.10.mlp.dense_h_to_4h.npy
4096128	2026-05-28T19:31:06.0000000000	./john/fullgrid/bloomz-3b-fullgrid-100m-p1200-perchannel-john/heat/transformer.h.11.mlp.dense_h_to_4h.npy
4096128	2026-05-28T19:31:06.0000000000	./john/fullgrid/bloomz-3b-fullgrid-100m-p1200-perchannel-john/heat/transformer.h.12.mlp.dense_h_to_4h.npy
4096128	2026-05-28T19:31:06.0000000000	./john/fullgrid/bloomz-3b-fullgrid-100m-p1200-perchannel-john/heat/transformer.h.13.mlp.dense_h_to_4h.npy
4096128	2026-05-28T19:31:06.0000000000	./john/fullgrid/bloomz-3b-fullgrid-100m-p1200-perchannel-john/heat/transformer.h.14.mlp.dense_h_to_4h.npy
4096128	2026-05-28T19:31:06.0000000000	./john/fullgrid/bloomz-3b-fullgrid-100m-p1200-perchannel-john/heat/transformer.h.15.mlp.dense_h_to_4h.npy
4096128	2026-05-28T19:31:06.0000000000	./john/fullgrid/bloomz-3b-fullgrid-100m-p1200-perchannel-john/heat/transformer.h.16.mlp.dense_h_to_4h.npy
4096128	2026-05-28T19:31:06.0000000000	./john/fullgrid/bloomz-3b-fullgrid-100m-p1200-perchannel-john/heat/transformer.h.17.mlp.dense_h_to_4h.npy
4096128	2026-05-28T19:31:06.0000000000	./john/fullgrid/bloomz-3b-fullgrid-100m-p1200-perchannel-john/heat/transformer.h.18.mlp.dense_h_to_4h.npy
4096128	2026-05-28T19:31:06.0000000000	./john/fullgrid/bloomz-3b-fullgrid-100m-p1200-perchannel-john/heat/transformer.h.19.mlp.dense_h_to_4h.npy
4096128	2026-05-28T19:31:06.0000000000	./john/fullgrid/bloomz-3b-fullgrid-100m-p1200-perchannel-john/heat/transformer.h.2.mlp.dense_h_to_4h.npy
4096128	2026-05-28T19:31:06.0000000000	./john/fullgrid/bloomz-3b-fullgrid-100m-p1200-perchannel-john/heat/transformer.h.20.mlp.dense_h_to_4h.npy
4096128	2026-05-28T19:31:06.0000000000	./john/fullgrid/bloomz-3b-fullgrid-100m-p1200-perchannel-john/heat/transformer.h.21.mlp.dense_h_to_4h.npy
4096128	2026-05-28T19:31:06.0000000000	./john/fullgrid/bloomz-3b-fullgrid-100m-p1200-perchannel-john/heat/transformer.h.22.mlp.dense_h_to_4h.npy
4096128	2026-05-28T19:31:06.0000000000	./john/fullgrid/bloomz-3b-fullgrid-100m-p1200-perchannel-john/heat/transformer.h.23.mlp.dense_h_to_4h.npy
4096128	2026-05-28T19:31:06.0000000000	./john/fullgrid/bloomz-3b-fullgrid-100m-p1200-perchannel-john/heat/transformer.h.24.mlp.dense_h_to_4h.npy
4096128	2026-05-28T19:31:06.0000000000	./john/fullgrid/bloomz-3b-fullgrid-100m-p1200-perchannel-john/heat/transformer.h.25.mlp.dense_h_to_4h.npy
4096128	2026-05-28T19:31:06.0000000000	./john/fullgrid/bloomz-3b-fullgrid-100m-p1200-perchannel-john/heat/transformer.h.26.mlp.dense_h_to_4h.npy
4096128	2026-05-28T19:31:06.0000000000	./john/fullgrid/bloomz-3b-fullgrid-100m-p1200-perchannel-john/heat/transformer.h.27.mlp.dense_h_to_4h.npy
4096128	2026-05-28T19:31:06.0000000000	./john/fullgrid/bloomz-3b-fullgrid-100m-p1200-perchannel-john/heat/transformer.h.28.mlp.dense_h_to_4h.npy
4096128	2026-05-28T19:31:06.0000000000	./john/fullgrid/bloomz-3b-fullgrid-100m-p1200-perchannel-john/heat/transformer.h.29.mlp.dense_h_to_4h.npy
4096128	2026-05-28T19:31:06.0000000000	./john/fullgrid/bloomz-3b-fullgrid-100m-p1200-perchannel-john/heat/transformer.h.3.mlp.dense_h_to_4h.npy
4096128	2026-05-28T19:31:06.0000000000	./john/fullgrid/bloomz-3b-fullgrid-100m-p1200-perchannel-john/heat/transformer.h.4.mlp.dense_h_to_4h.npy
4096128	2026-05-28T19:31:06.0000000000	./john/fullgrid/bloomz-3b-fullgrid-100m-p1200-perchannel-john/heat/transformer.h.5.mlp.dense_h_to_4h.npy
4096128	2026-05-28T19:31:06.0000000000	./john/fullgrid/bloomz-3b-fullgrid-100m-p1200-perchannel-john/heat/transformer.h.6.mlp.dense_h_to_4h.npy
4096128	2026-05-28T19:31:06.0000000000	./john/fullgrid/bloomz-3b-fullgrid-100m-p1200-perchannel-john/heat/transformer.h.7.mlp.dense_h_to_4h.npy
4096128	2026-05-28T19:31:06.0000000000	./john/fullgrid/bloomz-3b-fullgrid-100m-p1200-perchannel-john/heat/transformer.h.8.mlp.dense_h_to_4h.npy
4096128	2026-05-28T19:31:06.0000000000	./john/fullgrid/bloomz-3b-fullgrid-100m-p1200-perchannel-john/heat/transformer.h.9.mlp.dense_h_to_4h.npy
41967506	2026-05-28T15:10:45.0000000000	./john/fullgrid/phi-2-fullgrid-100m-p1200-perchannel-john/quantile_edges.npz
42034802	2026-05-28T16:06:18.0000000000	./john/fullgrid/pythia-2.8b-fullgrid-100m-p1200-perchannel-john/quantile_edges.npz
42361012	2026-05-28T19:05:32.0000000000	./ai/fullgrid/gemma-2-2b-it-fullgrid-100m-p1200-perchannel/quantile_edges.npz
4403328	2026-05-28T11:07:19.0000000000	./john/fullgrid/qwen3b-fullgrid-100m-p180/heat/model.layers.0.mlp.gate_proj.npy
4403328	2026-05-28T11:07:19.0000000000	./john/fullgrid/qwen3b-fullgrid-100m-p180/heat/model.layers.0.mlp.up_proj.npy
4403328	2026-05-28T11:07:19.0000000000	./john/fullgrid/qwen3b-fullgrid-100m-p180/heat/model.layers.1.mlp.gate_proj.npy
4403328	2026-05-28T11:07:19.0000000000	./john/fullgrid/qwen3b-fullgrid-100m-p180/heat/model.layers.1.mlp.up_proj.npy
4403328	2026-05-28T11:07:19.0000000000	./john/fullgrid/qwen3b-fullgrid-100m-p180/heat/model.layers.10.mlp.gate_proj.npy
4403328	2026-05-28T11:07:19.0000000000	./john/fullgrid/qwen3b-fullgrid-100m-p180/heat/model.layers.10.mlp.up_proj.npy
4403328	2026-05-28T11:07:19.0000000000	./john/fullgrid/qwen3b-fullgrid-100m-p180/heat/model.layers.11.mlp.gate_proj.npy
4403328	2026-05-28T11:07:19.0000000000	./john/fullgrid/qwen3b-fullgrid-100m-p180/heat/model.layers.11.mlp.up_proj.npy
4403328	2026-05-28T11:07:19.0000000000	./john/fullgrid/qwen3b-fullgrid-100m-p180/heat/model.layers.12.mlp.gate_proj.npy
4403328	2026-05-28T11:07:19.0000000000	./john/fullgrid/qwen3b-fullgrid-100m-p180/heat/model.layers.12.mlp.up_proj.npy
4403328	2026-05-28T11:07:19.0000000000	./john/fullgrid/qwen3b-fullgrid-100m-p180/heat/model.layers.13.mlp.gate_proj.npy
4403328	2026-05-28T11:07:19.0000000000	./john/fullgrid/qwen3b-fullgrid-100m-p180/heat/model.layers.13.mlp.up_proj.npy
4403328	2026-05-28T11:07:19.0000000000	./john/fullgrid/qwen3b-fullgrid-100m-p180/heat/model.layers.14.mlp.gate_proj.npy
4403328	2026-05-28T11:07:19.0000000000	./john/fullgrid/qwen3b-fullgrid-100m-p180/heat/model.layers.14.mlp.up_proj.npy
4403328	2026-05-28T11:07:19.0000000000	./john/fullgrid/qwen3b-fullgrid-100m-p180/heat/model.layers.15.mlp.gate_proj.npy
4403328	2026-05-28T11:07:19.0000000000	./john/fullgrid/qwen3b-fullgrid-100m-p180/heat/model.layers.15.mlp.up_proj.npy
4403328	2026-05-28T11:07:19.0000000000	./john/fullgrid/qwen3b-fullgrid-100m-p180/heat/model.layers.16.mlp.gate_proj.npy
4403328	2026-05-28T11:07:19.0000000000	./john/fullgrid/qwen3b-fullgrid-100m-p180/heat/model.layers.16.mlp.up_proj.npy
4403328	2026-05-28T11:07:19.0000000000	./john/fullgrid/qwen3b-fullgrid-100m-p180/heat/model.layers.17.mlp.gate_proj.npy
4403328	2026-05-28T11:07:19.0000000000	./john/fullgrid/qwen3b-fullgrid-100m-p180/heat/model.layers.17.mlp.up_proj.npy
4403328	2026-05-28T11:07:19.0000000000	./john/fullgrid/qwen3b-fullgrid-100m-p180/heat/model.layers.18.mlp.gate_proj.npy
4403328	2026-05-28T11:07:19.0000000000	./john/fullgrid/qwen3b-fullgrid-100m-p180/heat/model.layers.18.mlp.up_proj.npy
4403328	2026-05-28T11:07:19.0000000000	./john/fullgrid/qwen3b-fullgrid-100m-p180/heat/model.layers.19.mlp.gate_proj.npy
4403328	2026-05-28T11:07:19.0000000000	./john/fullgrid/qwen3b-fullgrid-100m-p180/heat/model.layers.19.mlp.up_proj.npy
4403328	2026-05-28T11:07:19.0000000000	./john/fullgrid/qwen3b-fullgrid-100m-p180/heat/model.layers.2.mlp.gate_proj.npy
4403328	2026-05-28T11:07:19.0000000000	./john/fullgrid/qwen3b-fullgrid-100m-p180/heat/model.layers.2.mlp.up_proj.npy
4403328	2026-05-28T11:07:19.0000000000	./john/fullgrid/qwen3b-fullgrid-100m-p180/heat/model.layers.20.mlp.gate_proj.npy
4403328	2026-05-28T11:07:19.0000000000	./john/fullgrid/qwen3b-fullgrid-100m-p180/heat/model.layers.20.mlp.up_proj.npy
4403328	2026-05-28T11:07:19.0000000000	./john/fullgrid/qwen3b-fullgrid-100m-p180/heat/model.layers.21.mlp.gate_proj.npy
4403328	2026-05-28T11:07:19.0000000000	./john/fullgrid/qwen3b-fullgrid-100m-p180/heat/model.layers.21.mlp.up_proj.npy
4403328	2026-05-28T11:07:19.0000000000	./john/fullgrid/qwen3b-fullgrid-100m-p180/heat/model.layers.22.mlp.gate_proj.npy
4403328	2026-05-28T11:07:19.0000000000	./john/fullgrid/qwen3b-fullgrid-100m-p180/heat/model.layers.22.mlp.up_proj.npy
4403328	2026-05-28T11:07:19.0000000000	./john/fullgrid/qwen3b-fullgrid-100m-p180/heat/model.layers.23.mlp.gate_proj.npy
4403328	2026-05-28T11:07:19.0000000000	./john/fullgrid/qwen3b-fullgrid-100m-p180/heat/model.layers.23.mlp.up_proj.npy
4403328	2026-05-28T11:07:19.0000000000	./john/fullgrid/qwen3b-fullgrid-100m-p180/heat/model.layers.24.mlp.gate_proj.npy
4403328	2026-05-28T11:07:19.0000000000	./john/fullgrid/qwen3b-fullgrid-100m-p180/heat/model.layers.24.mlp.up_proj.npy
4403328	2026-05-28T11:07:19.0000000000	./john/fullgrid/qwen3b-fullgrid-100m-p180/heat/model.layers.25.mlp.gate_proj.npy
4403328	2026-05-28T11:07:19.0000000000	./john/fullgrid/qwen3b-fullgrid-100m-p180/heat/model.layers.25.mlp.up_proj.npy
4403328	2026-05-28T11:07:19.0000000000	./john/fullgrid/qwen3b-fullgrid-100m-p180/heat/model.layers.26.mlp.gate_proj.npy
4403328	2026-05-28T11:07:19.0000000000	./john/fullgrid/qwen3b-fullgrid-100m-p180/heat/model.layers.26.mlp.up_proj.npy
4403328	2026-05-28T11:07:19.0000000000	./john/fullgrid/qwen3b-fullgrid-100m-p180/heat/model.layers.27.mlp.gate_proj.npy
4403328	2026-05-28T11:07:19.0000000000	./john/fullgrid/qwen3b-fullgrid-100m-p180/heat/model.layers.27.mlp.up_proj.npy
4403328	2026-05-28T11:07:19.0000000000	./john/fullgrid/qwen3b-fullgrid-100m-p180/heat/model.layers.28.mlp.gate_proj.npy
4403328	2026-05-28T11:07:19.0000000000	./john/fullgrid/qwen3b-fullgrid-100m-p180/heat/model.layers.28.mlp.up_proj.npy
4403328	2026-05-28T11:07:19.0000000000	./john/fullgrid/qwen3b-fullgrid-100m-p180/heat/model.layers.29.mlp.gate_proj.npy
4403328	2026-05-28T11:07:19.0000000000	./john/fullgrid/qwen3b-fullgrid-100m-p180/heat/model.layers.29.mlp.up_proj.npy
4403328	2026-05-28T11:07:19.0000000000	./john/fullgrid/qwen3b-fullgrid-100m-p180/heat/model.layers.3.mlp.gate_proj.npy
4403328	2026-05-28T11:07:19.0000000000	./john/fullgrid/qwen3b-fullgrid-100m-p180/heat/model.layers.3.mlp.up_proj.npy
4403328	2026-05-28T11:07:19.0000000000	./john/fullgrid/qwen3b-fullgrid-100m-p180/heat/model.layers.30.mlp.gate_proj.npy
4403328	2026-05-28T11:07:19.0000000000	./john/fullgrid/qwen3b-fullgrid-100m-p180/heat/model.layers.30.mlp.up_proj.npy
4403328	2026-05-28T11:07:19.0000000000	./john/fullgrid/qwen3b-fullgrid-100m-p180/heat/model.layers.31.mlp.gate_proj.npy
4403328	2026-05-28T11:07:19.0000000000	./john/fullgrid/qwen3b-fullgrid-100m-p180/heat/model.layers.31.mlp.up_proj.npy
4403328	2026-05-28T11:07:19.0000000000	./john/fullgrid/qwen3b-fullgrid-100m-p180/heat/model.layers.32.mlp.gate_proj.npy
4403328	2026-05-28T11:07:19.0000000000	./john/fullgrid/qwen3b-fullgrid-100m-p180/heat/model.layers.32.mlp.up_proj.npy
4403328	2026-05-28T11:07:19.0000000000	./john/fullgrid/qwen3b-fullgrid-100m-p180/heat/model.layers.33.mlp.gate_proj.npy
4403328	2026-05-28T11:07:19.0000000000	./john/fullgrid/qwen3b-fullgrid-100m-p180/heat/model.layers.33.mlp.up_proj.npy
4403328	2026-05-28T11:07:19.0000000000	./john/fullgrid/qwen3b-fullgrid-100m-p180/heat/model.layers.34.mlp.gate_proj.npy
4403328	2026-05-28T11:07:19.0000000000	./john/fullgrid/qwen3b-fullgrid-100m-p180/heat/model.layers.34.mlp.up_proj.npy
4403328	2026-05-28T11:07:19.0000000000	./john/fullgrid/qwen3b-fullgrid-100m-p180/heat/model.layers.35.mlp.gate_proj.npy
4403328	2026-05-28T11:07:19.0000000000	./john/fullgrid/qwen3b-fullgrid-100m-p180/heat/model.layers.35.mlp.up_proj.npy
4403328	2026-05-28T11:07:19.0000000000	./john/fullgrid/qwen3b-fullgrid-100m-p180/heat/model.layers.4.mlp.gate_proj.npy
4403328	2026-05-28T11:07:19.0000000000	./john/fullgrid/qwen3b-fullgrid-100m-p180/heat/model.layers.4.mlp.up_proj.npy
4403328	2026-05-28T11:07:19.0000000000	./john/fullgrid/qwen3b-fullgrid-100m-p180/heat/model.layers.5.mlp.gate_proj.npy
4403328	2026-05-28T11:07:19.0000000000	./john/fullgrid/qwen3b-fullgrid-100m-p180/heat/model.layers.5.mlp.up_proj.npy
4403328	2026-05-28T11:07:19.0000000000	./john/fullgrid/qwen3b-fullgrid-100m-p180/heat/model.layers.6.mlp.gate_proj.npy
4403328	2026-05-28T11:07:19.0000000000	./john/fullgrid/qwen3b-fullgrid-100m-p180/heat/model.layers.6.mlp.up_proj.npy
4403328	2026-05-28T11:07:19.0000000000	./john/fullgrid/qwen3b-fullgrid-100m-p180/heat/model.layers.7.mlp.gate_proj.npy
4403328	2026-05-28T11:07:19.0000000000	./john/fullgrid/qwen3b-fullgrid-100m-p180/heat/model.layers.7.mlp.up_proj.npy
4403328	2026-05-28T11:07:19.0000000000	./john/fullgrid/qwen3b-fullgrid-100m-p180/heat/model.layers.8.mlp.gate_proj.npy
4403328	2026-05-28T11:07:19.0000000000	./john/fullgrid/qwen3b-fullgrid-100m-p180/heat/model.layers.8.mlp.up_proj.npy
4403328	2026-05-28T11:07:19.0000000000	./john/fullgrid/qwen3b-fullgrid-100m-p180/heat/model.layers.9.mlp.gate_proj.npy
4403328	2026-05-28T11:07:19.0000000000	./john/fullgrid/qwen3b-fullgrid-100m-p180/heat/model.layers.9.mlp.up_proj.npy
4403328	2026-05-28T11:09:19.0000000000	./john/fullgrid/qwen3b-fullgrid-100m-p600/heat/model.layers.0.mlp.gate_proj.npy
4403328	2026-05-28T11:09:19.0000000000	./john/fullgrid/qwen3b-fullgrid-100m-p600/heat/model.layers.0.mlp.up_proj.npy
4403328	2026-05-28T11:09:19.0000000000	./john/fullgrid/qwen3b-fullgrid-100m-p600/heat/model.layers.1.mlp.gate_proj.npy
4403328	2026-05-28T11:09:19.0000000000	./john/fullgrid/qwen3b-fullgrid-100m-p600/heat/model.layers.1.mlp.up_proj.npy
4403328	2026-05-28T11:09:19.0000000000	./john/fullgrid/qwen3b-fullgrid-100m-p600/heat/model.layers.10.mlp.gate_proj.npy
4403328	2026-05-28T11:09:19.0000000000	./john/fullgrid/qwen3b-fullgrid-100m-p600/heat/model.layers.10.mlp.up_proj.npy
4403328	2026-05-28T11:09:19.0000000000	./john/fullgrid/qwen3b-fullgrid-100m-p600/heat/model.layers.11.mlp.gate_proj.npy
4403328	2026-05-28T11:09:19.0000000000	./john/fullgrid/qwen3b-fullgrid-100m-p600/heat/model.layers.11.mlp.up_proj.npy
4403328	2026-05-28T11:09:19.0000000000	./john/fullgrid/qwen3b-fullgrid-100m-p600/heat/model.layers.12.mlp.gate_proj.npy
4403328	2026-05-28T11:09:19.0000000000	./john/fullgrid/qwen3b-fullgrid-100m-p600/heat/model.layers.12.mlp.up_proj.npy
4403328	2026-05-28T11:09:19.0000000000	./john/fullgrid/qwen3b-fullgrid-100m-p600/heat/model.layers.13.mlp.gate_proj.npy
4403328	2026-05-28T11:09:19.0000000000	./john/fullgrid/qwen3b-fullgrid-100m-p600/heat/model.layers.13.mlp.up_proj.npy
4403328	2026-05-28T11:09:19.0000000000	./john/fullgrid/qwen3b-fullgrid-100m-p600/heat/model.layers.14.mlp.gate_proj.npy
4403328	2026-05-28T11:09:19.0000000000	./john/fullgrid/qwen3b-fullgrid-100m-p600/heat/model.layers.14.mlp.up_proj.npy
4403328	2026-05-28T11:09:19.0000000000	./john/fullgrid/qwen3b-fullgrid-100m-p600/heat/model.layers.15.mlp.gate_proj.npy
4403328	2026-05-28T11:09:19.0000000000	./john/fullgrid/qwen3b-fullgrid-100m-p600/heat/model.layers.15.mlp.up_proj.npy
4403328	2026-05-28T11:09:19.0000000000	./john/fullgrid/qwen3b-fullgrid-100m-p600/heat/model.layers.16.mlp.gate_proj.npy
4403328	2026-05-28T11:09:19.0000000000	./john/fullgrid/qwen3b-fullgrid-100m-p600/heat/model.layers.16.mlp.up_proj.npy
4403328	2026-05-28T11:09:19.0000000000	./john/fullgrid/qwen3b-fullgrid-100m-p600/heat/model.layers.17.mlp.gate_proj.npy
4403328	2026-05-28T11:09:19.0000000000	./john/fullgrid/qwen3b-fullgrid-100m-p600/heat/model.layers.17.mlp.up_proj.npy
4403328	2026-05-28T11:09:19.0000000000	./john/fullgrid/qwen3b-fullgrid-100m-p600/heat/model.layers.18.mlp.gate_proj.npy
4403328	2026-05-28T11:09:19.0000000000	./john/fullgrid/qwen3b-fullgrid-100m-p600/heat/model.layers.18.mlp.up_proj.npy
4403328	2026-05-28T11:09:19.0000000000	./john/fullgrid/qwen3b-fullgrid-100m-p600/heat/model.layers.19.mlp.gate_proj.npy
4403328	2026-05-28T11:09:19.0000000000	./john/fullgrid/qwen3b-fullgrid-100m-p600/heat/model.layers.19.mlp.up_proj.npy
4403328	2026-05-28T11:09:19.0000000000	./john/fullgrid/qwen3b-fullgrid-100m-p600/heat/model.layers.2.mlp.gate_proj.npy
4403328	2026-05-28T11:09:19.0000000000	./john/fullgrid/qwen3b-fullgrid-100m-p600/heat/model.layers.2.mlp.up_proj.npy
4403328	2026-05-28T11:09:19.0000000000	./john/fullgrid/qwen3b-fullgrid-100m-p600/heat/model.layers.20.mlp.gate_proj.npy
4403328	2026-05-28T11:09:19.0000000000	./john/fullgrid/qwen3b-fullgrid-100m-p600/heat/model.layers.20.mlp.up_proj.npy
4403328	2026-05-28T11:09:19.0000000000	./john/fullgrid/qwen3b-fullgrid-100m-p600/heat/model.layers.21.mlp.gate_proj.npy
4403328	2026-05-28T11:09:19.0000000000	./john/fullgrid/qwen3b-fullgrid-100m-p600/heat/model.layers.21.mlp.up_proj.npy
4403328	2026-05-28T11:09:19.0000000000	./john/fullgrid/qwen3b-fullgrid-100m-p600/heat/model.layers.22.mlp.gate_proj.npy
4403328	2026-05-28T11:09:19.0000000000	./john/fullgrid/qwen3b-fullgrid-100m-p600/heat/model.layers.22.mlp.up_proj.npy
4403328	2026-05-28T11:09:19.0000000000	./john/fullgrid/qwen3b-fullgrid-100m-p600/heat/model.layers.23.mlp.gate_proj.npy
4403328	2026-05-28T11:09:19.0000000000	./john/fullgrid/qwen3b-fullgrid-100m-p600/heat/model.layers.23.mlp.up_proj.npy
4403328	2026-05-28T11:09:19.0000000000	./john/fullgrid/qwen3b-fullgrid-100m-p600/heat/model.layers.24.mlp.gate_proj.npy
4403328	2026-05-28T11:09:19.0000000000	./john/fullgrid/qwen3b-fullgrid-100m-p600/heat/model.layers.24.mlp.up_proj.npy
4403328	2026-05-28T11:09:19.0000000000	./john/fullgrid/qwen3b-fullgrid-100m-p600/heat/model.layers.25.mlp.gate_proj.npy
4403328	2026-05-28T11:09:19.0000000000	./john/fullgrid/qwen3b-fullgrid-100m-p600/heat/model.layers.25.mlp.up_proj.npy
4403328	2026-05-28T11:09:19.0000000000	./john/fullgrid/qwen3b-fullgrid-100m-p600/heat/model.layers.26.mlp.gate_proj.npy
4403328	2026-05-28T11:09:19.0000000000	./john/fullgrid/qwen3b-fullgrid-100m-p600/heat/model.layers.26.mlp.up_proj.npy
4403328	2026-05-28T11:09:19.0000000000	./john/fullgrid/qwen3b-fullgrid-100m-p600/heat/model.layers.27.mlp.gate_proj.npy
4403328	2026-05-28T11:09:19.0000000000	./john/fullgrid/qwen3b-fullgrid-100m-p600/heat/model.layers.27.mlp.up_proj.npy
4403328	2026-05-28T11:09:19.0000000000	./john/fullgrid/qwen3b-fullgrid-100m-p600/heat/model.layers.28.mlp.gate_proj.npy
4403328	2026-05-28T11:09:19.0000000000	./john/fullgrid/qwen3b-fullgrid-100m-p600/heat/model.layers.28.mlp.up_proj.npy
4403328	2026-05-28T11:09:19.0000000000	./john/fullgrid/qwen3b-fullgrid-100m-p600/heat/model.layers.3.mlp.gate_proj.npy
4403328	2026-05-28T11:09:19.0000000000	./john/fullgrid/qwen3b-fullgrid-100m-p600/heat/model.layers.3.mlp.up_proj.npy
4403328	2026-05-28T11:09:19.0000000000	./john/fullgrid/qwen3b-fullgrid-100m-p600/heat/model.layers.4.mlp.gate_proj.npy
4403328	2026-05-28T11:09:19.0000000000	./john/fullgrid/qwen3b-fullgrid-100m-p600/heat/model.layers.4.mlp.up_proj.npy
4403328	2026-05-28T11:09:19.0000000000	./john/fullgrid/qwen3b-fullgrid-100m-p600/heat/model.layers.5.mlp.gate_proj.npy
4403328	2026-05-28T11:09:19.0000000000	./john/fullgrid/qwen3b-fullgrid-100m-p600/heat/model.layers.5.mlp.up_proj.npy
4403328	2026-05-28T11:09:19.0000000000	./john/fullgrid/qwen3b-fullgrid-100m-p600/heat/model.layers.6.mlp.gate_proj.npy
4403328	2026-05-28T11:09:19.0000000000	./john/fullgrid/qwen3b-fullgrid-100m-p600/heat/model.layers.6.mlp.up_proj.npy
4403328	2026-05-28T11:09:19.0000000000	./john/fullgrid/qwen3b-fullgrid-100m-p600/heat/model.layers.7.mlp.gate_proj.npy
4403328	2026-05-28T11:09:19.0000000000	./john/fullgrid/qwen3b-fullgrid-100m-p600/heat/model.layers.7.mlp.up_proj.npy
4403328	2026-05-28T11:09:19.0000000000	./john/fullgrid/qwen3b-fullgrid-100m-p600/heat/model.layers.8.mlp.gate_proj.npy
4403328	2026-05-28T11:09:19.0000000000	./john/fullgrid/qwen3b-fullgrid-100m-p600/heat/model.layers.8.mlp.up_proj.npy
4403328	2026-05-28T11:09:19.0000000000	./john/fullgrid/qwen3b-fullgrid-100m-p600/heat/model.layers.9.mlp.gate_proj.npy
4403328	2026-05-28T11:09:19.0000000000	./john/fullgrid/qwen3b-fullgrid-100m-p600/heat/model.layers.9.mlp.up_proj.npy
4403328	2026-05-28T11:09:20.0000000000	./john/fullgrid/qwen3b-fullgrid-100m-p600/heat/model.layers.29.mlp.gate_proj.npy
4403328	2026-05-28T11:09:20.0000000000	./john/fullgrid/qwen3b-fullgrid-100m-p600/heat/model.layers.29.mlp.up_proj.npy
4403328	2026-05-28T11:09:20.0000000000	./john/fullgrid/qwen3b-fullgrid-100m-p600/heat/model.layers.30.mlp.gate_proj.npy
4403328	2026-05-28T11:09:20.0000000000	./john/fullgrid/qwen3b-fullgrid-100m-p600/heat/model.layers.30.mlp.up_proj.npy
4403328	2026-05-28T11:09:20.0000000000	./john/fullgrid/qwen3b-fullgrid-100m-p600/heat/model.layers.31.mlp.gate_proj.npy
4403328	2026-05-28T11:09:20.0000000000	./john/fullgrid/qwen3b-fullgrid-100m-p600/heat/model.layers.31.mlp.up_proj.npy
4403328	2026-05-28T11:09:20.0000000000	./john/fullgrid/qwen3b-fullgrid-100m-p600/heat/model.layers.32.mlp.gate_proj.npy
4403328	2026-05-28T11:09:20.0000000000	./john/fullgrid/qwen3b-fullgrid-100m-p600/heat/model.layers.32.mlp.up_proj.npy
4403328	2026-05-28T11:09:20.0000000000	./john/fullgrid/qwen3b-fullgrid-100m-p600/heat/model.layers.33.mlp.gate_proj.npy
4403328	2026-05-28T11:09:20.0000000000	./john/fullgrid/qwen3b-fullgrid-100m-p600/heat/model.layers.33.mlp.up_proj.npy
4403328	2026-05-28T11:09:20.0000000000	./john/fullgrid/qwen3b-fullgrid-100m-p600/heat/model.layers.34.mlp.gate_proj.npy
4403328	2026-05-28T11:09:20.0000000000	./john/fullgrid/qwen3b-fullgrid-100m-p600/heat/model.layers.34.mlp.up_proj.npy
4403328	2026-05-28T11:09:20.0000000000	./john/fullgrid/qwen3b-fullgrid-100m-p600/heat/model.layers.35.mlp.gate_proj.npy
4403328	2026-05-28T11:09:20.0000000000	./john/fullgrid/qwen3b-fullgrid-100m-p600/heat/model.layers.35.mlp.up_proj.npy
4403328	2026-05-28T12:20:35.0000000000	./john/fullgrid/qwen3b-fullgrid-100m-p1200-perchannel/heat/model.layers.0.mlp.gate_proj.npy
4403328	2026-05-28T12:20:35.0000000000	./john/fullgrid/qwen3b-fullgrid-100m-p1200-perchannel/heat/model.layers.0.mlp.up_proj.npy
4403328	2026-05-28T12:20:35.0000000000	./john/fullgrid/qwen3b-fullgrid-100m-p1200-perchannel/heat/model.layers.1.mlp.gate_proj.npy
4403328	2026-05-28T12:20:35.0000000000	./john/fullgrid/qwen3b-fullgrid-100m-p1200-perchannel/heat/model.layers.1.mlp.up_proj.npy
4403328	2026-05-28T12:20:35.0000000000	./john/fullgrid/qwen3b-fullgrid-100m-p1200-perchannel/heat/model.layers.10.mlp.gate_proj.npy
4403328	2026-05-28T12:20:35.0000000000	./john/fullgrid/qwen3b-fullgrid-100m-p1200-perchannel/heat/model.layers.10.mlp.up_proj.npy
4403328	2026-05-28T12:20:35.0000000000	./john/fullgrid/qwen3b-fullgrid-100m-p1200-perchannel/heat/model.layers.11.mlp.gate_proj.npy
4403328	2026-05-28T12:20:35.0000000000	./john/fullgrid/qwen3b-fullgrid-100m-p1200-perchannel/heat/model.layers.11.mlp.up_proj.npy
4403328	2026-05-28T12:20:35.0000000000	./john/fullgrid/qwen3b-fullgrid-100m-p1200-perchannel/heat/model.layers.12.mlp.gate_proj.npy
4403328	2026-05-28T12:20:35.0000000000	./john/fullgrid/qwen3b-fullgrid-100m-p1200-perchannel/heat/model.layers.12.mlp.up_proj.npy
4403328	2026-05-28T12:20:35.0000000000	./john/fullgrid/qwen3b-fullgrid-100m-p1200-perchannel/heat/model.layers.2.mlp.gate_proj.npy
4403328	2026-05-28T12:20:35.0000000000	./john/fullgrid/qwen3b-fullgrid-100m-p1200-perchannel/heat/model.layers.2.mlp.up_proj.npy
4403328	2026-05-28T12:20:35.0000000000	./john/fullgrid/qwen3b-fullgrid-100m-p1200-perchannel/heat/model.layers.3.mlp.gate_proj.npy
4403328	2026-05-28T12:20:35.0000000000	./john/fullgrid/qwen3b-fullgrid-100m-p1200-perchannel/heat/model.layers.3.mlp.up_proj.npy
4403328	2026-05-28T12:20:35.0000000000	./john/fullgrid/qwen3b-fullgrid-100m-p1200-perchannel/heat/model.layers.4.mlp.gate_proj.npy
4403328	2026-05-28T12:20:35.0000000000	./john/fullgrid/qwen3b-fullgrid-100m-p1200-perchannel/heat/model.layers.4.mlp.up_proj.npy
4403328	2026-05-28T12:20:35.0000000000	./john/fullgrid/qwen3b-fullgrid-100m-p1200-perchannel/heat/model.layers.5.mlp.gate_proj.npy
4403328	2026-05-28T12:20:35.0000000000	./john/fullgrid/qwen3b-fullgrid-100m-p1200-perchannel/heat/model.layers.5.mlp.up_proj.npy
4403328	2026-05-28T12:20:35.0000000000	./john/fullgrid/qwen3b-fullgrid-100m-p1200-perchannel/heat/model.layers.6.mlp.gate_proj.npy
4403328	2026-05-28T12:20:35.0000000000	./john/fullgrid/qwen3b-fullgrid-100m-p1200-perchannel/heat/model.layers.6.mlp.up_proj.npy
4403328	2026-05-28T12:20:35.0000000000	./john/fullgrid/qwen3b-fullgrid-100m-p1200-perchannel/heat/model.layers.7.mlp.gate_proj.npy
4403328	2026-05-28T12:20:35.0000000000	./john/fullgrid/qwen3b-fullgrid-100m-p1200-perchannel/heat/model.layers.7.mlp.up_proj.npy
4403328	2026-05-28T12:20:35.0000000000	./john/fullgrid/qwen3b-fullgrid-100m-p1200-perchannel/heat/model.layers.8.mlp.gate_proj.npy
4403328	2026-05-28T12:20:35.0000000000	./john/fullgrid/qwen3b-fullgrid-100m-p1200-perchannel/heat/model.layers.8.mlp.up_proj.npy
4403328	2026-05-28T12:20:35.0000000000	./john/fullgrid/qwen3b-fullgrid-100m-p1200-perchannel/heat/model.layers.9.mlp.gate_proj.npy
4403328	2026-05-28T12:20:35.0000000000	./john/fullgrid/qwen3b-fullgrid-100m-p1200-perchannel/heat/model.layers.9.mlp.up_proj.npy
4403328	2026-05-28T12:20:36.0000000000	./john/fullgrid/qwen3b-fullgrid-100m-p1200-perchannel/heat/model.layers.13.mlp.gate_proj.npy
4403328	2026-05-28T12:20:36.0000000000	./john/fullgrid/qwen3b-fullgrid-100m-p1200-perchannel/heat/model.layers.13.mlp.up_proj.npy
4403328	2026-05-28T12:20:36.0000000000	./john/fullgrid/qwen3b-fullgrid-100m-p1200-perchannel/heat/model.layers.14.mlp.gate_proj.npy
4403328	2026-05-28T12:20:36.0000000000	./john/fullgrid/qwen3b-fullgrid-100m-p1200-perchannel/heat/model.layers.14.mlp.up_proj.npy
4403328	2026-05-28T12:20:36.0000000000	./john/fullgrid/qwen3b-fullgrid-100m-p1200-perchannel/heat/model.layers.15.mlp.gate_proj.npy
4403328	2026-05-28T12:20:36.0000000000	./john/fullgrid/qwen3b-fullgrid-100m-p1200-perchannel/heat/model.layers.15.mlp.up_proj.npy
4403328	2026-05-28T12:20:36.0000000000	./john/fullgrid/qwen3b-fullgrid-100m-p1200-perchannel/heat/model.layers.16.mlp.gate_proj.npy
4403328	2026-05-28T12:20:36.0000000000	./john/fullgrid/qwen3b-fullgrid-100m-p1200-perchannel/heat/model.layers.16.mlp.up_proj.npy
4403328	2026-05-28T12:20:36.0000000000	./john/fullgrid/qwen3b-fullgrid-100m-p1200-perchannel/heat/model.layers.17.mlp.gate_proj.npy
4403328	2026-05-28T12:20:36.0000000000	./john/fullgrid/qwen3b-fullgrid-100m-p1200-perchannel/heat/model.layers.17.mlp.up_proj.npy
4403328	2026-05-28T12:20:36.0000000000	./john/fullgrid/qwen3b-fullgrid-100m-p1200-perchannel/heat/model.layers.18.mlp.gate_proj.npy
4403328	2026-05-28T12:20:36.0000000000	./john/fullgrid/qwen3b-fullgrid-100m-p1200-perchannel/heat/model.layers.18.mlp.up_proj.npy
4403328	2026-05-28T12:20:36.0000000000	./john/fullgrid/qwen3b-fullgrid-100m-p1200-perchannel/heat/model.layers.19.mlp.gate_proj.npy
4403328	2026-05-28T12:20:36.0000000000	./john/fullgrid/qwen3b-fullgrid-100m-p1200-perchannel/heat/model.layers.19.mlp.up_proj.npy
4403328	2026-05-28T12:20:36.0000000000	./john/fullgrid/qwen3b-fullgrid-100m-p1200-perchannel/heat/model.layers.20.mlp.gate_proj.npy
4403328	2026-05-28T12:20:36.0000000000	./john/fullgrid/qwen3b-fullgrid-100m-p1200-perchannel/heat/model.layers.20.mlp.up_proj.npy
4403328	2026-05-28T12:20:36.0000000000	./john/fullgrid/qwen3b-fullgrid-100m-p1200-perchannel/heat/model.layers.21.mlp.gate_proj.npy
4403328	2026-05-28T12:20:36.0000000000	./john/fullgrid/qwen3b-fullgrid-100m-p1200-perchannel/heat/model.layers.21.mlp.up_proj.npy
4403328	2026-05-28T12:20:36.0000000000	./john/fullgrid/qwen3b-fullgrid-100m-p1200-perchannel/heat/model.layers.22.mlp.gate_proj.npy
4403328	2026-05-28T12:20:36.0000000000	./john/fullgrid/qwen3b-fullgrid-100m-p1200-perchannel/heat/model.layers.22.mlp.up_proj.npy
4403328	2026-05-28T12:20:36.0000000000	./john/fullgrid/qwen3b-fullgrid-100m-p1200-perchannel/heat/model.layers.23.mlp.gate_proj.npy
4403328	2026-05-28T12:20:36.0000000000	./john/fullgrid/qwen3b-fullgrid-100m-p1200-perchannel/heat/model.layers.23.mlp.up_proj.npy
4403328	2026-05-28T12:20:36.0000000000	./john/fullgrid/qwen3b-fullgrid-100m-p1200-perchannel/heat/model.layers.24.mlp.gate_proj.npy
4403328	2026-05-28T12:20:36.0000000000	./john/fullgrid/qwen3b-fullgrid-100m-p1200-perchannel/heat/model.layers.24.mlp.up_proj.npy
4403328	2026-05-28T12:20:36.0000000000	./john/fullgrid/qwen3b-fullgrid-100m-p1200-perchannel/heat/model.layers.25.mlp.gate_proj.npy
4403328	2026-05-28T12:20:36.0000000000	./john/fullgrid/qwen3b-fullgrid-100m-p1200-perchannel/heat/model.layers.25.mlp.up_proj.npy
4403328	2026-05-28T12:20:36.0000000000	./john/fullgrid/qwen3b-fullgrid-100m-p1200-perchannel/heat/model.layers.26.mlp.gate_proj.npy
4403328	2026-05-28T12:20:36.0000000000	./john/fullgrid/qwen3b-fullgrid-100m-p1200-perchannel/heat/model.layers.26.mlp.up_proj.npy
4403328	2026-05-28T12:20:36.0000000000	./john/fullgrid/qwen3b-fullgrid-100m-p1200-perchannel/heat/model.layers.27.mlp.gate_proj.npy
4403328	2026-05-28T12:20:36.0000000000	./john/fullgrid/qwen3b-fullgrid-100m-p1200-perchannel/heat/model.layers.27.mlp.up_proj.npy
4403328	2026-05-28T12:20:36.0000000000	./john/fullgrid/qwen3b-fullgrid-100m-p1200-perchannel/heat/model.layers.28.mlp.gate_proj.npy
4403328	2026-05-28T12:20:36.0000000000	./john/fullgrid/qwen3b-fullgrid-100m-p1200-perchannel/heat/model.layers.28.mlp.up_proj.npy
4403328	2026-05-28T12:20:36.0000000000	./john/fullgrid/qwen3b-fullgrid-100m-p1200-perchannel/heat/model.layers.29.mlp.gate_proj.npy
4403328	2026-05-28T12:20:36.0000000000	./john/fullgrid/qwen3b-fullgrid-100m-p1200-perchannel/heat/model.layers.29.mlp.up_proj.npy
4403328	2026-05-28T12:20:36.0000000000	./john/fullgrid/qwen3b-fullgrid-100m-p1200-perchannel/heat/model.layers.30.mlp.gate_proj.npy
4403328	2026-05-28T12:20:36.0000000000	./john/fullgrid/qwen3b-fullgrid-100m-p1200-perchannel/heat/model.layers.30.mlp.up_proj.npy
4403328	2026-05-28T12:20:36.0000000000	./john/fullgrid/qwen3b-fullgrid-100m-p1200-perchannel/heat/model.layers.31.mlp.gate_proj.npy
4403328	2026-05-28T12:20:36.0000000000	./john/fullgrid/qwen3b-fullgrid-100m-p1200-perchannel/heat/model.layers.31.mlp.up_proj.npy
4403328	2026-05-28T12:20:36.0000000000	./john/fullgrid/qwen3b-fullgrid-100m-p1200-perchannel/heat/model.layers.32.mlp.gate_proj.npy
4403328	2026-05-28T12:20:36.0000000000	./john/fullgrid/qwen3b-fullgrid-100m-p1200-perchannel/heat/model.layers.32.mlp.up_proj.npy
4403328	2026-05-28T12:20:36.0000000000	./john/fullgrid/qwen3b-fullgrid-100m-p1200-perchannel/heat/model.layers.33.mlp.gate_proj.npy
4403328	2026-05-28T12:20:36.0000000000	./john/fullgrid/qwen3b-fullgrid-100m-p1200-perchannel/heat/model.layers.33.mlp.up_proj.npy
4403328	2026-05-28T12:20:36.0000000000	./john/fullgrid/qwen3b-fullgrid-100m-p1200-perchannel/heat/model.layers.34.mlp.gate_proj.npy
4403328	2026-05-28T12:20:36.0000000000	./john/fullgrid/qwen3b-fullgrid-100m-p1200-perchannel/heat/model.layers.34.mlp.up_proj.npy
4403328	2026-05-28T12:20:36.0000000000	./john/fullgrid/qwen3b-fullgrid-100m-p1200-perchannel/heat/model.layers.35.mlp.gate_proj.npy
4403328	2026-05-28T12:51:42.0000000000	./john/fullgrid/qwen3b-fullgrid-100m-p1200-perchannel-fd4096/heat/model.layers.0.mlp.gate_proj.npy
4403328	2026-05-28T12:51:42.0000000000	./john/fullgrid/qwen3b-fullgrid-100m-p1200-perchannel-fd4096/heat/model.layers.0.mlp.up_proj.npy
4403328	2026-05-28T12:51:42.0000000000	./john/fullgrid/qwen3b-fullgrid-100m-p1200-perchannel-fd4096/heat/model.layers.1.mlp.gate_proj.npy
4403328	2026-05-28T12:51:42.0000000000	./john/fullgrid/qwen3b-fullgrid-100m-p1200-perchannel-fd4096/heat/model.layers.1.mlp.up_proj.npy
4403328	2026-05-28T12:51:42.0000000000	./john/fullgrid/qwen3b-fullgrid-100m-p1200-perchannel-fd4096/heat/model.layers.10.mlp.gate_proj.npy
4403328	2026-05-28T12:51:42.0000000000	./john/fullgrid/qwen3b-fullgrid-100m-p1200-perchannel-fd4096/heat/model.layers.10.mlp.up_proj.npy
4403328	2026-05-28T12:51:42.0000000000	./john/fullgrid/qwen3b-fullgrid-100m-p1200-perchannel-fd4096/heat/model.layers.11.mlp.gate_proj.npy
4403328	2026-05-28T12:51:42.0000000000	./john/fullgrid/qwen3b-fullgrid-100m-p1200-perchannel-fd4096/heat/model.layers.11.mlp.up_proj.npy
4403328	2026-05-28T12:51:42.0000000000	./john/fullgrid/qwen3b-fullgrid-100m-p1200-perchannel-fd4096/heat/model.layers.12.mlp.gate_proj.npy
4403328	2026-05-28T12:51:42.0000000000	./john/fullgrid/qwen3b-fullgrid-100m-p1200-perchannel-fd4096/heat/model.layers.12.mlp.up_proj.npy
4403328	2026-05-28T12:51:42.0000000000	./john/fullgrid/qwen3b-fullgrid-100m-p1200-perchannel-fd4096/heat/model.layers.13.mlp.gate_proj.npy
4403328	2026-05-28T12:51:42.0000000000	./john/fullgrid/qwen3b-fullgrid-100m-p1200-perchannel-fd4096/heat/model.layers.13.mlp.up_proj.npy
4403328	2026-05-28T12:51:42.0000000000	./john/fullgrid/qwen3b-fullgrid-100m-p1200-perchannel-fd4096/heat/model.layers.14.mlp.gate_proj.npy
4403328	2026-05-28T12:51:42.0000000000	./john/fullgrid/qwen3b-fullgrid-100m-p1200-perchannel-fd4096/heat/model.layers.14.mlp.up_proj.npy
4403328	2026-05-28T12:51:42.0000000000	./john/fullgrid/qwen3b-fullgrid-100m-p1200-perchannel-fd4096/heat/model.layers.15.mlp.gate_proj.npy
4403328	2026-05-28T12:51:42.0000000000	./john/fullgrid/qwen3b-fullgrid-100m-p1200-perchannel-fd4096/heat/model.layers.15.mlp.up_proj.npy
4403328	2026-05-28T12:51:42.0000000000	./john/fullgrid/qwen3b-fullgrid-100m-p1200-perchannel-fd4096/heat/model.layers.16.mlp.gate_proj.npy
4403328	2026-05-28T12:51:42.0000000000	./john/fullgrid/qwen3b-fullgrid-100m-p1200-perchannel-fd4096/heat/model.layers.16.mlp.up_proj.npy
4403328	2026-05-28T12:51:42.0000000000	./john/fullgrid/qwen3b-fullgrid-100m-p1200-perchannel-fd4096/heat/model.layers.17.mlp.gate_proj.npy
4403328	2026-05-28T12:51:42.0000000000	./john/fullgrid/qwen3b-fullgrid-100m-p1200-perchannel-fd4096/heat/model.layers.17.mlp.up_proj.npy
4403328	2026-05-28T12:51:42.0000000000	./john/fullgrid/qwen3b-fullgrid-100m-p1200-perchannel-fd4096/heat/model.layers.18.mlp.gate_proj.npy
4403328	2026-05-28T12:51:42.0000000000	./john/fullgrid/qwen3b-fullgrid-100m-p1200-perchannel-fd4096/heat/model.layers.18.mlp.up_proj.npy
4403328	2026-05-28T12:51:42.0000000000	./john/fullgrid/qwen3b-fullgrid-100m-p1200-perchannel-fd4096/heat/model.layers.19.mlp.gate_proj.npy
4403328	2026-05-28T12:51:42.0000000000	./john/fullgrid/qwen3b-fullgrid-100m-p1200-perchannel-fd4096/heat/model.layers.2.mlp.gate_proj.npy
4403328	2026-05-28T12:51:42.0000000000	./john/fullgrid/qwen3b-fullgrid-100m-p1200-perchannel-fd4096/heat/model.layers.2.mlp.up_proj.npy
4403328	2026-05-28T12:51:42.0000000000	./john/fullgrid/qwen3b-fullgrid-100m-p1200-perchannel-fd4096/heat/model.layers.3.mlp.gate_proj.npy
4403328	2026-05-28T12:51:42.0000000000	./john/fullgrid/qwen3b-fullgrid-100m-p1200-perchannel-fd4096/heat/model.layers.3.mlp.up_proj.npy
4403328	2026-05-28T12:51:42.0000000000	./john/fullgrid/qwen3b-fullgrid-100m-p1200-perchannel-fd4096/heat/model.layers.4.mlp.gate_proj.npy
4403328	2026-05-28T12:51:42.0000000000	./john/fullgrid/qwen3b-fullgrid-100m-p1200-perchannel-fd4096/heat/model.layers.4.mlp.up_proj.npy
4403328	2026-05-28T12:51:42.0000000000	./john/fullgrid/qwen3b-fullgrid-100m-p1200-perchannel-fd4096/heat/model.layers.5.mlp.gate_proj.npy
4403328	2026-05-28T12:51:42.0000000000	./john/fullgrid/qwen3b-fullgrid-100m-p1200-perchannel-fd4096/heat/model.layers.5.mlp.up_proj.npy
4403328	2026-05-28T12:51:42.0000000000	./john/fullgrid/qwen3b-fullgrid-100m-p1200-perchannel-fd4096/heat/model.layers.6.mlp.gate_proj.npy
4403328	2026-05-28T12:51:42.0000000000	./john/fullgrid/qwen3b-fullgrid-100m-p1200-perchannel-fd4096/heat/model.layers.6.mlp.up_proj.npy
4403328	2026-05-28T12:51:42.0000000000	./john/fullgrid/qwen3b-fullgrid-100m-p1200-perchannel-fd4096/heat/model.layers.7.mlp.gate_proj.npy
4403328	2026-05-28T12:51:42.0000000000	./john/fullgrid/qwen3b-fullgrid-100m-p1200-perchannel-fd4096/heat/model.layers.7.mlp.up_proj.npy
4403328	2026-05-28T12:51:42.0000000000	./john/fullgrid/qwen3b-fullgrid-100m-p1200-perchannel-fd4096/heat/model.layers.8.mlp.gate_proj.npy
4403328	2026-05-28T12:51:42.0000000000	./john/fullgrid/qwen3b-fullgrid-100m-p1200-perchannel-fd4096/heat/model.layers.8.mlp.up_proj.npy
4403328	2026-05-28T12:51:42.0000000000	./john/fullgrid/qwen3b-fullgrid-100m-p1200-perchannel-fd4096/heat/model.layers.9.mlp.gate_proj.npy
4403328	2026-05-28T12:51:42.0000000000	./john/fullgrid/qwen3b-fullgrid-100m-p1200-perchannel-fd4096/heat/model.layers.9.mlp.up_proj.npy
4403328	2026-05-28T12:51:43.0000000000	./john/fullgrid/qwen3b-fullgrid-100m-p1200-perchannel-fd4096/heat/model.layers.19.mlp.up_proj.npy
4403328	2026-05-28T12:51:43.0000000000	./john/fullgrid/qwen3b-fullgrid-100m-p1200-perchannel-fd4096/heat/model.layers.20.mlp.gate_proj.npy
4403328	2026-05-28T12:51:43.0000000000	./john/fullgrid/qwen3b-fullgrid-100m-p1200-perchannel-fd4096/heat/model.layers.20.mlp.up_proj.npy
4403328	2026-05-28T12:51:43.0000000000	./john/fullgrid/qwen3b-fullgrid-100m-p1200-perchannel-fd4096/heat/model.layers.21.mlp.gate_proj.npy
4403328	2026-05-28T12:51:43.0000000000	./john/fullgrid/qwen3b-fullgrid-100m-p1200-perchannel-fd4096/heat/model.layers.21.mlp.up_proj.npy
4403328	2026-05-28T12:51:43.0000000000	./john/fullgrid/qwen3b-fullgrid-100m-p1200-perchannel-fd4096/heat/model.layers.22.mlp.gate_proj.npy
4403328	2026-05-28T12:51:43.0000000000	./john/fullgrid/qwen3b-fullgrid-100m-p1200-perchannel-fd4096/heat/model.layers.22.mlp.up_proj.npy
4403328	2026-05-28T12:51:43.0000000000	./john/fullgrid/qwen3b-fullgrid-100m-p1200-perchannel-fd4096/heat/model.layers.23.mlp.gate_proj.npy
4403328	2026-05-28T12:51:43.0000000000	./john/fullgrid/qwen3b-fullgrid-100m-p1200-perchannel-fd4096/heat/model.layers.23.mlp.up_proj.npy
4403328	2026-05-28T12:51:43.0000000000	./john/fullgrid/qwen3b-fullgrid-100m-p1200-perchannel-fd4096/heat/model.layers.24.mlp.gate_proj.npy
4403328	2026-05-28T12:51:43.0000000000	./john/fullgrid/qwen3b-fullgrid-100m-p1200-perchannel-fd4096/heat/model.layers.24.mlp.up_proj.npy
4403328	2026-05-28T12:51:43.0000000000	./john/fullgrid/qwen3b-fullgrid-100m-p1200-perchannel-fd4096/heat/model.layers.25.mlp.gate_proj.npy
4403328	2026-05-28T12:51:43.0000000000	./john/fullgrid/qwen3b-fullgrid-100m-p1200-perchannel-fd4096/heat/model.layers.25.mlp.up_proj.npy
4403328	2026-05-28T12:51:43.0000000000	./john/fullgrid/qwen3b-fullgrid-100m-p1200-perchannel-fd4096/heat/model.layers.26.mlp.gate_proj.npy
4403328	2026-05-28T12:51:43.0000000000	./john/fullgrid/qwen3b-fullgrid-100m-p1200-perchannel-fd4096/heat/model.layers.26.mlp.up_proj.npy
4403328	2026-05-28T12:51:43.0000000000	./john/fullgrid/qwen3b-fullgrid-100m-p1200-perchannel-fd4096/heat/model.layers.27.mlp.gate_proj.npy
4403328	2026-05-28T12:51:43.0000000000	./john/fullgrid/qwen3b-fullgrid-100m-p1200-perchannel-fd4096/heat/model.layers.27.mlp.up_proj.npy
4403328	2026-05-28T12:51:43.0000000000	./john/fullgrid/qwen3b-fullgrid-100m-p1200-perchannel-fd4096/heat/model.layers.28.mlp.gate_proj.npy
4403328	2026-05-28T12:51:43.0000000000	./john/fullgrid/qwen3b-fullgrid-100m-p1200-perchannel-fd4096/heat/model.layers.28.mlp.up_proj.npy
4403328	2026-05-28T12:51:43.0000000000	./john/fullgrid/qwen3b-fullgrid-100m-p1200-perchannel-fd4096/heat/model.layers.29.mlp.gate_proj.npy
4403328	2026-05-28T12:51:43.0000000000	./john/fullgrid/qwen3b-fullgrid-100m-p1200-perchannel-fd4096/heat/model.layers.29.mlp.up_proj.npy
4403328	2026-05-28T12:51:43.0000000000	./john/fullgrid/qwen3b-fullgrid-100m-p1200-perchannel-fd4096/heat/model.layers.30.mlp.gate_proj.npy
4403328	2026-05-28T12:51:43.0000000000	./john/fullgrid/qwen3b-fullgrid-100m-p1200-perchannel-fd4096/heat/model.layers.30.mlp.up_proj.npy
4403328	2026-05-28T12:51:43.0000000000	./john/fullgrid/qwen3b-fullgrid-100m-p1200-perchannel-fd4096/heat/model.layers.31.mlp.gate_proj.npy
4403328	2026-05-28T12:51:43.0000000000	./john/fullgrid/qwen3b-fullgrid-100m-p1200-perchannel-fd4096/heat/model.layers.31.mlp.up_proj.npy
4403328	2026-05-28T12:51:43.0000000000	./john/fullgrid/qwen3b-fullgrid-100m-p1200-perchannel-fd4096/heat/model.layers.32.mlp.gate_proj.npy
4403328	2026-05-28T12:51:43.0000000000	./john/fullgrid/qwen3b-fullgrid-100m-p1200-perchannel-fd4096/heat/model.layers.32.mlp.up_proj.npy
4403328	2026-05-28T12:51:43.0000000000	./john/fullgrid/qwen3b-fullgrid-100m-p1200-perchannel-fd4096/heat/model.layers.33.mlp.gate_proj.npy
4403328	2026-05-28T12:51:43.0000000000	./john/fullgrid/qwen3b-fullgrid-100m-p1200-perchannel-fd4096/heat/model.layers.33.mlp.up_proj.npy
4403328	2026-05-28T12:51:43.0000000000	./john/fullgrid/qwen3b-fullgrid-100m-p1200-perchannel-fd4096/heat/model.layers.34.mlp.gate_proj.npy
4403328	2026-05-28T12:51:43.0000000000	./john/fullgrid/qwen3b-fullgrid-100m-p1200-perchannel-fd4096/heat/model.layers.34.mlp.up_proj.npy
4403328	2026-05-28T12:51:43.0000000000	./john/fullgrid/qwen3b-fullgrid-100m-p1200-perchannel-fd4096/heat/model.layers.35.mlp.gate_proj.npy
4403328	2026-05-28T12:51:43.0000000000	./john/fullgrid/qwen3b-fullgrid-100m-p1200-perchannel-fd4096/heat/model.layers.35.mlp.up_proj.npy
4403328	2026-05-28T22:26:17.0000000000	./gx10/fullgrid/qwen25-3b-fullgrid-100m-p1200-perchannel/heat/model.layers.0.mlp.gate_proj.npy
4403328	2026-05-28T22:26:18.0000000000	./gx10/fullgrid/qwen25-3b-fullgrid-100m-p1200-perchannel/heat/model.layers.0.mlp.up_proj.npy
4403328	2026-05-28T22:26:19.0000000000	./gx10/fullgrid/qwen25-3b-fullgrid-100m-p1200-perchannel/heat/model.layers.1.mlp.gate_proj.npy
4403328	2026-05-28T22:26:19.0000000000	./gx10/fullgrid/qwen25-3b-fullgrid-100m-p1200-perchannel/heat/model.layers.1.mlp.up_proj.npy
4403328	2026-05-28T22:26:20.0000000000	./gx10/fullgrid/qwen25-3b-fullgrid-100m-p1200-perchannel/heat/model.layers.2.mlp.gate_proj.npy
4403328	2026-05-28T22:26:20.0000000000	./gx10/fullgrid/qwen25-3b-fullgrid-100m-p1200-perchannel/heat/model.layers.2.mlp.up_proj.npy
4403328	2026-05-28T22:26:21.0000000000	./gx10/fullgrid/qwen25-3b-fullgrid-100m-p1200-perchannel/heat/model.layers.3.mlp.gate_proj.npy
4403328	2026-05-28T22:26:21.0000000000	./gx10/fullgrid/qwen25-3b-fullgrid-100m-p1200-perchannel/heat/model.layers.3.mlp.up_proj.npy
4403328	2026-05-28T22:26:22.0000000000	./gx10/fullgrid/qwen25-3b-fullgrid-100m-p1200-perchannel/heat/model.layers.4.mlp.gate_proj.npy
4403328	2026-05-28T22:26:22.0000000000	./gx10/fullgrid/qwen25-3b-fullgrid-100m-p1200-perchannel/heat/model.layers.4.mlp.up_proj.npy
4403328	2026-05-28T22:26:22.0000000000	./gx10/fullgrid/qwen25-3b-fullgrid-100m-p1200-perchannel/heat/model.layers.5.mlp.gate_proj.npy
4403328	2026-05-28T22:26:23.0000000000	./gx10/fullgrid/qwen25-3b-fullgrid-100m-p1200-perchannel/heat/model.layers.5.mlp.up_proj.npy
4403328	2026-05-28T22:26:23.0000000000	./gx10/fullgrid/qwen25-3b-fullgrid-100m-p1200-perchannel/heat/model.layers.6.mlp.gate_proj.npy
4403328	2026-05-28T22:26:23.0000000000	./gx10/fullgrid/qwen25-3b-fullgrid-100m-p1200-perchannel/heat/model.layers.6.mlp.up_proj.npy
4403328	2026-05-28T22:26:24.0000000000	./gx10/fullgrid/qwen25-3b-fullgrid-100m-p1200-perchannel/heat/model.layers.7.mlp.gate_proj.npy
4403328	2026-05-28T22:26:24.0000000000	./gx10/fullgrid/qwen25-3b-fullgrid-100m-p1200-perchannel/heat/model.layers.7.mlp.up_proj.npy
4403328	2026-05-28T22:26:24.0000000000	./gx10/fullgrid/qwen25-3b-fullgrid-100m-p1200-perchannel/heat/model.layers.8.mlp.gate_proj.npy
4403328	2026-05-28T22:26:25.0000000000	./gx10/fullgrid/qwen25-3b-fullgrid-100m-p1200-perchannel/heat/model.layers.8.mlp.up_proj.npy
4403328	2026-05-28T22:26:25.0000000000	./gx10/fullgrid/qwen25-3b-fullgrid-100m-p1200-perchannel/heat/model.layers.9.mlp.gate_proj.npy
4403328	2026-05-28T22:26:25.0000000000	./gx10/fullgrid/qwen25-3b-fullgrid-100m-p1200-perchannel/heat/model.layers.9.mlp.up_proj.npy
4403328	2026-05-28T22:26:26.0000000000	./gx10/fullgrid/qwen25-3b-fullgrid-100m-p1200-perchannel/heat/model.layers.10.mlp.gate_proj.npy
4403328	2026-05-28T22:26:26.0000000000	./gx10/fullgrid/qwen25-3b-fullgrid-100m-p1200-perchannel/heat/model.layers.10.mlp.up_proj.npy
4403328	2026-05-28T22:26:26.0000000000	./gx10/fullgrid/qwen25-3b-fullgrid-100m-p1200-perchannel/heat/model.layers.11.mlp.gate_proj.npy
4403328	2026-05-28T22:26:27.0000000000	./gx10/fullgrid/qwen25-3b-fullgrid-100m-p1200-perchannel/heat/model.layers.11.mlp.up_proj.npy
4403328	2026-05-28T22:26:29.0000000000	./gx10/fullgrid/qwen25-3b-fullgrid-100m-p1200-perchannel/heat/model.layers.12.mlp.gate_proj.npy
4403328	2026-05-28T22:26:29.0000000000	./gx10/fullgrid/qwen25-3b-fullgrid-100m-p1200-perchannel/heat/model.layers.12.mlp.up_proj.npy
4403328	2026-05-28T22:26:30.0000000000	./gx10/fullgrid/qwen25-3b-fullgrid-100m-p1200-perchannel/heat/model.layers.13.mlp.gate_proj.npy
4403328	2026-05-28T22:26:30.0000000000	./gx10/fullgrid/qwen25-3b-fullgrid-100m-p1200-perchannel/heat/model.layers.13.mlp.up_proj.npy
4403328	2026-05-28T22:26:31.0000000000	./gx10/fullgrid/qwen25-3b-fullgrid-100m-p1200-perchannel/heat/model.layers.14.mlp.gate_proj.npy
4403328	2026-05-28T22:26:31.0000000000	./gx10/fullgrid/qwen25-3b-fullgrid-100m-p1200-perchannel/heat/model.layers.14.mlp.up_proj.npy
4403328	2026-05-28T22:26:31.0000000000	./gx10/fullgrid/qwen25-3b-fullgrid-100m-p1200-perchannel/heat/model.layers.15.mlp.gate_proj.npy
4403328	2026-05-28T22:26:32.0000000000	./gx10/fullgrid/qwen25-3b-fullgrid-100m-p1200-perchannel/heat/model.layers.15.mlp.up_proj.npy
4403328	2026-05-28T22:26:32.0000000000	./gx10/fullgrid/qwen25-3b-fullgrid-100m-p1200-perchannel/heat/model.layers.16.mlp.gate_proj.npy
4403328	2026-05-28T22:26:32.0000000000	./gx10/fullgrid/qwen25-3b-fullgrid-100m-p1200-perchannel/heat/model.layers.16.mlp.up_proj.npy
4403328	2026-05-28T22:26:33.0000000000	./gx10/fullgrid/qwen25-3b-fullgrid-100m-p1200-perchannel/heat/model.layers.17.mlp.gate_proj.npy
4403328	2026-05-28T22:26:33.0000000000	./gx10/fullgrid/qwen25-3b-fullgrid-100m-p1200-perchannel/heat/model.layers.17.mlp.up_proj.npy
4403328	2026-05-28T22:26:34.0000000000	./gx10/fullgrid/qwen25-3b-fullgrid-100m-p1200-perchannel/heat/model.layers.18.mlp.gate_proj.npy
4403328	2026-05-28T22:26:34.0000000000	./gx10/fullgrid/qwen25-3b-fullgrid-100m-p1200-perchannel/heat/model.layers.18.mlp.up_proj.npy
4403328	2026-05-28T22:26:34.0000000000	./gx10/fullgrid/qwen25-3b-fullgrid-100m-p1200-perchannel/heat/model.layers.19.mlp.gate_proj.npy
4403328	2026-05-28T22:26:35.0000000000	./gx10/fullgrid/qwen25-3b-fullgrid-100m-p1200-perchannel/heat/model.layers.19.mlp.up_proj.npy
4403328	2026-05-28T22:26:35.0000000000	./gx10/fullgrid/qwen25-3b-fullgrid-100m-p1200-perchannel/heat/model.layers.20.mlp.gate_proj.npy
4403328	2026-05-28T22:26:35.0000000000	./gx10/fullgrid/qwen25-3b-fullgrid-100m-p1200-perchannel/heat/model.layers.20.mlp.up_proj.npy
4403328	2026-05-28T22:26:36.0000000000	./gx10/fullgrid/qwen25-3b-fullgrid-100m-p1200-perchannel/heat/model.layers.21.mlp.gate_proj.npy
4403328	2026-05-28T22:26:36.0000000000	./gx10/fullgrid/qwen25-3b-fullgrid-100m-p1200-perchannel/heat/model.layers.21.mlp.up_proj.npy
4403328	2026-05-28T22:26:37.0000000000	./gx10/fullgrid/qwen25-3b-fullgrid-100m-p1200-perchannel/heat/model.layers.22.mlp.gate_proj.npy
4403328	2026-05-28T22:26:37.0000000000	./gx10/fullgrid/qwen25-3b-fullgrid-100m-p1200-perchannel/heat/model.layers.22.mlp.up_proj.npy
4403328	2026-05-28T22:26:38.0000000000	./gx10/fullgrid/qwen25-3b-fullgrid-100m-p1200-perchannel/heat/model.layers.23.mlp.gate_proj.npy
4403328	2026-05-28T22:26:38.0000000000	./gx10/fullgrid/qwen25-3b-fullgrid-100m-p1200-perchannel/heat/model.layers.23.mlp.up_proj.npy
4403328	2026-05-28T22:26:39.0000000000	./gx10/fullgrid/qwen25-3b-fullgrid-100m-p1200-perchannel/heat/model.layers.24.mlp.gate_proj.npy
4403328	2026-05-28T22:26:39.0000000000	./gx10/fullgrid/qwen25-3b-fullgrid-100m-p1200-perchannel/heat/model.layers.24.mlp.up_proj.npy
4403328	2026-05-28T22:26:39.0000000000	./gx10/fullgrid/qwen25-3b-fullgrid-100m-p1200-perchannel/heat/model.layers.25.mlp.gate_proj.npy
4403328	2026-05-28T22:26:40.0000000000	./gx10/fullgrid/qwen25-3b-fullgrid-100m-p1200-perchannel/heat/model.layers.25.mlp.up_proj.npy
4403328	2026-05-28T22:26:40.0000000000	./gx10/fullgrid/qwen25-3b-fullgrid-100m-p1200-perchannel/heat/model.layers.26.mlp.gate_proj.npy
4403328	2026-05-28T22:26:41.0000000000	./gx10/fullgrid/qwen25-3b-fullgrid-100m-p1200-perchannel/heat/model.layers.26.mlp.up_proj.npy
4403328	2026-05-28T22:26:41.0000000000	./gx10/fullgrid/qwen25-3b-fullgrid-100m-p1200-perchannel/heat/model.layers.27.mlp.gate_proj.npy
4403328	2026-05-28T22:26:41.0000000000	./gx10/fullgrid/qwen25-3b-fullgrid-100m-p1200-perchannel/heat/model.layers.27.mlp.up_proj.npy
4403328	2026-05-28T22:26:42.0000000000	./gx10/fullgrid/qwen25-3b-fullgrid-100m-p1200-perchannel/heat/model.layers.28.mlp.gate_proj.npy
4403328	2026-05-28T22:26:42.0000000000	./gx10/fullgrid/qwen25-3b-fullgrid-100m-p1200-perchannel/heat/model.layers.28.mlp.up_proj.npy
4403328	2026-05-28T22:26:43.0000000000	./gx10/fullgrid/qwen25-3b-fullgrid-100m-p1200-perchannel/heat/model.layers.29.mlp.gate_proj.npy
4403328	2026-05-28T22:26:43.0000000000	./gx10/fullgrid/qwen25-3b-fullgrid-100m-p1200-perchannel/heat/model.layers.29.mlp.up_proj.npy
4403328	2026-05-28T22:26:44.0000000000	./gx10/fullgrid/qwen25-3b-fullgrid-100m-p1200-perchannel/heat/model.layers.30.mlp.gate_proj.npy
4403328	2026-05-28T22:26:44.0000000000	./gx10/fullgrid/qwen25-3b-fullgrid-100m-p1200-perchannel/heat/model.layers.30.mlp.up_proj.npy
4403328	2026-05-28T22:26:44.0000000000	./gx10/fullgrid/qwen25-3b-fullgrid-100m-p1200-perchannel/heat/model.layers.31.mlp.gate_proj.npy
4403328	2026-05-28T22:26:45.0000000000	./gx10/fullgrid/qwen25-3b-fullgrid-100m-p1200-perchannel/heat/model.layers.31.mlp.up_proj.npy
4403328	2026-05-28T22:26:45.0000000000	./gx10/fullgrid/qwen25-3b-fullgrid-100m-p1200-perchannel/heat/model.layers.32.mlp.gate_proj.npy
4403328	2026-05-28T22:26:45.0000000000	./gx10/fullgrid/qwen25-3b-fullgrid-100m-p1200-perchannel/heat/model.layers.32.mlp.up_proj.npy
4403328	2026-05-28T22:26:46.0000000000	./gx10/fullgrid/qwen25-3b-fullgrid-100m-p1200-perchannel/heat/model.layers.33.mlp.gate_proj.npy
4403328	2026-05-28T22:26:46.0000000000	./gx10/fullgrid/qwen25-3b-fullgrid-100m-p1200-perchannel/heat/model.layers.33.mlp.up_proj.npy
4403328	2026-05-28T22:26:47.0000000000	./gx10/fullgrid/qwen25-3b-fullgrid-100m-p1200-perchannel/heat/model.layers.34.mlp.gate_proj.npy
4403328	2026-05-28T22:26:47.0000000000	./gx10/fullgrid/qwen25-3b-fullgrid-100m-p1200-perchannel/heat/model.layers.34.mlp.up_proj.npy
4403328	2026-05-28T22:26:47.0000000000	./gx10/fullgrid/qwen25-3b-fullgrid-100m-p1200-perchannel/heat/model.layers.35.mlp.gate_proj.npy
4403328	2026-05-28T22:26:48.0000000000	./gx10/fullgrid/qwen25-3b-fullgrid-100m-p1200-perchannel/heat/model.layers.35.mlp.up_proj.npy
4505728	2026-05-28T16:46:05.0000000000	./john/fullgrid/pythia-2.8b-fullgrid-100m-p1200-perchannel-john/heat/gpt_neox.layers.0.mlp.dense_h_to_4h.npy
4505728	2026-05-28T16:46:05.0000000000	./john/fullgrid/pythia-2.8b-fullgrid-100m-p1200-perchannel-john/heat/gpt_neox.layers.1.mlp.dense_h_to_4h.npy
4505728	2026-05-28T16:46:05.0000000000	./john/fullgrid/pythia-2.8b-fullgrid-100m-p1200-perchannel-john/heat/gpt_neox.layers.10.mlp.dense_h_to_4h.npy
4505728	2026-05-28T16:46:05.0000000000	./john/fullgrid/pythia-2.8b-fullgrid-100m-p1200-perchannel-john/heat/gpt_neox.layers.11.mlp.dense_h_to_4h.npy
4505728	2026-05-28T16:46:05.0000000000	./john/fullgrid/pythia-2.8b-fullgrid-100m-p1200-perchannel-john/heat/gpt_neox.layers.12.mlp.dense_h_to_4h.npy
4505728	2026-05-28T16:46:05.0000000000	./john/fullgrid/pythia-2.8b-fullgrid-100m-p1200-perchannel-john/heat/gpt_neox.layers.13.mlp.dense_h_to_4h.npy
4505728	2026-05-28T16:46:05.0000000000	./john/fullgrid/pythia-2.8b-fullgrid-100m-p1200-perchannel-john/heat/gpt_neox.layers.14.mlp.dense_h_to_4h.npy
4505728	2026-05-28T16:46:05.0000000000	./john/fullgrid/pythia-2.8b-fullgrid-100m-p1200-perchannel-john/heat/gpt_neox.layers.15.mlp.dense_h_to_4h.npy
4505728	2026-05-28T16:46:05.0000000000	./john/fullgrid/pythia-2.8b-fullgrid-100m-p1200-perchannel-john/heat/gpt_neox.layers.16.mlp.dense_h_to_4h.npy
4505728	2026-05-28T16:46:05.0000000000	./john/fullgrid/pythia-2.8b-fullgrid-100m-p1200-perchannel-john/heat/gpt_neox.layers.17.mlp.dense_h_to_4h.npy
4505728	2026-05-28T16:46:05.0000000000	./john/fullgrid/pythia-2.8b-fullgrid-100m-p1200-perchannel-john/heat/gpt_neox.layers.18.mlp.dense_h_to_4h.npy
4505728	2026-05-28T16:46:05.0000000000	./john/fullgrid/pythia-2.8b-fullgrid-100m-p1200-perchannel-john/heat/gpt_neox.layers.19.mlp.dense_h_to_4h.npy
4505728	2026-05-28T16:46:05.0000000000	./john/fullgrid/pythia-2.8b-fullgrid-100m-p1200-perchannel-john/heat/gpt_neox.layers.2.mlp.dense_h_to_4h.npy
4505728	2026-05-28T16:46:05.0000000000	./john/fullgrid/pythia-2.8b-fullgrid-100m-p1200-perchannel-john/heat/gpt_neox.layers.20.mlp.dense_h_to_4h.npy
4505728	2026-05-28T16:46:05.0000000000	./john/fullgrid/pythia-2.8b-fullgrid-100m-p1200-perchannel-john/heat/gpt_neox.layers.21.mlp.dense_h_to_4h.npy
4505728	2026-05-28T16:46:05.0000000000	./john/fullgrid/pythia-2.8b-fullgrid-100m-p1200-perchannel-john/heat/gpt_neox.layers.22.mlp.dense_h_to_4h.npy
4505728	2026-05-28T16:46:05.0000000000	./john/fullgrid/pythia-2.8b-fullgrid-100m-p1200-perchannel-john/heat/gpt_neox.layers.23.mlp.dense_h_to_4h.npy
4505728	2026-05-28T16:46:05.0000000000	./john/fullgrid/pythia-2.8b-fullgrid-100m-p1200-perchannel-john/heat/gpt_neox.layers.24.mlp.dense_h_to_4h.npy
4505728	2026-05-28T16:46:05.0000000000	./john/fullgrid/pythia-2.8b-fullgrid-100m-p1200-perchannel-john/heat/gpt_neox.layers.25.mlp.dense_h_to_4h.npy
4505728	2026-05-28T16:46:05.0000000000	./john/fullgrid/pythia-2.8b-fullgrid-100m-p1200-perchannel-john/heat/gpt_neox.layers.26.mlp.dense_h_to_4h.npy
4505728	2026-05-28T16:46:05.0000000000	./john/fullgrid/pythia-2.8b-fullgrid-100m-p1200-perchannel-john/heat/gpt_neox.layers.27.mlp.dense_h_to_4h.npy
4505728	2026-05-28T16:46:05.0000000000	./john/fullgrid/pythia-2.8b-fullgrid-100m-p1200-perchannel-john/heat/gpt_neox.layers.28.mlp.dense_h_to_4h.npy
4505728	2026-05-28T16:46:05.0000000000	./john/fullgrid/pythia-2.8b-fullgrid-100m-p1200-perchannel-john/heat/gpt_neox.layers.29.mlp.dense_h_to_4h.npy
4505728	2026-05-28T16:46:05.0000000000	./john/fullgrid/pythia-2.8b-fullgrid-100m-p1200-perchannel-john/heat/gpt_neox.layers.3.mlp.dense_h_to_4h.npy
4505728	2026-05-28T16:46:05.0000000000	./john/fullgrid/pythia-2.8b-fullgrid-100m-p1200-perchannel-john/heat/gpt_neox.layers.30.mlp.dense_h_to_4h.npy
4505728	2026-05-28T16:46:05.0000000000	./john/fullgrid/pythia-2.8b-fullgrid-100m-p1200-perchannel-john/heat/gpt_neox.layers.31.mlp.dense_h_to_4h.npy
4505728	2026-05-28T16:46:05.0000000000	./john/fullgrid/pythia-2.8b-fullgrid-100m-p1200-perchannel-john/heat/gpt_neox.layers.4.mlp.dense_h_to_4h.npy
4505728	2026-05-28T16:46:05.0000000000	./john/fullgrid/pythia-2.8b-fullgrid-100m-p1200-perchannel-john/heat/gpt_neox.layers.5.mlp.dense_h_to_4h.npy
4505728	2026-05-28T16:46:05.0000000000	./john/fullgrid/pythia-2.8b-fullgrid-100m-p1200-perchannel-john/heat/gpt_neox.layers.6.mlp.dense_h_to_4h.npy
4505728	2026-05-28T16:46:05.0000000000	./john/fullgrid/pythia-2.8b-fullgrid-100m-p1200-perchannel-john/heat/gpt_neox.layers.7.mlp.dense_h_to_4h.npy
4505728	2026-05-28T16:46:05.0000000000	./john/fullgrid/pythia-2.8b-fullgrid-100m-p1200-perchannel-john/heat/gpt_neox.layers.8.mlp.dense_h_to_4h.npy
4505728	2026-05-28T16:46:05.0000000000	./john/fullgrid/pythia-2.8b-fullgrid-100m-p1200-perchannel-john/heat/gpt_neox.layers.9.mlp.dense_h_to_4h.npy
450688	2026-05-28T10:44:49.0000000000	./ai/fullgrid/gemma-2-2b-it-fullgrid-100m/heat/model.layers.2.self_attn.k_proj.npy
450688	2026-05-28T10:44:49.0000000000	./ai/fullgrid/gemma-2-2b-it-fullgrid-100m/heat/model.layers.2.self_attn.v_proj.npy
450688	2026-05-28T10:44:50.0000000000	./ai/fullgrid/gemma-2-2b-it-fullgrid-100m/heat/model.layers.3.self_attn.v_proj.npy
450688	2026-05-28T10:44:50.0000000000	./ai/fullgrid/gemma-2-2b-it-fullgrid-100m/heat/model.layers.4.self_attn.v_proj.npy
450688	2026-05-28T10:44:50.0000000000	./ai/fullgrid/gemma-2-2b-it-fullgrid-100m/heat/model.layers.5.self_attn.k_proj.npy
450688	2026-05-28T10:44:50.0000000000	./ai/fullgrid/gemma-2-2b-it-fullgrid-100m/heat/model.layers.5.self_attn.v_proj.npy
450688	2026-05-28T10:44:50.0000000000	./ai/fullgrid/gemma-2-2b-it-fullgrid-100m/heat/model.layers.6.self_attn.k_proj.npy
450688	2026-05-28T10:44:50.0000000000	./ai/fullgrid/gemma-2-2b-it-fullgrid-100m/heat/model.layers.6.self_attn.v_proj.npy
450688	2026-05-28T10:44:51.0000000000	./ai/fullgrid/gemma-2-2b-it-fullgrid-100m/heat/model.layers.7.self_attn.k_proj.npy
450688	2026-05-28T10:44:51.0000000000	./ai/fullgrid/gemma-2-2b-it-fullgrid-100m/heat/model.layers.7.self_attn.v_proj.npy
450688	2026-05-28T10:44:51.0000000000	./ai/fullgrid/gemma-2-2b-it-fullgrid-100m/heat/model.layers.8.self_attn.k_proj.npy
450688	2026-05-28T10:44:51.0000000000	./ai/fullgrid/gemma-2-2b-it-fullgrid-100m/heat/model.layers.8.self_attn.v_proj.npy
450688	2026-05-28T10:44:51.0000000000	./ai/fullgrid/gemma-2-2b-it-fullgrid-100m/heat/model.layers.9.self_attn.k_proj.npy
450688	2026-05-28T10:44:51.0000000000	./ai/fullgrid/gemma-2-2b-it-fullgrid-100m/heat/model.layers.9.self_attn.v_proj.npy
450688	2026-05-28T10:44:52.0000000000	./ai/fullgrid/gemma-2-2b-it-fullgrid-100m/heat/model.layers.11.self_attn.k_proj.npy
450688	2026-05-28T10:44:52.0000000000	./ai/fullgrid/gemma-2-2b-it-fullgrid-100m/heat/model.layers.11.self_attn.v_proj.npy
450688	2026-05-28T10:44:52.0000000000	./ai/fullgrid/gemma-2-2b-it-fullgrid-100m/heat/model.layers.12.self_attn.k_proj.npy
450688	2026-05-28T10:44:52.0000000000	./ai/fullgrid/gemma-2-2b-it-fullgrid-100m/heat/model.layers.12.self_attn.v_proj.npy
450688	2026-05-28T10:44:52.0000000000	./ai/fullgrid/gemma-2-2b-it-fullgrid-100m/heat/model.layers.13.self_attn.v_proj.npy
450688	2026-05-28T10:44:52.0000000000	./ai/fullgrid/gemma-2-2b-it-fullgrid-100m/heat/model.layers.14.self_attn.k_proj.npy
450688	2026-05-28T10:44:52.0000000000	./ai/fullgrid/gemma-2-2b-it-fullgrid-100m/heat/model.layers.14.self_attn.v_proj.npy
450688	2026-05-28T10:44:53.0000000000	./ai/fullgrid/gemma-2-2b-it-fullgrid-100m/heat/model.layers.15.self_attn.k_proj.npy
450688	2026-05-28T10:44:53.0000000000	./ai/fullgrid/gemma-2-2b-it-fullgrid-100m/heat/model.layers.15.self_attn.v_proj.npy
450688	2026-05-28T10:44:55.0000000000	./ai/fullgrid/gemma-2-2b-it-fullgrid-100m/heat/model.layers.25.self_attn.k_proj.npy
450688	2026-05-28T10:44:55.0000000000	./ai/fullgrid/gemma-2-2b-it-fullgrid-100m/heat/model.layers.25.self_attn.v_proj.npy
450688	2026-05-28T10:44:58.0000000000	./ai/fullgrid/gemma-2-2b-it-fullgrid-100m/heat/model.layers.1.self_attn.k_proj.npy
450688	2026-05-28T10:44:58.0000000000	./ai/fullgrid/gemma-2-2b-it-fullgrid-100m/heat/model.layers.1.self_attn.v_proj.npy
450688	2026-05-28T10:44:59.0000000000	./ai/fullgrid/gemma-2-2b-it-fullgrid-100m/heat/model.layers.3.self_attn.k_proj.npy
450688	2026-05-28T10:45:01.0000000000	./ai/fullgrid/gemma-2-2b-it-fullgrid-100m/heat/model.layers.10.self_attn.v_proj.npy
450688	2026-05-28T10:45:02.0000000000	./ai/fullgrid/gemma-2-2b-it-fullgrid-100m/heat/model.layers.13.self_attn.k_proj.npy
450688	2026-05-28T10:45:03.0000000000	./ai/fullgrid/gemma-2-2b-it-fullgrid-100m/heat/model.layers.17.self_attn.k_proj.npy
450688	2026-05-28T10:45:03.0000000000	./ai/fullgrid/gemma-2-2b-it-fullgrid-100m/heat/model.layers.17.self_attn.v_proj.npy
450688	2026-05-28T10:45:03.0000000000	./ai/fullgrid/gemma-2-2b-it-fullgrid-100m/heat/model.layers.18.self_attn.k_proj.npy
450688	2026-05-28T10:45:03.0000000000	./ai/fullgrid/gemma-2-2b-it-fullgrid-100m/heat/model.layers.18.self_attn.v_proj.npy
450688	2026-05-28T10:45:03.0000000000	./ai/fullgrid/gemma-2-2b-it-fullgrid-100m/heat/model.layers.19.self_attn.v_proj.npy
450688	2026-05-28T10:45:04.0000000000	./ai/fullgrid/gemma-2-2b-it-fullgrid-100m/heat/model.layers.20.self_attn.k_proj.npy
450688	2026-05-28T10:45:04.0000000000	./ai/fullgrid/gemma-2-2b-it-fullgrid-100m/heat/model.layers.20.self_attn.v_proj.npy
450688	2026-05-28T10:45:04.0000000000	./ai/fullgrid/gemma-2-2b-it-fullgrid-100m/heat/model.layers.21.self_attn.k_proj.npy
450688	2026-05-28T10:45:04.0000000000	./ai/fullgrid/gemma-2-2b-it-fullgrid-100m/heat/model.layers.21.self_attn.v_proj.npy
450688	2026-05-28T10:45:04.0000000000	./ai/fullgrid/gemma-2-2b-it-fullgrid-100m/heat/model.layers.22.self_attn.k_proj.npy
450688	2026-05-28T10:45:04.0000000000	./ai/fullgrid/gemma-2-2b-it-fullgrid-100m/heat/model.layers.22.self_attn.v_proj.npy
450688	2026-05-28T10:45:05.0000000000	./ai/fullgrid/gemma-2-2b-it-fullgrid-100m/heat/model.layers.23.self_attn.k_proj.npy
450688	2026-05-28T10:45:05.0000000000	./ai/fullgrid/gemma-2-2b-it-fullgrid-100m/heat/model.layers.23.self_attn.v_proj.npy
450688	2026-05-28T10:45:05.0000000000	./ai/fullgrid/gemma-2-2b-it-fullgrid-100m/heat/model.layers.24.self_attn.k_proj.npy
450688	2026-05-28T10:45:05.0000000000	./ai/fullgrid/gemma-2-2b-it-fullgrid-100m/heat/model.layers.24.self_attn.v_proj.npy
450688	2026-05-28T10:45:08.0000000000	./ai/fullgrid/gemma-2-2b-it-fullgrid-100m/heat/model.layers.0.self_attn.k_proj.npy
450688	2026-05-28T10:45:08.0000000000	./ai/fullgrid/gemma-2-2b-it-fullgrid-100m/heat/model.layers.0.self_attn.v_proj.npy
450688	2026-05-28T10:45:09.0000000000	./ai/fullgrid/gemma-2-2b-it-fullgrid-100m/heat/model.layers.4.self_attn.k_proj.npy
450688	2026-05-28T10:45:14.0000000000	./ai/fullgrid/gemma-2-2b-it-fullgrid-100m/heat/model.layers.19.self_attn.k_proj.npy
450688	2026-05-28T10:45:20.0000000000	./ai/fullgrid/gemma-2-2b-it-fullgrid-100m/heat/model.layers.10.self_attn.k_proj.npy
450688	2026-05-28T10:45:22.0000000000	./ai/fullgrid/gemma-2-2b-it-fullgrid-100m/heat/model.layers.16.self_attn.k_proj.npy
450688	2026-05-28T10:45:22.0000000000	./ai/fullgrid/gemma-2-2b-it-fullgrid-100m/heat/model.layers.16.self_attn.v_proj.npy
450688	2026-05-28T11:04:27.0000000000	./ai/fullgrid/gemma-2-2b-it-fullgrid-100m-p720/heat/model.layers.0.self_attn.k_proj.npy
450688	2026-05-28T11:04:27.0000000000	./ai/fullgrid/gemma-2-2b-it-fullgrid-100m-p720/heat/model.layers.0.self_attn.v_proj.npy
450688	2026-05-28T11:04:27.0000000000	./ai/fullgrid/gemma-2-2b-it-fullgrid-100m-p720/heat/model.layers.1.self_attn.k_proj.npy
450688	2026-05-28T11:04:27.0000000000	./ai/fullgrid/gemma-2-2b-it-fullgrid-100m-p720/heat/model.layers.1.self_attn.v_proj.npy
450688	2026-05-28T11:04:27.0000000000	./ai/fullgrid/gemma-2-2b-it-fullgrid-100m-p720/heat/model.layers.10.self_attn.k_proj.npy
450688	2026-05-28T11:04:27.0000000000	./ai/fullgrid/gemma-2-2b-it-fullgrid-100m-p720/heat/model.layers.10.self_attn.v_proj.npy
450688	2026-05-28T11:04:27.0000000000	./ai/fullgrid/gemma-2-2b-it-fullgrid-100m-p720/heat/model.layers.11.self_attn.k_proj.npy
450688	2026-05-28T11:04:27.0000000000	./ai/fullgrid/gemma-2-2b-it-fullgrid-100m-p720/heat/model.layers.11.self_attn.v_proj.npy
450688	2026-05-28T11:04:27.0000000000	./ai/fullgrid/gemma-2-2b-it-fullgrid-100m-p720/heat/model.layers.12.self_attn.k_proj.npy
450688	2026-05-28T11:04:27.0000000000	./ai/fullgrid/gemma-2-2b-it-fullgrid-100m-p720/heat/model.layers.12.self_attn.v_proj.npy
450688	2026-05-28T11:04:27.0000000000	./ai/fullgrid/gemma-2-2b-it-fullgrid-100m-p720/heat/model.layers.13.self_attn.k_proj.npy
450688	2026-05-28T11:04:27.0000000000	./ai/fullgrid/gemma-2-2b-it-fullgrid-100m-p720/heat/model.layers.13.self_attn.v_proj.npy
450688	2026-05-28T11:04:27.0000000000	./ai/fullgrid/gemma-2-2b-it-fullgrid-100m-p720/heat/model.layers.14.self_attn.k_proj.npy
450688	2026-05-28T11:04:27.0000000000	./ai/fullgrid/gemma-2-2b-it-fullgrid-100m-p720/heat/model.layers.14.self_attn.v_proj.npy
450688	2026-05-28T11:04:27.0000000000	./ai/fullgrid/gemma-2-2b-it-fullgrid-100m-p720/heat/model.layers.15.self_attn.k_proj.npy
450688	2026-05-28T11:04:27.0000000000	./ai/fullgrid/gemma-2-2b-it-fullgrid-100m-p720/heat/model.layers.15.self_attn.v_proj.npy
450688	2026-05-28T11:04:27.0000000000	./ai/fullgrid/gemma-2-2b-it-fullgrid-100m-p720/heat/model.layers.16.self_attn.k_proj.npy
450688	2026-05-28T11:04:27.0000000000	./ai/fullgrid/gemma-2-2b-it-fullgrid-100m-p720/heat/model.layers.16.self_attn.v_proj.npy
450688	2026-05-28T11:04:27.0000000000	./ai/fullgrid/gemma-2-2b-it-fullgrid-100m-p720/heat/model.layers.17.self_attn.k_proj.npy
450688	2026-05-28T11:04:27.0000000000	./ai/fullgrid/gemma-2-2b-it-fullgrid-100m-p720/heat/model.layers.17.self_attn.v_proj.npy
450688	2026-05-28T11:04:27.0000000000	./ai/fullgrid/gemma-2-2b-it-fullgrid-100m-p720/heat/model.layers.18.self_attn.k_proj.npy
450688	2026-05-28T11:04:27.0000000000	./ai/fullgrid/gemma-2-2b-it-fullgrid-100m-p720/heat/model.layers.18.self_attn.v_proj.npy
450688	2026-05-28T11:04:27.0000000000	./ai/fullgrid/gemma-2-2b-it-fullgrid-100m-p720/heat/model.layers.19.self_attn.k_proj.npy
450688	2026-05-28T11:04:27.0000000000	./ai/fullgrid/gemma-2-2b-it-fullgrid-100m-p720/heat/model.layers.19.self_attn.v_proj.npy
450688	2026-05-28T11:04:27.0000000000	./ai/fullgrid/gemma-2-2b-it-fullgrid-100m-p720/heat/model.layers.2.self_attn.k_proj.npy
450688	2026-05-28T11:04:27.0000000000	./ai/fullgrid/gemma-2-2b-it-fullgrid-100m-p720/heat/model.layers.2.self_attn.v_proj.npy
450688	2026-05-28T11:04:27.0000000000	./ai/fullgrid/gemma-2-2b-it-fullgrid-100m-p720/heat/model.layers.20.self_attn.k_proj.npy
450688	2026-05-28T11:04:27.0000000000	./ai/fullgrid/gemma-2-2b-it-fullgrid-100m-p720/heat/model.layers.20.self_attn.v_proj.npy
450688	2026-05-28T11:04:27.0000000000	./ai/fullgrid/gemma-2-2b-it-fullgrid-100m-p720/heat/model.layers.21.self_attn.k_proj.npy
450688	2026-05-28T11:04:27.0000000000	./ai/fullgrid/gemma-2-2b-it-fullgrid-100m-p720/heat/model.layers.21.self_attn.v_proj.npy
450688	2026-05-28T11:04:27.0000000000	./ai/fullgrid/gemma-2-2b-it-fullgrid-100m-p720/heat/model.layers.22.self_attn.k_proj.npy
450688	2026-05-28T11:04:27.0000000000	./ai/fullgrid/gemma-2-2b-it-fullgrid-100m-p720/heat/model.layers.22.self_attn.v_proj.npy
450688	2026-05-28T11:04:27.0000000000	./ai/fullgrid/gemma-2-2b-it-fullgrid-100m-p720/heat/model.layers.23.self_attn.k_proj.npy
450688	2026-05-28T11:04:27.0000000000	./ai/fullgrid/gemma-2-2b-it-fullgrid-100m-p720/heat/model.layers.23.self_attn.v_proj.npy
450688	2026-05-28T11:04:27.0000000000	./ai/fullgrid/gemma-2-2b-it-fullgrid-100m-p720/heat/model.layers.24.self_attn.k_proj.npy
450688	2026-05-28T11:04:27.0000000000	./ai/fullgrid/gemma-2-2b-it-fullgrid-100m-p720/heat/model.layers.24.self_attn.v_proj.npy
450688	2026-05-28T11:04:27.0000000000	./ai/fullgrid/gemma-2-2b-it-fullgrid-100m-p720/heat/model.layers.25.self_attn.k_proj.npy
450688	2026-05-28T11:04:27.0000000000	./ai/fullgrid/gemma-2-2b-it-fullgrid-100m-p720/heat/model.layers.25.self_attn.v_proj.npy
450688	2026-05-28T11:04:27.0000000000	./ai/fullgrid/gemma-2-2b-it-fullgrid-100m-p720/heat/model.layers.3.self_attn.k_proj.npy
450688	2026-05-28T11:04:27.0000000000	./ai/fullgrid/gemma-2-2b-it-fullgrid-100m-p720/heat/model.layers.3.self_attn.v_proj.npy
450688	2026-05-28T11:04:27.0000000000	./ai/fullgrid/gemma-2-2b-it-fullgrid-100m-p720/heat/model.layers.4.self_attn.k_proj.npy
450688	2026-05-28T11:04:27.0000000000	./ai/fullgrid/gemma-2-2b-it-fullgrid-100m-p720/heat/model.layers.4.self_attn.v_proj.npy
450688	2026-05-28T11:04:27.0000000000	./ai/fullgrid/gemma-2-2b-it-fullgrid-100m-p720/heat/model.layers.5.self_attn.k_proj.npy
450688	2026-05-28T11:04:27.0000000000	./ai/fullgrid/gemma-2-2b-it-fullgrid-100m-p720/heat/model.layers.5.self_attn.v_proj.npy
450688	2026-05-28T11:04:27.0000000000	./ai/fullgrid/gemma-2-2b-it-fullgrid-100m-p720/heat/model.layers.6.self_attn.k_proj.npy
450688	2026-05-28T11:04:27.0000000000	./ai/fullgrid/gemma-2-2b-it-fullgrid-100m-p720/heat/model.layers.6.self_attn.v_proj.npy
450688	2026-05-28T11:04:27.0000000000	./ai/fullgrid/gemma-2-2b-it-fullgrid-100m-p720/heat/model.layers.7.self_attn.k_proj.npy
450688	2026-05-28T11:04:27.0000000000	./ai/fullgrid/gemma-2-2b-it-fullgrid-100m-p720/heat/model.layers.7.self_attn.v_proj.npy
450688	2026-05-28T11:04:27.0000000000	./ai/fullgrid/gemma-2-2b-it-fullgrid-100m-p720/heat/model.layers.8.self_attn.k_proj.npy
450688	2026-05-28T11:04:27.0000000000	./ai/fullgrid/gemma-2-2b-it-fullgrid-100m-p720/heat/model.layers.8.self_attn.v_proj.npy
450688	2026-05-28T11:04:27.0000000000	./ai/fullgrid/gemma-2-2b-it-fullgrid-100m-p720/heat/model.layers.9.self_attn.k_proj.npy
450688	2026-05-28T11:04:27.0000000000	./ai/fullgrid/gemma-2-2b-it-fullgrid-100m-p720/heat/model.layers.9.self_attn.v_proj.npy
450688	2026-05-28T11:32:04.0000000000	./ai/fullgrid/gemma-2-2b-it-fullgrid-100m-p720-fixededges/heat/model.layers.4.self_attn.k_proj.npy
450688	2026-05-28T11:32:04.0000000000	./ai/fullgrid/gemma-2-2b-it-fullgrid-100m-p720-fixededges/heat/model.layers.4.self_attn.v_proj.npy
450688	2026-05-28T11:32:06.0000000000	./ai/fullgrid/gemma-2-2b-it-fullgrid-100m-p720-fixededges/heat/model.layers.5.self_attn.k_proj.npy
450688	2026-05-28T11:32:06.0000000000	./ai/fullgrid/gemma-2-2b-it-fullgrid-100m-p720-fixededges/heat/model.layers.5.self_attn.v_proj.npy
450688	2026-05-28T11:32:08.0000000000	./ai/fullgrid/gemma-2-2b-it-fullgrid-100m-p720-fixededges/heat/model.layers.6.self_attn.k_proj.npy
450688	2026-05-28T11:32:08.0000000000	./ai/fullgrid/gemma-2-2b-it-fullgrid-100m-p720-fixededges/heat/model.layers.6.self_attn.v_proj.npy
450688	2026-05-28T11:32:10.0000000000	./ai/fullgrid/gemma-2-2b-it-fullgrid-100m-p720-fixededges/heat/model.layers.7.self_attn.k_proj.npy
450688	2026-05-28T11:32:10.0000000000	./ai/fullgrid/gemma-2-2b-it-fullgrid-100m-p720-fixededges/heat/model.layers.7.self_attn.v_proj.npy
450688	2026-05-28T11:32:11.0000000000	./ai/fullgrid/gemma-2-2b-it-fullgrid-100m-p720-fixededges/heat/model.layers.8.self_attn.k_proj.npy
450688	2026-05-28T11:32:11.0000000000	./ai/fullgrid/gemma-2-2b-it-fullgrid-100m-p720-fixededges/heat/model.layers.8.self_attn.v_proj.npy
450688	2026-05-28T11:32:13.0000000000	./ai/fullgrid/gemma-2-2b-it-fullgrid-100m-p720-fixededges/heat/model.layers.9.self_attn.k_proj.npy
450688	2026-05-28T11:32:13.0000000000	./ai/fullgrid/gemma-2-2b-it-fullgrid-100m-p720-fixededges/heat/model.layers.9.self_attn.v_proj.npy
450688	2026-05-28T11:32:15.0000000000	./ai/fullgrid/gemma-2-2b-it-fullgrid-100m-p720-fixededges/heat/model.layers.10.self_attn.k_proj.npy
450688	2026-05-28T11:32:15.0000000000	./ai/fullgrid/gemma-2-2b-it-fullgrid-100m-p720-fixededges/heat/model.layers.10.self_attn.v_proj.npy
450688	2026-05-28T11:32:17.0000000000	./ai/fullgrid/gemma-2-2b-it-fullgrid-100m-p720-fixededges/heat/model.layers.11.self_attn.k_proj.npy
450688	2026-05-28T11:32:17.0000000000	./ai/fullgrid/gemma-2-2b-it-fullgrid-100m-p720-fixededges/heat/model.layers.11.self_attn.v_proj.npy
450688	2026-05-28T11:32:19.0000000000	./ai/fullgrid/gemma-2-2b-it-fullgrid-100m-p720-fixededges/heat/model.layers.12.self_attn.k_proj.npy
450688	2026-05-28T11:32:19.0000000000	./ai/fullgrid/gemma-2-2b-it-fullgrid-100m-p720-fixededges/heat/model.layers.12.self_attn.v_proj.npy
450688	2026-05-28T11:32:21.0000000000	./ai/fullgrid/gemma-2-2b-it-fullgrid-100m-p720-fixededges/heat/model.layers.13.self_attn.k_proj.npy
450688	2026-05-28T11:32:21.0000000000	./ai/fullgrid/gemma-2-2b-it-fullgrid-100m-p720-fixededges/heat/model.layers.13.self_attn.v_proj.npy
450688	2026-05-28T11:32:23.0000000000	./ai/fullgrid/gemma-2-2b-it-fullgrid-100m-p720-fixededges/heat/model.layers.14.self_attn.k_proj.npy
450688	2026-05-28T11:32:23.0000000000	./ai/fullgrid/gemma-2-2b-it-fullgrid-100m-p720-fixededges/heat/model.layers.14.self_attn.v_proj.npy
450688	2026-05-28T11:32:25.0000000000	./ai/fullgrid/gemma-2-2b-it-fullgrid-100m-p720-fixededges/heat/model.layers.15.self_attn.k_proj.npy
450688	2026-05-28T11:32:25.0000000000	./ai/fullgrid/gemma-2-2b-it-fullgrid-100m-p720-fixededges/heat/model.layers.15.self_attn.v_proj.npy
450688	2026-05-28T11:32:27.0000000000	./ai/fullgrid/gemma-2-2b-it-fullgrid-100m-p720-fixededges/heat/model.layers.16.self_attn.k_proj.npy
450688	2026-05-28T11:32:27.0000000000	./ai/fullgrid/gemma-2-2b-it-fullgrid-100m-p720-fixededges/heat/model.layers.16.self_attn.v_proj.npy
450688	2026-05-28T11:32:29.0000000000	./ai/fullgrid/gemma-2-2b-it-fullgrid-100m-p720-fixededges/heat/model.layers.17.self_attn.k_proj.npy
450688	2026-05-28T11:32:29.0000000000	./ai/fullgrid/gemma-2-2b-it-fullgrid-100m-p720-fixededges/heat/model.layers.17.self_attn.v_proj.npy
450688	2026-05-28T11:32:31.0000000000	./ai/fullgrid/gemma-2-2b-it-fullgrid-100m-p720-fixededges/heat/model.layers.18.self_attn.k_proj.npy
450688	2026-05-28T11:32:31.0000000000	./ai/fullgrid/gemma-2-2b-it-fullgrid-100m-p720-fixededges/heat/model.layers.18.self_attn.v_proj.npy
450688	2026-05-28T11:32:32.0000000000	./ai/fullgrid/gemma-2-2b-it-fullgrid-100m-p720-fixededges/heat/model.layers.19.self_attn.k_proj.npy
450688	2026-05-28T11:32:33.0000000000	./ai/fullgrid/gemma-2-2b-it-fullgrid-100m-p720-fixededges/heat/model.layers.19.self_attn.v_proj.npy
450688	2026-05-28T11:32:34.0000000000	./ai/fullgrid/gemma-2-2b-it-fullgrid-100m-p720-fixededges/heat/model.layers.20.self_attn.k_proj.npy
450688	2026-05-28T11:32:34.0000000000	./ai/fullgrid/gemma-2-2b-it-fullgrid-100m-p720-fixededges/heat/model.layers.20.self_attn.v_proj.npy
450688	2026-05-28T11:32:36.0000000000	./ai/fullgrid/gemma-2-2b-it-fullgrid-100m-p720-fixededges/heat/model.layers.21.self_attn.k_proj.npy
450688	2026-05-28T11:32:36.0000000000	./ai/fullgrid/gemma-2-2b-it-fullgrid-100m-p720-fixededges/heat/model.layers.21.self_attn.v_proj.npy
450688	2026-05-28T11:32:38.0000000000	./ai/fullgrid/gemma-2-2b-it-fullgrid-100m-p720-fixededges/heat/model.layers.22.self_attn.k_proj.npy
450688	2026-05-28T11:32:38.0000000000	./ai/fullgrid/gemma-2-2b-it-fullgrid-100m-p720-fixededges/heat/model.layers.22.self_attn.v_proj.npy
450688	2026-05-28T11:32:40.0000000000	./ai/fullgrid/gemma-2-2b-it-fullgrid-100m-p720-fixededges/heat/model.layers.23.self_attn.k_proj.npy
450688	2026-05-28T11:32:40.0000000000	./ai/fullgrid/gemma-2-2b-it-fullgrid-100m-p720-fixededges/heat/model.layers.23.self_attn.v_proj.npy
450688	2026-05-28T11:32:41.0000000000	./ai/fullgrid/gemma-2-2b-it-fullgrid-100m-p720-fixededges/heat/model.layers.24.self_attn.k_proj.npy
450688	2026-05-28T11:32:41.0000000000	./ai/fullgrid/gemma-2-2b-it-fullgrid-100m-p720-fixededges/heat/model.layers.24.self_attn.v_proj.npy
450688	2026-05-28T11:32:43.0000000000	./ai/fullgrid/gemma-2-2b-it-fullgrid-100m-p720-fixededges/heat/model.layers.25.self_attn.k_proj.npy
450688	2026-05-28T11:32:43.0000000000	./ai/fullgrid/gemma-2-2b-it-fullgrid-100m-p720-fixededges/heat/model.layers.25.self_attn.v_proj.npy
450688	2026-05-28T11:32:56.0000000000	./ai/fullgrid/gemma-2-2b-it-fullgrid-100m-p720-fixededges/heat/model.layers.0.self_attn.k_proj.npy
450688	2026-05-28T11:32:56.0000000000	./ai/fullgrid/gemma-2-2b-it-fullgrid-100m-p720-fixededges/heat/model.layers.0.self_attn.v_proj.npy
450688	2026-05-28T11:32:58.0000000000	./ai/fullgrid/gemma-2-2b-it-fullgrid-100m-p720-fixededges/heat/model.layers.1.self_attn.k_proj.npy
450688	2026-05-28T11:32:58.0000000000	./ai/fullgrid/gemma-2-2b-it-fullgrid-100m-p720-fixededges/heat/model.layers.1.self_attn.v_proj.npy
450688	2026-05-28T11:32:59.0000000000	./ai/fullgrid/gemma-2-2b-it-fullgrid-100m-p720-fixededges/heat/model.layers.2.self_attn.k_proj.npy
450688	2026-05-28T11:32:59.0000000000	./ai/fullgrid/gemma-2-2b-it-fullgrid-100m-p720-fixededges/heat/model.layers.2.self_attn.v_proj.npy
450688	2026-05-28T11:33:01.0000000000	./ai/fullgrid/gemma-2-2b-it-fullgrid-100m-p720-fixededges/heat/model.layers.3.self_attn.k_proj.npy
450688	2026-05-28T11:33:01.0000000000	./ai/fullgrid/gemma-2-2b-it-fullgrid-100m-p720-fixededges/heat/model.layers.3.self_attn.v_proj.npy
450688	2026-05-28T11:43:29.0000000000	./ai/fullgrid/gemma-2-2b-it-fullgrid-100m-union-fixededges/heat/model.layers.19.self_attn.v_proj.npy
450688	2026-05-28T11:43:30.0000000000	./ai/fullgrid/gemma-2-2b-it-fullgrid-100m-union-fixededges/heat/model.layers.20.self_attn.k_proj.npy
450688	2026-05-28T11:43:30.0000000000	./ai/fullgrid/gemma-2-2b-it-fullgrid-100m-union-fixededges/heat/model.layers.20.self_attn.v_proj.npy
450688	2026-05-28T11:43:30.0000000000	./ai/fullgrid/gemma-2-2b-it-fullgrid-100m-union-fixededges/heat/model.layers.21.self_attn.k_proj.npy
450688	2026-05-28T11:43:30.0000000000	./ai/fullgrid/gemma-2-2b-it-fullgrid-100m-union-fixededges/heat/model.layers.21.self_attn.v_proj.npy
450688	2026-05-28T11:43:31.0000000000	./ai/fullgrid/gemma-2-2b-it-fullgrid-100m-union-fixededges/heat/model.layers.22.self_attn.k_proj.npy
450688	2026-05-28T11:43:31.0000000000	./ai/fullgrid/gemma-2-2b-it-fullgrid-100m-union-fixededges/heat/model.layers.22.self_attn.v_proj.npy
450688	2026-05-28T11:43:31.0000000000	./ai/fullgrid/gemma-2-2b-it-fullgrid-100m-union-fixededges/heat/model.layers.23.self_attn.k_proj.npy
450688	2026-05-28T11:43:31.0000000000	./ai/fullgrid/gemma-2-2b-it-fullgrid-100m-union-fixededges/heat/model.layers.23.self_attn.v_proj.npy
450688	2026-05-28T11:43:36.0000000000	./ai/fullgrid/gemma-2-2b-it-fullgrid-100m-union-fixededges/heat/model.layers.0.self_attn.k_proj.npy
450688	2026-05-28T11:43:36.0000000000	./ai/fullgrid/gemma-2-2b-it-fullgrid-100m-union-fixededges/heat/model.layers.0.self_attn.v_proj.npy
450688	2026-05-28T11:43:39.0000000000	./ai/fullgrid/gemma-2-2b-it-fullgrid-100m-union-fixededges/heat/model.layers.5.self_attn.k_proj.npy
450688	2026-05-28T11:43:39.0000000000	./ai/fullgrid/gemma-2-2b-it-fullgrid-100m-union-fixededges/heat/model.layers.5.self_attn.v_proj.npy
450688	2026-05-28T11:43:40.0000000000	./ai/fullgrid/gemma-2-2b-it-fullgrid-100m-union-fixededges/heat/model.layers.6.self_attn.k_proj.npy
450688	2026-05-28T11:43:40.0000000000	./ai/fullgrid/gemma-2-2b-it-fullgrid-100m-union-fixededges/heat/model.layers.6.self_attn.v_proj.npy
450688	2026-05-28T11:43:41.0000000000	./ai/fullgrid/gemma-2-2b-it-fullgrid-100m-union-fixededges/heat/model.layers.7.self_attn.k_proj.npy
450688	2026-05-28T11:43:41.0000000000	./ai/fullgrid/gemma-2-2b-it-fullgrid-100m-union-fixededges/heat/model.layers.7.self_attn.v_proj.npy
450688	2026-05-28T11:43:41.0000000000	./ai/fullgrid/gemma-2-2b-it-fullgrid-100m-union-fixededges/heat/model.layers.8.self_attn.k_proj.npy
450688	2026-05-28T11:43:41.0000000000	./ai/fullgrid/gemma-2-2b-it-fullgrid-100m-union-fixededges/heat/model.layers.8.self_attn.v_proj.npy
450688	2026-05-28T11:43:42.0000000000	./ai/fullgrid/gemma-2-2b-it-fullgrid-100m-union-fixededges/heat/model.layers.9.self_attn.k_proj.npy
450688	2026-05-28T11:43:46.0000000000	./ai/fullgrid/gemma-2-2b-it-fullgrid-100m-union-fixededges/heat/model.layers.15.self_attn.k_proj.npy
450688	2026-05-28T11:43:46.0000000000	./ai/fullgrid/gemma-2-2b-it-fullgrid-100m-union-fixededges/heat/model.layers.15.self_attn.v_proj.npy
450688	2026-05-28T11:43:46.0000000000	./ai/fullgrid/gemma-2-2b-it-fullgrid-100m-union-fixededges/heat/model.layers.16.self_attn.k_proj.npy
450688	2026-05-28T11:43:46.0000000000	./ai/fullgrid/gemma-2-2b-it-fullgrid-100m-union-fixededges/heat/model.layers.16.self_attn.v_proj.npy
450688	2026-05-28T11:43:47.0000000000	./ai/fullgrid/gemma-2-2b-it-fullgrid-100m-union-fixededges/heat/model.layers.17.self_attn.k_proj.npy
450688	2026-05-28T11:43:47.0000000000	./ai/fullgrid/gemma-2-2b-it-fullgrid-100m-union-fixededges/heat/model.layers.17.self_attn.v_proj.npy
450688	2026-05-28T11:43:48.0000000000	./ai/fullgrid/gemma-2-2b-it-fullgrid-100m-union-fixededges/heat/model.layers.18.self_attn.k_proj.npy
450688	2026-05-28T11:43:48.0000000000	./ai/fullgrid/gemma-2-2b-it-fullgrid-100m-union-fixededges/heat/model.layers.18.self_attn.v_proj.npy
450688	2026-05-28T11:43:48.0000000000	./ai/fullgrid/gemma-2-2b-it-fullgrid-100m-union-fixededges/heat/model.layers.19.self_attn.k_proj.npy
450688	2026-05-28T11:43:51.0000000000	./ai/fullgrid/gemma-2-2b-it-fullgrid-100m-union-fixededges/heat/model.layers.24.self_attn.k_proj.npy
450688	2026-05-28T11:43:51.0000000000	./ai/fullgrid/gemma-2-2b-it-fullgrid-100m-union-fixededges/heat/model.layers.24.self_attn.v_proj.npy
450688	2026-05-28T11:43:52.0000000000	./ai/fullgrid/gemma-2-2b-it-fullgrid-100m-union-fixededges/heat/model.layers.25.self_attn.k_proj.npy
450688	2026-05-28T11:43:52.0000000000	./ai/fullgrid/gemma-2-2b-it-fullgrid-100m-union-fixededges/heat/model.layers.25.self_attn.v_proj.npy
450688	2026-05-28T11:43:58.0000000000	./ai/fullgrid/gemma-2-2b-it-fullgrid-100m-union-fixededges/heat/model.layers.1.self_attn.k_proj.npy
450688	2026-05-28T11:43:58.0000000000	./ai/fullgrid/gemma-2-2b-it-fullgrid-100m-union-fixededges/heat/model.layers.1.self_attn.v_proj.npy
450688	2026-05-28T11:43:59.0000000000	./ai/fullgrid/gemma-2-2b-it-fullgrid-100m-union-fixededges/heat/model.layers.2.self_attn.k_proj.npy
450688	2026-05-28T11:43:59.0000000000	./ai/fullgrid/gemma-2-2b-it-fullgrid-100m-union-fixededges/heat/model.layers.2.self_attn.v_proj.npy
450688	2026-05-28T11:43:59.0000000000	./ai/fullgrid/gemma-2-2b-it-fullgrid-100m-union-fixededges/heat/model.layers.3.self_attn.k_proj.npy
450688	2026-05-28T11:43:59.0000000000	./ai/fullgrid/gemma-2-2b-it-fullgrid-100m-union-fixededges/heat/model.layers.3.self_attn.v_proj.npy
450688	2026-05-28T11:44:00.0000000000	./ai/fullgrid/gemma-2-2b-it-fullgrid-100m-union-fixededges/heat/model.layers.4.self_attn.k_proj.npy
450688	2026-05-28T11:44:00.0000000000	./ai/fullgrid/gemma-2-2b-it-fullgrid-100m-union-fixededges/heat/model.layers.4.self_attn.v_proj.npy
450688	2026-05-28T11:44:03.0000000000	./ai/fullgrid/gemma-2-2b-it-fullgrid-100m-union-fixededges/heat/model.layers.9.self_attn.v_proj.npy
450688	2026-05-28T11:44:04.0000000000	./ai/fullgrid/gemma-2-2b-it-fullgrid-100m-union-fixededges/heat/model.layers.10.self_attn.k_proj.npy
450688	2026-05-28T11:44:04.0000000000	./ai/fullgrid/gemma-2-2b-it-fullgrid-100m-union-fixededges/heat/model.layers.10.self_attn.v_proj.npy
450688	2026-05-28T11:44:04.0000000000	./ai/fullgrid/gemma-2-2b-it-fullgrid-100m-union-fixededges/heat/model.layers.11.self_attn.k_proj.npy
450688	2026-05-28T11:44:04.0000000000	./ai/fullgrid/gemma-2-2b-it-fullgrid-100m-union-fixededges/heat/model.layers.11.self_attn.v_proj.npy
450688	2026-05-28T11:44:05.0000000000	./ai/fullgrid/gemma-2-2b-it-fullgrid-100m-union-fixededges/heat/model.layers.12.self_attn.k_proj.npy
450688	2026-05-28T11:44:05.0000000000	./ai/fullgrid/gemma-2-2b-it-fullgrid-100m-union-fixededges/heat/model.layers.12.self_attn.v_proj.npy
450688	2026-05-28T11:44:06.0000000000	./ai/fullgrid/gemma-2-2b-it-fullgrid-100m-union-fixededges/heat/model.layers.13.self_attn.k_proj.npy
450688	2026-05-28T11:44:06.0000000000	./ai/fullgrid/gemma-2-2b-it-fullgrid-100m-union-fixededges/heat/model.layers.13.self_attn.v_proj.npy
450688	2026-05-28T11:44:06.0000000000	./ai/fullgrid/gemma-2-2b-it-fullgrid-100m-union-fixededges/heat/model.layers.14.self_attn.k_proj.npy
450688	2026-05-28T11:44:07.0000000000	./ai/fullgrid/gemma-2-2b-it-fullgrid-100m-union-fixededges/heat/model.layers.14.self_attn.v_proj.npy
450688	2026-05-29T10:17:42.0000000000	./ai/fullgrid/gemma-2-2b-it-fullgrid-100m-p1200-perchannel/heat/model.layers.4.self_attn.k_proj.npy
450688	2026-05-29T10:17:55.0000000000	./ai/fullgrid/gemma-2-2b-it-fullgrid-100m-p1200-perchannel/heat/model.layers.9.self_attn.k_proj.npy
450688	2026-05-29T10:17:55.0000000000	./ai/fullgrid/gemma-2-2b-it-fullgrid-100m-p1200-perchannel/heat/model.layers.9.self_attn.v_proj.npy
450688	2026-05-29T10:18:17.0000000000	./ai/fullgrid/gemma-2-2b-it-fullgrid-100m-p1200-perchannel/heat/model.layers.18.self_attn.k_proj.npy
450688	2026-05-29T10:18:25.0000000000	./ai/fullgrid/gemma-2-2b-it-fullgrid-100m-p1200-perchannel/heat/model.layers.21.self_attn.v_proj.npy
450688	2026-05-29T10:18:28.0000000000	./ai/fullgrid/gemma-2-2b-it-fullgrid-100m-p1200-perchannel/heat/model.layers.22.self_attn.v_proj.npy
450688	2026-05-29T10:18:33.0000000000	./ai/fullgrid/gemma-2-2b-it-fullgrid-100m-p1200-perchannel/heat/model.layers.24.self_attn.k_proj.npy
450688	2026-05-29T10:18:33.0000000000	./ai/fullgrid/gemma-2-2b-it-fullgrid-100m-p1200-perchannel/heat/model.layers.24.self_attn.v_proj.npy
450688	2026-05-29T10:19:00.0000000000	./ai/fullgrid/gemma-2-2b-it-fullgrid-100m-p1200-perchannel/heat/model.layers.1.self_attn.k_proj.npy
450688	2026-05-29T10:19:00.0000000000	./ai/fullgrid/gemma-2-2b-it-fullgrid-100m-p1200-perchannel/heat/model.layers.1.self_attn.v_proj.npy
450688	2026-05-29T10:19:02.0000000000	./ai/fullgrid/gemma-2-2b-it-fullgrid-100m-p1200-perchannel/heat/model.layers.2.self_attn.k_proj.npy
450688	2026-05-29T10:19:02.0000000000	./ai/fullgrid/gemma-2-2b-it-fullgrid-100m-p1200-perchannel/heat/model.layers.2.self_attn.v_proj.npy
450688	2026-05-29T10:19:05.0000000000	./ai/fullgrid/gemma-2-2b-it-fullgrid-100m-p1200-perchannel/heat/model.layers.3.self_attn.v_proj.npy
450688	2026-05-29T10:19:10.0000000000	./ai/fullgrid/gemma-2-2b-it-fullgrid-100m-p1200-perchannel/heat/model.layers.5.self_attn.k_proj.npy
450688	2026-05-29T10:19:10.0000000000	./ai/fullgrid/gemma-2-2b-it-fullgrid-100m-p1200-perchannel/heat/model.layers.5.self_attn.v_proj.npy
450688	2026-05-29T10:19:12.0000000000	./ai/fullgrid/gemma-2-2b-it-fullgrid-100m-p1200-perchannel/heat/model.layers.6.self_attn.k_proj.npy
450688	2026-05-29T10:19:15.0000000000	./ai/fullgrid/gemma-2-2b-it-fullgrid-100m-p1200-perchannel/heat/model.layers.7.self_attn.v_proj.npy
450688	2026-05-29T10:19:17.0000000000	./ai/fullgrid/gemma-2-2b-it-fullgrid-100m-p1200-perchannel/heat/model.layers.8.self_attn.k_proj.npy
450688	2026-05-29T10:19:17.0000000000	./ai/fullgrid/gemma-2-2b-it-fullgrid-100m-p1200-perchannel/heat/model.layers.8.self_attn.v_proj.npy
450688	2026-05-29T10:19:22.0000000000	./ai/fullgrid/gemma-2-2b-it-fullgrid-100m-p1200-perchannel/heat/model.layers.10.self_attn.v_proj.npy
450688	2026-05-29T10:19:27.0000000000	./ai/fullgrid/gemma-2-2b-it-fullgrid-100m-p1200-perchannel/heat/model.layers.12.self_attn.k_proj.npy
450688	2026-05-29T10:19:27.0000000000	./ai/fullgrid/gemma-2-2b-it-fullgrid-100m-p1200-perchannel/heat/model.layers.12.self_attn.v_proj.npy
450688	2026-05-29T10:19:32.0000000000	./ai/fullgrid/gemma-2-2b-it-fullgrid-100m-p1200-perchannel/heat/model.layers.14.self_attn.v_proj.npy
450688	2026-05-29T10:19:34.0000000000	./ai/fullgrid/gemma-2-2b-it-fullgrid-100m-p1200-perchannel/heat/model.layers.15.self_attn.k_proj.npy
450688	2026-05-29T10:19:34.0000000000	./ai/fullgrid/gemma-2-2b-it-fullgrid-100m-p1200-perchannel/heat/model.layers.15.self_attn.v_proj.npy
450688	2026-05-29T10:19:37.0000000000	./ai/fullgrid/gemma-2-2b-it-fullgrid-100m-p1200-perchannel/heat/model.layers.16.self_attn.v_proj.npy
450688	2026-05-29T10:19:39.0000000000	./ai/fullgrid/gemma-2-2b-it-fullgrid-100m-p1200-perchannel/heat/model.layers.17.self_attn.k_proj.npy
450688	2026-05-29T10:19:44.0000000000	./ai/fullgrid/gemma-2-2b-it-fullgrid-100m-p1200-perchannel/heat/model.layers.19.self_attn.v_proj.npy
450688	2026-05-29T10:19:52.0000000000	./ai/fullgrid/gemma-2-2b-it-fullgrid-100m-p1200-perchannel/heat/model.layers.22.self_attn.k_proj.npy
450688	2026-05-29T10:19:54.0000000000	./ai/fullgrid/gemma-2-2b-it-fullgrid-100m-p1200-perchannel/heat/model.layers.23.self_attn.v_proj.npy
450688	2026-05-29T10:19:59.0000000000	./ai/fullgrid/gemma-2-2b-it-fullgrid-100m-p1200-perchannel/heat/model.layers.25.self_attn.k_proj.npy
450688	2026-05-29T10:20:20.0000000000	./ai/fullgrid/gemma-2-2b-it-fullgrid-100m-p1200-perchannel/heat/model.layers.0.self_attn.k_proj.npy
450688	2026-05-29T10:20:28.0000000000	./ai/fullgrid/gemma-2-2b-it-fullgrid-100m-p1200-perchannel/heat/model.layers.3.self_attn.k_proj.npy
450688	2026-05-29T10:20:30.0000000000	./ai/fullgrid/gemma-2-2b-it-fullgrid-100m-p1200-perchannel/heat/model.layers.4.self_attn.v_proj.npy
450688	2026-05-29T10:20:35.0000000000	./ai/fullgrid/gemma-2-2b-it-fullgrid-100m-p1200-perchannel/heat/model.layers.6.self_attn.v_proj.npy
450688	2026-05-29T10:20:45.0000000000	./ai/fullgrid/gemma-2-2b-it-fullgrid-100m-p1200-perchannel/heat/model.layers.10.self_attn.k_proj.npy
450688	2026-05-29T10:20:47.0000000000	./ai/fullgrid/gemma-2-2b-it-fullgrid-100m-p1200-perchannel/heat/model.layers.11.self_attn.k_proj.npy
450688	2026-05-29T10:20:47.0000000000	./ai/fullgrid/gemma-2-2b-it-fullgrid-100m-p1200-perchannel/heat/model.layers.11.self_attn.v_proj.npy
450688	2026-05-29T10:20:52.0000000000	./ai/fullgrid/gemma-2-2b-it-fullgrid-100m-p1200-perchannel/heat/model.layers.13.self_attn.k_proj.npy
450688	2026-05-29T10:20:52.0000000000	./ai/fullgrid/gemma-2-2b-it-fullgrid-100m-p1200-perchannel/heat/model.layers.13.self_attn.v_proj.npy
450688	2026-05-29T10:20:55.0000000000	./ai/fullgrid/gemma-2-2b-it-fullgrid-100m-p1200-perchannel/heat/model.layers.14.self_attn.k_proj.npy
450688	2026-05-29T10:21:00.0000000000	./ai/fullgrid/gemma-2-2b-it-fullgrid-100m-p1200-perchannel/heat/model.layers.16.self_attn.k_proj.npy
450688	2026-05-29T10:21:02.0000000000	./ai/fullgrid/gemma-2-2b-it-fullgrid-100m-p1200-perchannel/heat/model.layers.17.self_attn.v_proj.npy
450688	2026-05-29T10:21:05.0000000000	./ai/fullgrid/gemma-2-2b-it-fullgrid-100m-p1200-perchannel/heat/model.layers.18.self_attn.v_proj.npy
450688	2026-05-29T10:21:07.0000000000	./ai/fullgrid/gemma-2-2b-it-fullgrid-100m-p1200-perchannel/heat/model.layers.19.self_attn.k_proj.npy
450688	2026-05-29T10:21:10.0000000000	./ai/fullgrid/gemma-2-2b-it-fullgrid-100m-p1200-perchannel/heat/model.layers.20.self_attn.k_proj.npy
450688	2026-05-29T10:21:10.0000000000	./ai/fullgrid/gemma-2-2b-it-fullgrid-100m-p1200-perchannel/heat/model.layers.20.self_attn.v_proj.npy
450688	2026-05-29T10:21:12.0000000000	./ai/fullgrid/gemma-2-2b-it-fullgrid-100m-p1200-perchannel/heat/model.layers.21.self_attn.k_proj.npy
450688	2026-05-29T10:21:17.0000000000	./ai/fullgrid/gemma-2-2b-it-fullgrid-100m-p1200-perchannel/heat/model.layers.23.self_attn.k_proj.npy
450688	2026-05-29T10:21:22.0000000000	./ai/fullgrid/gemma-2-2b-it-fullgrid-100m-p1200-perchannel/heat/model.layers.25.self_attn.v_proj.npy
450688	2026-05-29T10:21:43.0000000000	./ai/fullgrid/gemma-2-2b-it-fullgrid-100m-p1200-perchannel/heat/model.layers.0.self_attn.v_proj.npy
450688	2026-05-29T10:22:00.0000000000	./ai/fullgrid/gemma-2-2b-it-fullgrid-100m-p1200-perchannel/heat/model.layers.7.self_attn.k_proj.npy
452306	2026-05-28T11:44:12.0000000000	./ai/fullgrid/gemma-2-2b-it-fullgrid-100m-p1200-perchannel/probes.txt
452306	2026-05-28T11:44:33.0000000000	./ai/fullgrid/qwen3-8b-fullgrid-100m-p1200-perchannel/probes.txt
452306	2026-05-28T11:44:55.0000000000	./ai/fullgrid/qwen3.5-4b-fullgrid-100m-p1200-perchannel/probes.txt
452306	2026-05-28T11:45:21.0000000000	./ai/fullgrid/qwen2.5-7b-instruct-fullgrid-100m-p1200-perchannel/probes.txt
452306	2026-05-28T11:49:25.0000000000	./gx10/fullgrid/qwen25-3b-fullgrid-100m-p1200-perchannel/probes.txt
452306	2026-05-28T11:49:25.0000000000	./gx10/fullgrid/qwen7b-fullgrid-100m-p1200-perchannel/probes.txt
452306	2026-05-28T12:20:28.0000000000	./john/fullgrid/qwen3b-fullgrid-100m-p1200-perchannel/probes.txt
452306	2026-05-28T12:28:37.0000000000	./john/fullgrid/qwen3b-fullgrid-100m-p1200-perchannel-fd4096/probes.txt
452306	2026-05-28T12:55:38.0000000000	./john/fullgrid/dsr1-7b-fullgrid-100m-p1200-perchannel-fd4096/probes.txt
452306	2026-05-28T12:56:57.0000000000	./john/fullgrid/internlm2-7b-fullgrid-100m-p1200-perchannel-fd4096/probes.txt
452306	2026-05-28T14:57:10.0000000000	./john/fullgrid/phi-2-fullgrid-100m-p1200-perchannel-john/probes.txt
452306	2026-05-28T15:53:00.0000000000	./john/fullgrid/pythia-2.8b-fullgrid-100m-p1200-perchannel-john/probes.txt
452306	2026-05-28T16:46:31.0000000000	./john/fullgrid/bloom-560m-fullgrid-100m-p1200-perchannel-john/probes.txt
452306	2026-05-28T17:09:18.0000000000	./john/fullgrid/bloom-1b1-fullgrid-100m-p1200-perchannel-john/probes.txt
452306	2026-05-28T17:34:23.0000000000	./john/fullgrid/bloom-3b-fullgrid-100m-p1200-perchannel-john/probes.txt
452306	2026-05-28T18:09:18.0000000000	./john/fullgrid/bloomz-560m-fullgrid-100m-p1200-perchannel-john/probes.txt
452306	2026-05-28T18:34:20.0000000000	./john/fullgrid/bloomz-1b1-fullgrid-100m-p1200-perchannel-john/probes.txt
452306	2026-05-28T18:59:20.0000000000	./john/fullgrid/bloomz-3b-fullgrid-100m-p1200-perchannel-john/probes.txt
452306	2026-05-28T19:34:24.0000000000	./john/fullgrid/pythia-6.9b-fullgrid-100m-p1200-perchannel-john/probes.txt
4834	2026-05-29T09:56:19.0000000000	./local-index/ai/fullgrid/logs/qwen2.5-7b-instruct-fullgrid-100m-p1200-perchannel.log
48491178	2026-05-28T17:44:26.0000000000	./john/fullgrid/bloom-3b-fullgrid-100m-p1200-perchannel-john/quantile_edges.npz
48491178	2026-05-28T19:08:39.0000000000	./john/fullgrid/bloomz-3b-fullgrid-100m-p1200-perchannel-john/quantile_edges.npz
4914	2026-05-29T10:31:29.0000000000	./ai/fullgrid/logs/qwen2.5-7b-instruct-fullgrid-100m-p1200-perchannel.log
4915328	2026-05-28T19:52:36.0000000000	./john/fullgrid/pythia-6.9b-fullgrid-100m-p1200-perchannel-john/heat/gpt_neox.layers.0.attention.query_key_value.npy
4915328	2026-05-28T19:52:36.0000000000	./john/fullgrid/pythia-6.9b-fullgrid-100m-p1200-perchannel-john/heat/gpt_neox.layers.1.attention.query_key_value.npy
4915328	2026-05-28T19:52:37.0000000000	./john/fullgrid/pythia-6.9b-fullgrid-100m-p1200-perchannel-john/heat/gpt_neox.layers.10.attention.query_key_value.npy
4915328	2026-05-28T19:52:37.0000000000	./john/fullgrid/pythia-6.9b-fullgrid-100m-p1200-perchannel-john/heat/gpt_neox.layers.11.attention.query_key_value.npy
4915328	2026-05-28T19:52:37.0000000000	./john/fullgrid/pythia-6.9b-fullgrid-100m-p1200-perchannel-john/heat/gpt_neox.layers.12.attention.query_key_value.npy
4915328	2026-05-28T19:52:37.0000000000	./john/fullgrid/pythia-6.9b-fullgrid-100m-p1200-perchannel-john/heat/gpt_neox.layers.2.attention.query_key_value.npy
4915328	2026-05-28T19:52:37.0000000000	./john/fullgrid/pythia-6.9b-fullgrid-100m-p1200-perchannel-john/heat/gpt_neox.layers.3.attention.query_key_value.npy
4915328	2026-05-28T19:52:37.0000000000	./john/fullgrid/pythia-6.9b-fullgrid-100m-p1200-perchannel-john/heat/gpt_neox.layers.4.attention.query_key_value.npy
4915328	2026-05-28T19:52:37.0000000000	./john/fullgrid/pythia-6.9b-fullgrid-100m-p1200-perchannel-john/heat/gpt_neox.layers.5.attention.query_key_value.npy
4915328	2026-05-28T19:52:37.0000000000	./john/fullgrid/pythia-6.9b-fullgrid-100m-p1200-perchannel-john/heat/gpt_neox.layers.6.attention.query_key_value.npy
4915328	2026-05-28T19:52:37.0000000000	./john/fullgrid/pythia-6.9b-fullgrid-100m-p1200-perchannel-john/heat/gpt_neox.layers.7.attention.query_key_value.npy
4915328	2026-05-28T19:52:37.0000000000	./john/fullgrid/pythia-6.9b-fullgrid-100m-p1200-perchannel-john/heat/gpt_neox.layers.8.attention.query_key_value.npy
4915328	2026-05-28T19:52:37.0000000000	./john/fullgrid/pythia-6.9b-fullgrid-100m-p1200-perchannel-john/heat/gpt_neox.layers.9.attention.query_key_value.npy
4915328	2026-05-28T19:52:38.0000000000	./john/fullgrid/pythia-6.9b-fullgrid-100m-p1200-perchannel-john/heat/gpt_neox.layers.13.attention.query_key_value.npy
4915328	2026-05-28T19:52:38.0000000000	./john/fullgrid/pythia-6.9b-fullgrid-100m-p1200-perchannel-john/heat/gpt_neox.layers.14.attention.query_key_value.npy
4915328	2026-05-28T19:52:38.0000000000	./john/fullgrid/pythia-6.9b-fullgrid-100m-p1200-perchannel-john/heat/gpt_neox.layers.15.attention.query_key_value.npy
4915328	2026-05-28T19:52:38.0000000000	./john/fullgrid/pythia-6.9b-fullgrid-100m-p1200-perchannel-john/heat/gpt_neox.layers.16.attention.query_key_value.npy
4915328	2026-05-28T19:52:38.0000000000	./john/fullgrid/pythia-6.9b-fullgrid-100m-p1200-perchannel-john/heat/gpt_neox.layers.17.attention.query_key_value.npy
4915328	2026-05-28T19:52:38.0000000000	./john/fullgrid/pythia-6.9b-fullgrid-100m-p1200-perchannel-john/heat/gpt_neox.layers.18.attention.query_key_value.npy
4915328	2026-05-28T19:52:38.0000000000	./john/fullgrid/pythia-6.9b-fullgrid-100m-p1200-perchannel-john/heat/gpt_neox.layers.19.attention.query_key_value.npy
4915328	2026-05-28T19:52:38.0000000000	./john/fullgrid/pythia-6.9b-fullgrid-100m-p1200-perchannel-john/heat/gpt_neox.layers.20.attention.query_key_value.npy
4915328	2026-05-28T19:52:38.0000000000	./john/fullgrid/pythia-6.9b-fullgrid-100m-p1200-perchannel-john/heat/gpt_neox.layers.21.attention.query_key_value.npy
4915328	2026-05-28T19:52:38.0000000000	./john/fullgrid/pythia-6.9b-fullgrid-100m-p1200-perchannel-john/heat/gpt_neox.layers.22.attention.query_key_value.npy
4915328	2026-05-28T19:52:38.0000000000	./john/fullgrid/pythia-6.9b-fullgrid-100m-p1200-perchannel-john/heat/gpt_neox.layers.23.attention.query_key_value.npy
4915328	2026-05-28T19:52:38.0000000000	./john/fullgrid/pythia-6.9b-fullgrid-100m-p1200-perchannel-john/heat/gpt_neox.layers.24.attention.query_key_value.npy
4915328	2026-05-28T19:52:38.0000000000	./john/fullgrid/pythia-6.9b-fullgrid-100m-p1200-perchannel-john/heat/gpt_neox.layers.25.attention.query_key_value.npy
4915328	2026-05-28T19:52:39.0000000000	./john/fullgrid/pythia-6.9b-fullgrid-100m-p1200-perchannel-john/heat/gpt_neox.layers.26.attention.query_key_value.npy
4915328	2026-05-28T19:52:39.0000000000	./john/fullgrid/pythia-6.9b-fullgrid-100m-p1200-perchannel-john/heat/gpt_neox.layers.27.attention.query_key_value.npy
4915328	2026-05-28T19:52:39.0000000000	./john/fullgrid/pythia-6.9b-fullgrid-100m-p1200-perchannel-john/heat/gpt_neox.layers.28.attention.query_key_value.npy
4915328	2026-05-28T19:52:39.0000000000	./john/fullgrid/pythia-6.9b-fullgrid-100m-p1200-perchannel-john/heat/gpt_neox.layers.29.attention.query_key_value.npy
4915328	2026-05-28T19:52:39.0000000000	./john/fullgrid/pythia-6.9b-fullgrid-100m-p1200-perchannel-john/heat/gpt_neox.layers.30.attention.query_key_value.npy
4915328	2026-05-28T19:52:39.0000000000	./john/fullgrid/pythia-6.9b-fullgrid-100m-p1200-perchannel-john/heat/gpt_neox.layers.31.attention.query_key_value.npy
4956288	2026-05-28T15:51:29.0000000000	./john/fullgrid/phi-2-fullgrid-100m-p1200-perchannel-john/heat/model.layers.0.mlp.fc1.npy
4956288	2026-05-28T15:51:29.0000000000	./john/fullgrid/phi-2-fullgrid-100m-p1200-perchannel-john/heat/model.layers.1.mlp.fc1.npy
4956288	2026-05-28T15:51:29.0000000000	./john/fullgrid/phi-2-fullgrid-100m-p1200-perchannel-john/heat/model.layers.10.mlp.fc1.npy
4956288	2026-05-28T15:51:29.0000000000	./john/fullgrid/phi-2-fullgrid-100m-p1200-perchannel-john/heat/model.layers.11.mlp.fc1.npy
4956288	2026-05-28T15:51:29.0000000000	./john/fullgrid/phi-2-fullgrid-100m-p1200-perchannel-john/heat/model.layers.12.mlp.fc1.npy
4956288	2026-05-28T15:51:29.0000000000	./john/fullgrid/phi-2-fullgrid-100m-p1200-perchannel-john/heat/model.layers.13.mlp.fc1.npy
4956288	2026-05-28T15:51:29.0000000000	./john/fullgrid/phi-2-fullgrid-100m-p1200-perchannel-john/heat/model.layers.14.mlp.fc1.npy
4956288	2026-05-28T15:51:29.0000000000	./john/fullgrid/phi-2-fullgrid-100m-p1200-perchannel-john/heat/model.layers.15.mlp.fc1.npy
4956288	2026-05-28T15:51:29.0000000000	./john/fullgrid/phi-2-fullgrid-100m-p1200-perchannel-john/heat/model.layers.16.mlp.fc1.npy
4956288	2026-05-28T15:51:29.0000000000	./john/fullgrid/phi-2-fullgrid-100m-p1200-perchannel-john/heat/model.layers.17.mlp.fc1.npy
4956288	2026-05-28T15:51:29.0000000000	./john/fullgrid/phi-2-fullgrid-100m-p1200-perchannel-john/heat/model.layers.18.mlp.fc1.npy
4956288	2026-05-28T15:51:29.0000000000	./john/fullgrid/phi-2-fullgrid-100m-p1200-perchannel-john/heat/model.layers.19.mlp.fc1.npy
4956288	2026-05-28T15:51:29.0000000000	./john/fullgrid/phi-2-fullgrid-100m-p1200-perchannel-john/heat/model.layers.2.mlp.fc1.npy
4956288	2026-05-28T15:51:29.0000000000	./john/fullgrid/phi-2-fullgrid-100m-p1200-perchannel-john/heat/model.layers.20.mlp.fc1.npy
4956288	2026-05-28T15:51:29.0000000000	./john/fullgrid/phi-2-fullgrid-100m-p1200-perchannel-john/heat/model.layers.21.mlp.fc1.npy
4956288	2026-05-28T15:51:29.0000000000	./john/fullgrid/phi-2-fullgrid-100m-p1200-perchannel-john/heat/model.layers.22.mlp.fc1.npy
4956288	2026-05-28T15:51:29.0000000000	./john/fullgrid/phi-2-fullgrid-100m-p1200-perchannel-john/heat/model.layers.23.mlp.fc1.npy
4956288	2026-05-28T15:51:29.0000000000	./john/fullgrid/phi-2-fullgrid-100m-p1200-perchannel-john/heat/model.layers.24.mlp.fc1.npy
4956288	2026-05-28T15:51:29.0000000000	./john/fullgrid/phi-2-fullgrid-100m-p1200-perchannel-john/heat/model.layers.25.mlp.fc1.npy
4956288	2026-05-28T15:51:29.0000000000	./john/fullgrid/phi-2-fullgrid-100m-p1200-perchannel-john/heat/model.layers.26.mlp.fc1.npy
4956288	2026-05-28T15:51:29.0000000000	./john/fullgrid/phi-2-fullgrid-100m-p1200-perchannel-john/heat/model.layers.27.mlp.fc1.npy
4956288	2026-05-28T15:51:29.0000000000	./john/fullgrid/phi-2-fullgrid-100m-p1200-perchannel-john/heat/model.layers.28.mlp.fc1.npy
4956288	2026-05-28T15:51:29.0000000000	./john/fullgrid/phi-2-fullgrid-100m-p1200-perchannel-john/heat/model.layers.29.mlp.fc1.npy
4956288	2026-05-28T15:51:29.0000000000	./john/fullgrid/phi-2-fullgrid-100m-p1200-perchannel-john/heat/model.layers.3.mlp.fc1.npy
4956288	2026-05-28T15:51:29.0000000000	./john/fullgrid/phi-2-fullgrid-100m-p1200-perchannel-john/heat/model.layers.30.mlp.fc1.npy
4956288	2026-05-28T15:51:29.0000000000	./john/fullgrid/phi-2-fullgrid-100m-p1200-perchannel-john/heat/model.layers.31.mlp.fc1.npy
4956288	2026-05-28T15:51:29.0000000000	./john/fullgrid/phi-2-fullgrid-100m-p1200-perchannel-john/heat/model.layers.4.mlp.fc1.npy
4956288	2026-05-28T15:51:29.0000000000	./john/fullgrid/phi-2-fullgrid-100m-p1200-perchannel-john/heat/model.layers.5.mlp.fc1.npy
4956288	2026-05-28T15:51:29.0000000000	./john/fullgrid/phi-2-fullgrid-100m-p1200-perchannel-john/heat/model.layers.6.mlp.fc1.npy
4956288	2026-05-28T15:51:29.0000000000	./john/fullgrid/phi-2-fullgrid-100m-p1200-perchannel-john/heat/model.layers.7.mlp.fc1.npy
4956288	2026-05-28T15:51:29.0000000000	./john/fullgrid/phi-2-fullgrid-100m-p1200-perchannel-john/heat/model.layers.8.mlp.fc1.npy
4956288	2026-05-28T15:51:29.0000000000	./john/fullgrid/phi-2-fullgrid-100m-p1200-perchannel-john/heat/model.layers.9.mlp.fc1.npy
5	2026-05-28T12:22:20.0000000000	./john/fullgrid/logs/qwen3b-fullgrid-q6s15-p180.pid
51738	2026-05-28T10:33:01.0000000000	./ai/fullgrid/gpt2-medium-fullgrid-100m/meta.json
51738	2026-05-28T10:33:01.0000000000	./local-index/ai/fullgrid/gpt2-medium-fullgrid-100m/meta.json
52116	2026-05-28T10:32:34.0000000000	./ai/fullgrid/gpt2-medium-fullgrid-100m/quantile_edges.npz
52116	2026-05-28T11:00:59.0000000000	./ai/fullgrid/gpt2-medium-fullgrid-100m-p180/quantile_edges.npz
52175560	2026-05-28T12:30:19.0000000000	./john/fullgrid/qwen3b-fullgrid-100m-p1200-perchannel-fd4096/quantile_edges.npz
52175560	2026-05-28T13:32:22.0000000000	./gx10/fullgrid/qwen25-3b-fullgrid-100m-p1200-perchannel/quantile_edges.npz
52497	2026-05-28T11:03:02.0000000000	./ai/fullgrid/gpt2-medium-fullgrid-100m-p180/meta.json
52497	2026-05-28T11:03:02.0000000000	./local-index/ai/fullgrid/gpt2-medium-fullgrid-100m-p180/meta.json
5308544	2026-05-28T10:32:36.0000000000	./ai/fullgrid/gpt2-medium-fullgrid-100m/heat/transformer.h.1.mlp.c_fc.npy
5308544	2026-05-28T10:32:36.0000000000	./ai/fullgrid/gpt2-medium-fullgrid-100m/heat/transformer.h.2.mlp.c_fc.npy
5308544	2026-05-28T10:32:36.0000000000	./ai/fullgrid/gpt2-medium-fullgrid-100m/heat/transformer.h.3.mlp.c_fc.npy
5308544	2026-05-28T10:32:36.0000000000	./ai/fullgrid/gpt2-medium-fullgrid-100m/heat/transformer.h.5.mlp.c_fc.npy
5308544	2026-05-28T10:32:36.0000000000	./ai/fullgrid/gpt2-medium-fullgrid-100m/heat/transformer.h.6.mlp.c_fc.npy
5308544	2026-05-28T10:32:37.0000000000	./ai/fullgrid/gpt2-medium-fullgrid-100m/heat/transformer.h.0.mlp.c_fc.npy
5308544	2026-05-28T10:32:37.0000000000	./ai/fullgrid/gpt2-medium-fullgrid-100m/heat/transformer.h.11.mlp.c_fc.npy
5308544	2026-05-28T10:32:37.0000000000	./ai/fullgrid/gpt2-medium-fullgrid-100m/heat/transformer.h.4.mlp.c_fc.npy
5308544	2026-05-28T10:32:37.0000000000	./ai/fullgrid/gpt2-medium-fullgrid-100m/heat/transformer.h.7.mlp.c_fc.npy
5308544	2026-05-28T10:32:39.0000000000	./ai/fullgrid/gpt2-medium-fullgrid-100m/heat/transformer.h.10.mlp.c_fc.npy
5308544	2026-05-28T10:32:40.0000000000	./ai/fullgrid/gpt2-medium-fullgrid-100m/heat/transformer.h.9.mlp.c_fc.npy
5308544	2026-05-28T10:32:42.0000000000	./ai/fullgrid/gpt2-medium-fullgrid-100m/heat/transformer.h.12.mlp.c_fc.npy
5308544	2026-05-28T10:32:42.0000000000	./ai/fullgrid/gpt2-medium-fullgrid-100m/heat/transformer.h.13.mlp.c_fc.npy
5308544	2026-05-28T10:32:42.0000000000	./ai/fullgrid/gpt2-medium-fullgrid-100m/heat/transformer.h.14.mlp.c_fc.npy
5308544	2026-05-28T10:32:42.0000000000	./ai/fullgrid/gpt2-medium-fullgrid-100m/heat/transformer.h.16.mlp.c_fc.npy
5308544	2026-05-28T10:32:42.0000000000	./ai/fullgrid/gpt2-medium-fullgrid-100m/heat/transformer.h.18.mlp.c_fc.npy
5308544	2026-05-28T10:32:42.0000000000	./ai/fullgrid/gpt2-medium-fullgrid-100m/heat/transformer.h.19.mlp.c_fc.npy
5308544	2026-05-28T10:32:42.0000000000	./ai/fullgrid/gpt2-medium-fullgrid-100m/heat/transformer.h.22.mlp.c_fc.npy
5308544	2026-05-28T10:32:43.0000000000	./ai/fullgrid/gpt2-medium-fullgrid-100m/heat/transformer.h.21.mlp.c_fc.npy
5308544	2026-05-28T10:32:43.0000000000	./ai/fullgrid/gpt2-medium-fullgrid-100m/heat/transformer.h.8.mlp.c_fc.npy
5308544	2026-05-28T10:32:49.0000000000	./ai/fullgrid/gpt2-medium-fullgrid-100m/heat/transformer.h.15.mlp.c_fc.npy
5308544	2026-05-28T10:32:49.0000000000	./ai/fullgrid/gpt2-medium-fullgrid-100m/heat/transformer.h.17.mlp.c_fc.npy
5308544	2026-05-28T10:32:49.0000000000	./ai/fullgrid/gpt2-medium-fullgrid-100m/heat/transformer.h.20.mlp.c_fc.npy
5308544	2026-05-28T10:32:50.0000000000	./ai/fullgrid/gpt2-medium-fullgrid-100m/heat/transformer.h.23.mlp.c_fc.npy
5308544	2026-05-28T11:02:39.0000000000	./ai/fullgrid/gpt2-medium-fullgrid-100m-p180/heat/transformer.h.0.mlp.c_fc.npy
5308544	2026-05-28T11:02:39.0000000000	./ai/fullgrid/gpt2-medium-fullgrid-100m-p180/heat/transformer.h.1.mlp.c_fc.npy
5308544	2026-05-28T11:02:39.0000000000	./ai/fullgrid/gpt2-medium-fullgrid-100m-p180/heat/transformer.h.2.mlp.c_fc.npy
5308544	2026-05-28T11:02:39.0000000000	./ai/fullgrid/gpt2-medium-fullgrid-100m-p180/heat/transformer.h.3.mlp.c_fc.npy
5308544	2026-05-28T11:02:39.0000000000	./ai/fullgrid/gpt2-medium-fullgrid-100m-p180/heat/transformer.h.4.mlp.c_fc.npy
5308544	2026-05-28T11:02:39.0000000000	./ai/fullgrid/gpt2-medium-fullgrid-100m-p180/heat/transformer.h.5.mlp.c_fc.npy
5308544	2026-05-28T11:02:39.0000000000	./ai/fullgrid/gpt2-medium-fullgrid-100m-p180/heat/transformer.h.6.mlp.c_fc.npy
5308544	2026-05-28T11:02:43.0000000000	./ai/fullgrid/gpt2-medium-fullgrid-100m-p180/heat/transformer.h.14.mlp.c_fc.npy
5308544	2026-05-28T11:02:43.0000000000	./ai/fullgrid/gpt2-medium-fullgrid-100m-p180/heat/transformer.h.16.mlp.c_fc.npy
5308544	2026-05-28T11:02:44.0000000000	./ai/fullgrid/gpt2-medium-fullgrid-100m-p180/heat/transformer.h.10.mlp.c_fc.npy
5308544	2026-05-28T11:02:44.0000000000	./ai/fullgrid/gpt2-medium-fullgrid-100m-p180/heat/transformer.h.11.mlp.c_fc.npy
5308544	2026-05-28T11:02:44.0000000000	./ai/fullgrid/gpt2-medium-fullgrid-100m-p180/heat/transformer.h.13.mlp.c_fc.npy
5308544	2026-05-28T11:02:44.0000000000	./ai/fullgrid/gpt2-medium-fullgrid-100m-p180/heat/transformer.h.19.mlp.c_fc.npy
5308544	2026-05-28T11:02:44.0000000000	./ai/fullgrid/gpt2-medium-fullgrid-100m-p180/heat/transformer.h.22.mlp.c_fc.npy
5308544	2026-05-28T11:02:44.0000000000	./ai/fullgrid/gpt2-medium-fullgrid-100m-p180/heat/transformer.h.7.mlp.c_fc.npy
5308544	2026-05-28T11:02:45.0000000000	./ai/fullgrid/gpt2-medium-fullgrid-100m-p180/heat/transformer.h.15.mlp.c_fc.npy
5308544	2026-05-28T11:02:45.0000000000	./ai/fullgrid/gpt2-medium-fullgrid-100m-p180/heat/transformer.h.18.mlp.c_fc.npy
5308544	2026-05-28T11:02:45.0000000000	./ai/fullgrid/gpt2-medium-fullgrid-100m-p180/heat/transformer.h.20.mlp.c_fc.npy
5308544	2026-05-28T11:02:45.0000000000	./ai/fullgrid/gpt2-medium-fullgrid-100m-p180/heat/transformer.h.8.mlp.c_fc.npy
5308544	2026-05-28T11:02:45.0000000000	./ai/fullgrid/gpt2-medium-fullgrid-100m-p180/heat/transformer.h.9.mlp.c_fc.npy
5308544	2026-05-28T11:02:47.0000000000	./ai/fullgrid/gpt2-medium-fullgrid-100m-p180/heat/transformer.h.12.mlp.c_fc.npy
5308544	2026-05-28T11:02:47.0000000000	./ai/fullgrid/gpt2-medium-fullgrid-100m-p180/heat/transformer.h.21.mlp.c_fc.npy
5308544	2026-05-28T11:02:48.0000000000	./ai/fullgrid/gpt2-medium-fullgrid-100m-p180/heat/transformer.h.23.mlp.c_fc.npy
5308544	2026-05-28T11:02:49.0000000000	./ai/fullgrid/gpt2-medium-fullgrid-100m-p180/heat/transformer.h.17.mlp.c_fc.npy
5308544	2026-05-28T11:03:26.0000000000	./ai/fullgrid/gpt2-medium-fullgrid-100m-p720/heat/transformer.h.0.mlp.c_fc.npy
5308544	2026-05-28T11:03:26.0000000000	./ai/fullgrid/gpt2-medium-fullgrid-100m-p720/heat/transformer.h.1.mlp.c_fc.npy
5308544	2026-05-28T11:03:26.0000000000	./ai/fullgrid/gpt2-medium-fullgrid-100m-p720/heat/transformer.h.10.mlp.c_fc.npy
5308544	2026-05-28T11:03:26.0000000000	./ai/fullgrid/gpt2-medium-fullgrid-100m-p720/heat/transformer.h.11.mlp.c_fc.npy
5308544	2026-05-28T11:03:26.0000000000	./ai/fullgrid/gpt2-medium-fullgrid-100m-p720/heat/transformer.h.12.mlp.c_fc.npy
5308544	2026-05-28T11:03:26.0000000000	./ai/fullgrid/gpt2-medium-fullgrid-100m-p720/heat/transformer.h.13.mlp.c_fc.npy
5308544	2026-05-28T11:03:26.0000000000	./ai/fullgrid/gpt2-medium-fullgrid-100m-p720/heat/transformer.h.14.mlp.c_fc.npy
5308544	2026-05-28T11:03:26.0000000000	./ai/fullgrid/gpt2-medium-fullgrid-100m-p720/heat/transformer.h.15.mlp.c_fc.npy
5308544	2026-05-28T11:03:26.0000000000	./ai/fullgrid/gpt2-medium-fullgrid-100m-p720/heat/transformer.h.16.mlp.c_fc.npy
5308544	2026-05-28T11:03:26.0000000000	./ai/fullgrid/gpt2-medium-fullgrid-100m-p720/heat/transformer.h.17.mlp.c_fc.npy
5308544	2026-05-28T11:03:26.0000000000	./ai/fullgrid/gpt2-medium-fullgrid-100m-p720/heat/transformer.h.18.mlp.c_fc.npy
5308544	2026-05-28T11:03:26.0000000000	./ai/fullgrid/gpt2-medium-fullgrid-100m-p720/heat/transformer.h.19.mlp.c_fc.npy
5308544	2026-05-28T11:03:26.0000000000	./ai/fullgrid/gpt2-medium-fullgrid-100m-p720/heat/transformer.h.2.mlp.c_fc.npy
5308544	2026-05-28T11:03:26.0000000000	./ai/fullgrid/gpt2-medium-fullgrid-100m-p720/heat/transformer.h.20.mlp.c_fc.npy
5308544	2026-05-28T11:03:26.0000000000	./ai/fullgrid/gpt2-medium-fullgrid-100m-p720/heat/transformer.h.21.mlp.c_fc.npy
5308544	2026-05-28T11:03:26.0000000000	./ai/fullgrid/gpt2-medium-fullgrid-100m-p720/heat/transformer.h.22.mlp.c_fc.npy
5308544	2026-05-28T11:03:26.0000000000	./ai/fullgrid/gpt2-medium-fullgrid-100m-p720/heat/transformer.h.23.mlp.c_fc.npy
5308544	2026-05-28T11:03:26.0000000000	./ai/fullgrid/gpt2-medium-fullgrid-100m-p720/heat/transformer.h.3.mlp.c_fc.npy
5308544	2026-05-28T11:03:26.0000000000	./ai/fullgrid/gpt2-medium-fullgrid-100m-p720/heat/transformer.h.4.mlp.c_fc.npy
5308544	2026-05-28T11:03:26.0000000000	./ai/fullgrid/gpt2-medium-fullgrid-100m-p720/heat/transformer.h.5.mlp.c_fc.npy
5308544	2026-05-28T11:03:26.0000000000	./ai/fullgrid/gpt2-medium-fullgrid-100m-p720/heat/transformer.h.6.mlp.c_fc.npy
5308544	2026-05-28T11:03:26.0000000000	./ai/fullgrid/gpt2-medium-fullgrid-100m-p720/heat/transformer.h.7.mlp.c_fc.npy
5308544	2026-05-28T11:03:26.0000000000	./ai/fullgrid/gpt2-medium-fullgrid-100m-p720/heat/transformer.h.8.mlp.c_fc.npy
5308544	2026-05-28T11:03:26.0000000000	./ai/fullgrid/gpt2-medium-fullgrid-100m-p720/heat/transformer.h.9.mlp.c_fc.npy
5308544	2026-05-28T11:32:29.0000000000	./ai/fullgrid/gpt2-medium-fullgrid-100m-p720-fixededges/heat/transformer.h.5.mlp.c_fc.npy
5308544	2026-05-28T11:32:29.0000000000	./ai/fullgrid/gpt2-medium-fullgrid-100m-p720-fixededges/heat/transformer.h.6.mlp.c_fc.npy
5308544	2026-05-28T11:32:32.0000000000	./ai/fullgrid/gpt2-medium-fullgrid-100m-p720-fixededges/heat/transformer.h.20.mlp.c_fc.npy
5308544	2026-05-28T11:32:32.0000000000	./ai/fullgrid/gpt2-medium-fullgrid-100m-p720-fixededges/heat/transformer.h.22.mlp.c_fc.npy
5308544	2026-05-28T11:32:47.0000000000	./ai/fullgrid/gpt2-medium-fullgrid-100m-p720-fixededges/heat/transformer.h.16.mlp.c_fc.npy
5308544	2026-05-28T11:32:49.0000000000	./ai/fullgrid/gpt2-medium-fullgrid-100m-p720-fixededges/heat/transformer.h.1.mlp.c_fc.npy
5308544	2026-05-28T11:32:53.0000000000	./ai/fullgrid/gpt2-medium-fullgrid-100m-p720-fixededges/heat/transformer.h.0.mlp.c_fc.npy
5308544	2026-05-28T11:32:53.0000000000	./ai/fullgrid/gpt2-medium-fullgrid-100m-p720-fixededges/heat/transformer.h.2.mlp.c_fc.npy
5308544	2026-05-28T11:32:54.0000000000	./ai/fullgrid/gpt2-medium-fullgrid-100m-p720-fixededges/heat/transformer.h.3.mlp.c_fc.npy
5308544	2026-05-28T11:32:54.0000000000	./ai/fullgrid/gpt2-medium-fullgrid-100m-p720-fixededges/heat/transformer.h.4.mlp.c_fc.npy
5308544	2026-05-28T11:32:55.0000000000	./ai/fullgrid/gpt2-medium-fullgrid-100m-p720-fixededges/heat/transformer.h.10.mlp.c_fc.npy
5308544	2026-05-28T11:32:55.0000000000	./ai/fullgrid/gpt2-medium-fullgrid-100m-p720-fixededges/heat/transformer.h.11.mlp.c_fc.npy
5308544	2026-05-28T11:32:55.0000000000	./ai/fullgrid/gpt2-medium-fullgrid-100m-p720-fixededges/heat/transformer.h.8.mlp.c_fc.npy
5308544	2026-05-28T11:32:55.0000000000	./ai/fullgrid/gpt2-medium-fullgrid-100m-p720-fixededges/heat/transformer.h.9.mlp.c_fc.npy
5308544	2026-05-28T11:32:56.0000000000	./ai/fullgrid/gpt2-medium-fullgrid-100m-p720-fixededges/heat/transformer.h.14.mlp.c_fc.npy
5308544	2026-05-28T11:32:56.0000000000	./ai/fullgrid/gpt2-medium-fullgrid-100m-p720-fixededges/heat/transformer.h.15.mlp.c_fc.npy
5308544	2026-05-28T11:32:56.0000000000	./ai/fullgrid/gpt2-medium-fullgrid-100m-p720-fixededges/heat/transformer.h.17.mlp.c_fc.npy
5308544	2026-05-28T11:32:59.0000000000	./ai/fullgrid/gpt2-medium-fullgrid-100m-p720-fixededges/heat/transformer.h.7.mlp.c_fc.npy
5308544	2026-05-28T11:33:00.0000000000	./ai/fullgrid/gpt2-medium-fullgrid-100m-p720-fixededges/heat/transformer.h.12.mlp.c_fc.npy
5308544	2026-05-28T11:33:00.0000000000	./ai/fullgrid/gpt2-medium-fullgrid-100m-p720-fixededges/heat/transformer.h.13.mlp.c_fc.npy
5308544	2026-05-28T11:33:01.0000000000	./ai/fullgrid/gpt2-medium-fullgrid-100m-p720-fixededges/heat/transformer.h.18.mlp.c_fc.npy
5308544	2026-05-28T11:33:01.0000000000	./ai/fullgrid/gpt2-medium-fullgrid-100m-p720-fixededges/heat/transformer.h.19.mlp.c_fc.npy
5308544	2026-05-28T11:33:01.0000000000	./ai/fullgrid/gpt2-medium-fullgrid-100m-p720-fixededges/heat/transformer.h.21.mlp.c_fc.npy
5308544	2026-05-28T11:33:02.0000000000	./ai/fullgrid/gpt2-medium-fullgrid-100m-p720-fixededges/heat/transformer.h.23.mlp.c_fc.npy
5308544	2026-05-28T11:43:37.0000000000	./ai/fullgrid/gpt2-medium-fullgrid-100m-union-fixededges/heat/transformer.h.16.mlp.c_fc.npy
5308544	2026-05-28T11:43:41.0000000000	./ai/fullgrid/gpt2-medium-fullgrid-100m-union-fixededges/heat/transformer.h.10.mlp.c_fc.npy
5308544	2026-05-28T11:43:41.0000000000	./ai/fullgrid/gpt2-medium-fullgrid-100m-union-fixededges/heat/transformer.h.11.mlp.c_fc.npy
5308544	2026-05-28T11:43:44.0000000000	./ai/fullgrid/gpt2-medium-fullgrid-100m-union-fixededges/heat/transformer.h.3.mlp.c_fc.npy
5308544	2026-05-28T11:43:52.0000000000	./ai/fullgrid/gpt2-medium-fullgrid-100m-union-fixededges/heat/transformer.h.6.mlp.c_fc.npy
5308544	2026-05-28T11:43:53.0000000000	./ai/fullgrid/gpt2-medium-fullgrid-100m-union-fixededges/heat/transformer.h.7.mlp.c_fc.npy
5308544	2026-05-28T11:43:54.0000000000	./ai/fullgrid/gpt2-medium-fullgrid-100m-union-fixededges/heat/transformer.h.12.mlp.c_fc.npy
5308544	2026-05-28T11:43:54.0000000000	./ai/fullgrid/gpt2-medium-fullgrid-100m-union-fixededges/heat/transformer.h.13.mlp.c_fc.npy
5308544	2026-05-28T11:43:55.0000000000	./ai/fullgrid/gpt2-medium-fullgrid-100m-union-fixededges/heat/transformer.h.0.mlp.c_fc.npy
5308544	2026-05-28T11:43:58.0000000000	./ai/fullgrid/gpt2-medium-fullgrid-100m-union-fixededges/heat/transformer.h.14.mlp.c_fc.npy
5308544	2026-05-28T11:43:58.0000000000	./ai/fullgrid/gpt2-medium-fullgrid-100m-union-fixededges/heat/transformer.h.15.mlp.c_fc.npy
5308544	2026-05-28T11:44:02.0000000000	./ai/fullgrid/gpt2-medium-fullgrid-100m-union-fixededges/heat/transformer.h.18.mlp.c_fc.npy
5308544	2026-05-28T11:44:02.0000000000	./ai/fullgrid/gpt2-medium-fullgrid-100m-union-fixededges/heat/transformer.h.19.mlp.c_fc.npy
5308544	2026-05-28T11:44:03.0000000000	./ai/fullgrid/gpt2-medium-fullgrid-100m-union-fixededges/heat/transformer.h.1.mlp.c_fc.npy
5308544	2026-05-28T11:44:03.0000000000	./ai/fullgrid/gpt2-medium-fullgrid-100m-union-fixededges/heat/transformer.h.21.mlp.c_fc.npy
5308544	2026-05-28T11:44:03.0000000000	./ai/fullgrid/gpt2-medium-fullgrid-100m-union-fixededges/heat/transformer.h.22.mlp.c_fc.npy
5308544	2026-05-28T11:44:03.0000000000	./ai/fullgrid/gpt2-medium-fullgrid-100m-union-fixededges/heat/transformer.h.23.mlp.c_fc.npy
5308544	2026-05-28T11:44:05.0000000000	./ai/fullgrid/gpt2-medium-fullgrid-100m-union-fixededges/heat/transformer.h.17.mlp.c_fc.npy
5308544	2026-05-28T11:44:06.0000000000	./ai/fullgrid/gpt2-medium-fullgrid-100m-union-fixededges/heat/transformer.h.20.mlp.c_fc.npy
5308544	2026-05-28T11:44:07.0000000000	./ai/fullgrid/gpt2-medium-fullgrid-100m-union-fixededges/heat/transformer.h.2.mlp.c_fc.npy
5308544	2026-05-28T11:44:07.0000000000	./ai/fullgrid/gpt2-medium-fullgrid-100m-union-fixededges/heat/transformer.h.4.mlp.c_fc.npy
5308544	2026-05-28T11:44:08.0000000000	./ai/fullgrid/gpt2-medium-fullgrid-100m-union-fixededges/heat/transformer.h.5.mlp.c_fc.npy
5308544	2026-05-28T11:44:08.0000000000	./ai/fullgrid/gpt2-medium-fullgrid-100m-union-fixededges/heat/transformer.h.8.mlp.c_fc.npy
5308544	2026-05-28T11:44:08.0000000000	./ai/fullgrid/gpt2-medium-fullgrid-100m-union-fixededges/heat/transformer.h.9.mlp.c_fc.npy
53481600	2026-05-28T11:10:25.0000000000	./john/fullgrid/qwen3b-fullgrid-q8s11-p180/heat/lm_head.npy
5379	2026-05-28T15:19:15.0000000000	./local-index/ai/continuity_runs/logs/qwen2.5-7b-base-rsc.log
54697088	2026-05-28T12:25:48.0000000000	./john/fullgrid/qwen3b-fullgrid-q6s15-p180/heat/lm_head.npy
5543	2026-05-28T11:10:38.0000000000	./john/fullgrid/logs/qwen3b-fullgrid-100m-p600.log
5543	2026-05-28T11:10:38.0000000000	./local-index/john/fullgrid/logs/qwen3b-fullgrid-100m-p600.log
5734528	2026-05-28T12:57:04.0000000000	./john/fullgrid/internlm2-7b-fullgrid-100m-p1200-perchannel-fd4096/heat/model.layers.0.feed_forward.w1.npy
5734528	2026-05-28T12:57:04.0000000000	./john/fullgrid/internlm2-7b-fullgrid-100m-p1200-perchannel-fd4096/heat/model.layers.0.feed_forward.w3.npy
5734528	2026-05-28T12:57:04.0000000000	./john/fullgrid/internlm2-7b-fullgrid-100m-p1200-perchannel-fd4096/heat/model.layers.1.feed_forward.w1.npy
5734528	2026-05-28T12:57:04.0000000000	./john/fullgrid/internlm2-7b-fullgrid-100m-p1200-perchannel-fd4096/heat/model.layers.1.feed_forward.w3.npy
5734528	2026-05-28T12:57:04.0000000000	./john/fullgrid/internlm2-7b-fullgrid-100m-p1200-perchannel-fd4096/heat/model.layers.2.feed_forward.w1.npy
5734528	2026-05-28T12:57:04.0000000000	./john/fullgrid/internlm2-7b-fullgrid-100m-p1200-perchannel-fd4096/heat/model.layers.2.feed_forward.w3.npy
5734528	2026-05-28T12:57:04.0000000000	./john/fullgrid/internlm2-7b-fullgrid-100m-p1200-perchannel-fd4096/heat/model.layers.3.feed_forward.w1.npy
5734528	2026-05-28T12:57:04.0000000000	./john/fullgrid/internlm2-7b-fullgrid-100m-p1200-perchannel-fd4096/heat/model.layers.3.feed_forward.w3.npy
5734528	2026-05-28T12:57:04.0000000000	./john/fullgrid/internlm2-7b-fullgrid-100m-p1200-perchannel-fd4096/heat/model.layers.4.feed_forward.w1.npy
5734528	2026-05-28T12:57:04.0000000000	./john/fullgrid/internlm2-7b-fullgrid-100m-p1200-perchannel-fd4096/heat/model.layers.4.feed_forward.w3.npy
5734528	2026-05-28T12:57:04.0000000000	./john/fullgrid/internlm2-7b-fullgrid-100m-p1200-perchannel-fd4096/heat/model.layers.5.feed_forward.w1.npy
5734528	2026-05-28T12:57:04.0000000000	./john/fullgrid/internlm2-7b-fullgrid-100m-p1200-perchannel-fd4096/heat/model.layers.5.feed_forward.w3.npy
5734528	2026-05-28T12:57:04.0000000000	./john/fullgrid/internlm2-7b-fullgrid-100m-p1200-perchannel-fd4096/heat/model.layers.6.feed_forward.w1.npy
5734528	2026-05-28T12:57:04.0000000000	./john/fullgrid/internlm2-7b-fullgrid-100m-p1200-perchannel-fd4096/heat/model.layers.6.feed_forward.w3.npy
5734528	2026-05-28T12:57:04.0000000000	./john/fullgrid/internlm2-7b-fullgrid-100m-p1200-perchannel-fd4096/heat/model.layers.7.feed_forward.w1.npy
5734528	2026-05-28T12:57:04.0000000000	./john/fullgrid/internlm2-7b-fullgrid-100m-p1200-perchannel-fd4096/heat/model.layers.7.feed_forward.w3.npy
5734528	2026-05-28T12:57:04.0000000000	./john/fullgrid/internlm2-7b-fullgrid-100m-p1200-perchannel-fd4096/heat/model.layers.8.feed_forward.w1.npy
5734528	2026-05-28T12:57:04.0000000000	./john/fullgrid/internlm2-7b-fullgrid-100m-p1200-perchannel-fd4096/heat/model.layers.8.feed_forward.w3.npy
5734528	2026-05-28T12:57:04.0000000000	./john/fullgrid/internlm2-7b-fullgrid-100m-p1200-perchannel-fd4096/heat/model.layers.9.feed_forward.w1.npy
5734528	2026-05-28T12:57:04.0000000000	./john/fullgrid/internlm2-7b-fullgrid-100m-p1200-perchannel-fd4096/heat/model.layers.9.feed_forward.w3.npy
5734528	2026-05-28T14:55:17.0000000000	./john/fullgrid/internlm2-7b-fullgrid-100m-p1200-perchannel-fd4096/heat/model.layers.10.feed_forward.w1.npy
5734528	2026-05-28T14:55:17.0000000000	./john/fullgrid/internlm2-7b-fullgrid-100m-p1200-perchannel-fd4096/heat/model.layers.10.feed_forward.w3.npy
5734528	2026-05-28T14:55:17.0000000000	./john/fullgrid/internlm2-7b-fullgrid-100m-p1200-perchannel-fd4096/heat/model.layers.11.feed_forward.w1.npy
5734528	2026-05-28T14:55:17.0000000000	./john/fullgrid/internlm2-7b-fullgrid-100m-p1200-perchannel-fd4096/heat/model.layers.11.feed_forward.w3.npy
5734528	2026-05-28T14:55:17.0000000000	./john/fullgrid/internlm2-7b-fullgrid-100m-p1200-perchannel-fd4096/heat/model.layers.12.feed_forward.w1.npy
5734528	2026-05-28T14:55:17.0000000000	./john/fullgrid/internlm2-7b-fullgrid-100m-p1200-perchannel-fd4096/heat/model.layers.12.feed_forward.w3.npy
5734528	2026-05-28T14:55:17.0000000000	./john/fullgrid/internlm2-7b-fullgrid-100m-p1200-perchannel-fd4096/heat/model.layers.13.feed_forward.w1.npy
5734528	2026-05-28T14:55:17.0000000000	./john/fullgrid/internlm2-7b-fullgrid-100m-p1200-perchannel-fd4096/heat/model.layers.13.feed_forward.w3.npy
5734528	2026-05-28T14:55:17.0000000000	./john/fullgrid/internlm2-7b-fullgrid-100m-p1200-perchannel-fd4096/heat/model.layers.14.feed_forward.w1.npy
5734528	2026-05-28T14:55:17.0000000000	./john/fullgrid/internlm2-7b-fullgrid-100m-p1200-perchannel-fd4096/heat/model.layers.14.feed_forward.w3.npy
5734528	2026-05-28T14:55:17.0000000000	./john/fullgrid/internlm2-7b-fullgrid-100m-p1200-perchannel-fd4096/heat/model.layers.15.feed_forward.w1.npy
5734528	2026-05-28T14:55:17.0000000000	./john/fullgrid/internlm2-7b-fullgrid-100m-p1200-perchannel-fd4096/heat/model.layers.15.feed_forward.w3.npy
5734528	2026-05-28T14:55:17.0000000000	./john/fullgrid/internlm2-7b-fullgrid-100m-p1200-perchannel-fd4096/heat/model.layers.16.feed_forward.w1.npy
5734528	2026-05-28T14:55:17.0000000000	./john/fullgrid/internlm2-7b-fullgrid-100m-p1200-perchannel-fd4096/heat/model.layers.16.feed_forward.w3.npy
5734528	2026-05-28T14:55:17.0000000000	./john/fullgrid/internlm2-7b-fullgrid-100m-p1200-perchannel-fd4096/heat/model.layers.17.feed_forward.w1.npy
5734528	2026-05-28T14:55:17.0000000000	./john/fullgrid/internlm2-7b-fullgrid-100m-p1200-perchannel-fd4096/heat/model.layers.17.feed_forward.w3.npy
5734528	2026-05-28T14:55:17.0000000000	./john/fullgrid/internlm2-7b-fullgrid-100m-p1200-perchannel-fd4096/heat/model.layers.18.feed_forward.w1.npy
5734528	2026-05-28T14:55:17.0000000000	./john/fullgrid/internlm2-7b-fullgrid-100m-p1200-perchannel-fd4096/heat/model.layers.18.feed_forward.w3.npy
5734528	2026-05-28T14:55:17.0000000000	./john/fullgrid/internlm2-7b-fullgrid-100m-p1200-perchannel-fd4096/heat/model.layers.19.feed_forward.w1.npy
5734528	2026-05-28T14:55:17.0000000000	./john/fullgrid/internlm2-7b-fullgrid-100m-p1200-perchannel-fd4096/heat/model.layers.19.feed_forward.w3.npy
5734528	2026-05-28T14:55:17.0000000000	./john/fullgrid/internlm2-7b-fullgrid-100m-p1200-perchannel-fd4096/heat/model.layers.20.feed_forward.w1.npy
5734528	2026-05-28T14:55:17.0000000000	./john/fullgrid/internlm2-7b-fullgrid-100m-p1200-perchannel-fd4096/heat/model.layers.20.feed_forward.w3.npy
5734528	2026-05-28T14:55:17.0000000000	./john/fullgrid/internlm2-7b-fullgrid-100m-p1200-perchannel-fd4096/heat/model.layers.21.feed_forward.w1.npy
5734528	2026-05-28T14:55:17.0000000000	./john/fullgrid/internlm2-7b-fullgrid-100m-p1200-perchannel-fd4096/heat/model.layers.21.feed_forward.w3.npy
5734528	2026-05-28T14:55:17.0000000000	./john/fullgrid/internlm2-7b-fullgrid-100m-p1200-perchannel-fd4096/heat/model.layers.22.feed_forward.w1.npy
5734528	2026-05-28T14:55:17.0000000000	./john/fullgrid/internlm2-7b-fullgrid-100m-p1200-perchannel-fd4096/heat/model.layers.22.feed_forward.w3.npy
5734528	2026-05-28T14:55:17.0000000000	./john/fullgrid/internlm2-7b-fullgrid-100m-p1200-perchannel-fd4096/heat/model.layers.23.feed_forward.w1.npy
5734528	2026-05-28T14:55:17.0000000000	./john/fullgrid/internlm2-7b-fullgrid-100m-p1200-perchannel-fd4096/heat/model.layers.23.feed_forward.w3.npy
5734528	2026-05-28T14:55:17.0000000000	./john/fullgrid/internlm2-7b-fullgrid-100m-p1200-perchannel-fd4096/heat/model.layers.24.feed_forward.w1.npy
5734528	2026-05-28T14:55:17.0000000000	./john/fullgrid/internlm2-7b-fullgrid-100m-p1200-perchannel-fd4096/heat/model.layers.24.feed_forward.w3.npy
5734528	2026-05-28T14:55:17.0000000000	./john/fullgrid/internlm2-7b-fullgrid-100m-p1200-perchannel-fd4096/heat/model.layers.25.feed_forward.w1.npy
5734528	2026-05-28T14:55:17.0000000000	./john/fullgrid/internlm2-7b-fullgrid-100m-p1200-perchannel-fd4096/heat/model.layers.25.feed_forward.w3.npy
5734528	2026-05-28T14:55:17.0000000000	./john/fullgrid/internlm2-7b-fullgrid-100m-p1200-perchannel-fd4096/heat/model.layers.26.feed_forward.w1.npy
5734528	2026-05-28T14:55:17.0000000000	./john/fullgrid/internlm2-7b-fullgrid-100m-p1200-perchannel-fd4096/heat/model.layers.26.feed_forward.w3.npy
5734528	2026-05-28T14:55:17.0000000000	./john/fullgrid/internlm2-7b-fullgrid-100m-p1200-perchannel-fd4096/heat/model.layers.27.feed_forward.w1.npy
5734528	2026-05-28T14:55:17.0000000000	./john/fullgrid/internlm2-7b-fullgrid-100m-p1200-perchannel-fd4096/heat/model.layers.27.feed_forward.w3.npy
5734528	2026-05-28T14:55:17.0000000000	./john/fullgrid/internlm2-7b-fullgrid-100m-p1200-perchannel-fd4096/heat/model.layers.28.feed_forward.w1.npy
5734528	2026-05-28T14:55:17.0000000000	./john/fullgrid/internlm2-7b-fullgrid-100m-p1200-perchannel-fd4096/heat/model.layers.28.feed_forward.w3.npy
5734528	2026-05-28T14:55:17.0000000000	./john/fullgrid/internlm2-7b-fullgrid-100m-p1200-perchannel-fd4096/heat/model.layers.29.feed_forward.w1.npy
5734528	2026-05-28T14:55:17.0000000000	./john/fullgrid/internlm2-7b-fullgrid-100m-p1200-perchannel-fd4096/heat/model.layers.29.feed_forward.w3.npy
5734528	2026-05-28T14:55:17.0000000000	./john/fullgrid/internlm2-7b-fullgrid-100m-p1200-perchannel-fd4096/heat/model.layers.30.feed_forward.w1.npy
5734528	2026-05-28T14:55:17.0000000000	./john/fullgrid/internlm2-7b-fullgrid-100m-p1200-perchannel-fd4096/heat/model.layers.30.feed_forward.w3.npy
5734528	2026-05-28T14:55:17.0000000000	./john/fullgrid/internlm2-7b-fullgrid-100m-p1200-perchannel-fd4096/heat/model.layers.31.feed_forward.w1.npy
5734528	2026-05-28T14:55:17.0000000000	./john/fullgrid/internlm2-7b-fullgrid-100m-p1200-perchannel-fd4096/heat/model.layers.31.feed_forward.w3.npy
5953	2026-05-29T10:08:06.0000000000	./local-index/john/fullgrid/logs/pythia-6.9b-fullgrid-100m-p1200-perchannel-john.log
6	2026-05-28T11:07:48.0000000000	./john/fullgrid/logs/qwen3b-fullgrid-q8s11-p180.pid
6073	2026-05-29T10:31:13.0000000000	./john/fullgrid/logs/pythia-6.9b-fullgrid-100m-p1200-perchannel-john.log
60774528	2026-05-28T11:07:19.0000000000	./john/fullgrid/qwen3b-fullgrid-100m-p180/heat/lm_head.npy
60774528	2026-05-28T11:09:20.2661170390	./john/fullgrid/qwen3b-fullgrid-100m-p600/heat/lm_head.npy
60774528	2026-05-28T12:51:43.0000000000	./john/fullgrid/qwen3b-fullgrid-100m-p1200-perchannel-fd4096/heat/lm_head.npy
60774528	2026-05-28T22:26:49.0000000000	./gx10/fullgrid/qwen25-3b-fullgrid-100m-p1200-perchannel/heat/lm_head.npy
60825728	2026-05-29T00:28:52.0000000000	./gx10/fullgrid/qwen7b-fullgrid-100m-p1200-perchannel/heat/lm_head.npy
60825728	2026-05-29T10:24:32.0000000000	./ai/fullgrid/qwen2.5-7b-instruct-fullgrid-100m-p1200-perchannel/heat/lm_head.npy
61480	2026-05-28T10:39:37.0000000000	./ai/fullgrid/gemma-2-2b-it-fullgrid-100m/quantile_edges.npz
6230144	2026-05-28T10:31:39.0000000000	./ai/fullgrid/gpt2-fullgrid-100m/heat/transformer.h.2.attn.c_attn.npy
6230144	2026-05-28T10:31:39.0000000000	./ai/fullgrid/gpt2-fullgrid-100m/heat/transformer.h.3.attn.c_attn.npy
6230144	2026-05-28T10:31:39.0000000000	./ai/fullgrid/gpt2-fullgrid-100m/heat/transformer.h.4.attn.c_attn.npy
6230144	2026-05-28T10:31:40.0000000000	./ai/fullgrid/gpt2-fullgrid-100m/heat/transformer.h.0.attn.c_attn.npy
6230144	2026-05-28T10:31:41.0000000000	./ai/fullgrid/gpt2-fullgrid-100m/heat/transformer.h.1.attn.c_attn.npy
6230144	2026-05-28T10:31:46.0000000000	./ai/fullgrid/gpt2-fullgrid-100m/heat/transformer.h.6.attn.c_attn.npy
6230144	2026-05-28T10:31:46.0000000000	./ai/fullgrid/gpt2-fullgrid-100m/heat/transformer.h.8.attn.c_attn.npy
6230144	2026-05-28T10:31:46.0000000000	./ai/fullgrid/gpt2-fullgrid-100m/heat/transformer.h.9.attn.c_attn.npy
6230144	2026-05-28T10:31:47.0000000000	./ai/fullgrid/gpt2-fullgrid-100m/heat/transformer.h.5.attn.c_attn.npy
6230144	2026-05-28T10:31:48.0000000000	./ai/fullgrid/gpt2-fullgrid-100m/heat/transformer.h.11.attn.c_attn.npy
6230144	2026-05-28T10:31:51.0000000000	./ai/fullgrid/gpt2-fullgrid-100m/heat/transformer.h.10.attn.c_attn.npy
6230144	2026-05-28T10:31:51.0000000000	./ai/fullgrid/gpt2-fullgrid-100m/heat/transformer.h.7.attn.c_attn.npy
6230144	2026-05-28T11:00:05.0000000000	./ai/fullgrid/gpt2-fullgrid-100m-p180/heat/transformer.h.2.attn.c_attn.npy
6230144	2026-05-28T11:00:05.0000000000	./ai/fullgrid/gpt2-fullgrid-100m-p180/heat/transformer.h.3.attn.c_attn.npy
6230144	2026-05-28T11:00:05.0000000000	./ai/fullgrid/gpt2-fullgrid-100m-p180/heat/transformer.h.4.attn.c_attn.npy
6230144	2026-05-28T11:00:05.0000000000	./ai/fullgrid/gpt2-fullgrid-100m-p180/heat/transformer.h.5.attn.c_attn.npy
6230144	2026-05-28T11:00:05.0000000000	./ai/fullgrid/gpt2-fullgrid-100m-p180/heat/transformer.h.6.attn.c_attn.npy
6230144	2026-05-28T11:00:05.0000000000	./ai/fullgrid/gpt2-fullgrid-100m-p180/heat/transformer.h.9.attn.c_attn.npy
6230144	2026-05-28T11:00:06.0000000000	./ai/fullgrid/gpt2-fullgrid-100m-p180/heat/transformer.h.8.attn.c_attn.npy
6230144	2026-05-28T11:00:07.0000000000	./ai/fullgrid/gpt2-fullgrid-100m-p180/heat/transformer.h.1.attn.c_attn.npy
6230144	2026-05-28T11:00:11.0000000000	./ai/fullgrid/gpt2-fullgrid-100m-p180/heat/transformer.h.0.attn.c_attn.npy
6230144	2026-05-28T11:00:12.0000000000	./ai/fullgrid/gpt2-fullgrid-100m-p180/heat/transformer.h.7.attn.c_attn.npy
6230144	2026-05-28T11:00:14.0000000000	./ai/fullgrid/gpt2-fullgrid-100m-p180/heat/transformer.h.10.attn.c_attn.npy
6230144	2026-05-28T11:00:18.0000000000	./ai/fullgrid/gpt2-fullgrid-100m-p180/heat/transformer.h.11.attn.c_attn.npy
6230144	2026-05-28T11:03:02.0000000000	./ai/fullgrid/gpt2-fullgrid-100m-p720/heat/transformer.h.0.attn.c_attn.npy
6230144	2026-05-28T11:03:02.0000000000	./ai/fullgrid/gpt2-fullgrid-100m-p720/heat/transformer.h.1.attn.c_attn.npy
6230144	2026-05-28T11:03:02.0000000000	./ai/fullgrid/gpt2-fullgrid-100m-p720/heat/transformer.h.10.attn.c_attn.npy
6230144	2026-05-28T11:03:02.0000000000	./ai/fullgrid/gpt2-fullgrid-100m-p720/heat/transformer.h.11.attn.c_attn.npy
6230144	2026-05-28T11:03:02.0000000000	./ai/fullgrid/gpt2-fullgrid-100m-p720/heat/transformer.h.2.attn.c_attn.npy
6230144	2026-05-28T11:03:02.0000000000	./ai/fullgrid/gpt2-fullgrid-100m-p720/heat/transformer.h.3.attn.c_attn.npy
6230144	2026-05-28T11:03:02.0000000000	./ai/fullgrid/gpt2-fullgrid-100m-p720/heat/transformer.h.4.attn.c_attn.npy
6230144	2026-05-28T11:03:02.0000000000	./ai/fullgrid/gpt2-fullgrid-100m-p720/heat/transformer.h.5.attn.c_attn.npy
6230144	2026-05-28T11:03:02.0000000000	./ai/fullgrid/gpt2-fullgrid-100m-p720/heat/transformer.h.6.attn.c_attn.npy
6230144	2026-05-28T11:03:02.0000000000	./ai/fullgrid/gpt2-fullgrid-100m-p720/heat/transformer.h.7.attn.c_attn.npy
6230144	2026-05-28T11:03:02.0000000000	./ai/fullgrid/gpt2-fullgrid-100m-p720/heat/transformer.h.8.attn.c_attn.npy
6230144	2026-05-28T11:03:02.0000000000	./ai/fullgrid/gpt2-fullgrid-100m-p720/heat/transformer.h.9.attn.c_attn.npy
6230144	2026-05-28T11:32:31.0000000000	./ai/fullgrid/gpt2-fullgrid-100m-p720-fixededges/heat/transformer.h.6.attn.c_attn.npy
6230144	2026-05-28T11:32:32.0000000000	./ai/fullgrid/gpt2-fullgrid-100m-p720-fixededges/heat/transformer.h.8.attn.c_attn.npy
6230144	2026-05-28T11:32:36.0000000000	./ai/fullgrid/gpt2-fullgrid-100m-p720-fixededges/heat/transformer.h.2.attn.c_attn.npy
6230144	2026-05-28T11:32:36.0000000000	./ai/fullgrid/gpt2-fullgrid-100m-p720-fixededges/heat/transformer.h.3.attn.c_attn.npy
6230144	2026-05-28T11:32:37.0000000000	./ai/fullgrid/gpt2-fullgrid-100m-p720-fixededges/heat/transformer.h.4.attn.c_attn.npy
6230144	2026-05-28T11:32:37.0000000000	./ai/fullgrid/gpt2-fullgrid-100m-p720-fixededges/heat/transformer.h.5.attn.c_attn.npy
6230144	2026-05-28T11:32:38.0000000000	./ai/fullgrid/gpt2-fullgrid-100m-p720-fixededges/heat/transformer.h.10.attn.c_attn.npy
6230144	2026-05-28T11:32:38.0000000000	./ai/fullgrid/gpt2-fullgrid-100m-p720-fixededges/heat/transformer.h.11.attn.c_attn.npy
6230144	2026-05-28T11:32:46.0000000000	./ai/fullgrid/gpt2-fullgrid-100m-p720-fixededges/heat/transformer.h.0.attn.c_attn.npy
6230144	2026-05-28T11:32:46.0000000000	./ai/fullgrid/gpt2-fullgrid-100m-p720-fixededges/heat/transformer.h.1.attn.c_attn.npy
6230144	2026-05-28T11:32:50.0000000000	./ai/fullgrid/gpt2-fullgrid-100m-p720-fixededges/heat/transformer.h.9.attn.c_attn.npy
6230144	2026-05-28T11:33:00.0000000000	./ai/fullgrid/gpt2-fullgrid-100m-p720-fixededges/heat/transformer.h.7.attn.c_attn.npy
6230144	2026-05-28T11:43:36.0000000000	./ai/fullgrid/gpt2-fullgrid-100m-union-fixededges/heat/transformer.h.7.attn.c_attn.npy
6230144	2026-05-28T11:43:47.0000000000	./ai/fullgrid/gpt2-fullgrid-100m-union-fixededges/heat/transformer.h.3.attn.c_attn.npy
6230144	2026-05-28T11:43:47.0000000000	./ai/fullgrid/gpt2-fullgrid-100m-union-fixededges/heat/transformer.h.4.attn.c_attn.npy
6230144	2026-05-28T11:43:47.0000000000	./ai/fullgrid/gpt2-fullgrid-100m-union-fixededges/heat/transformer.h.5.attn.c_attn.npy
6230144	2026-05-28T11:43:47.0000000000	./ai/fullgrid/gpt2-fullgrid-100m-union-fixededges/heat/transformer.h.6.attn.c_attn.npy
6230144	2026-05-28T11:43:48.0000000000	./ai/fullgrid/gpt2-fullgrid-100m-union-fixededges/heat/transformer.h.11.attn.c_attn.npy
6230144	2026-05-28T11:43:49.0000000000	./ai/fullgrid/gpt2-fullgrid-100m-union-fixededges/heat/transformer.h.0.attn.c_attn.npy
6230144	2026-05-28T11:43:52.0000000000	./ai/fullgrid/gpt2-fullgrid-100m-union-fixededges/heat/transformer.h.2.attn.c_attn.npy
6230144	2026-05-28T11:43:55.0000000000	./ai/fullgrid/gpt2-fullgrid-100m-union-fixededges/heat/transformer.h.1.attn.c_attn.npy
6230144	2026-05-28T11:44:02.0000000000	./ai/fullgrid/gpt2-fullgrid-100m-union-fixededges/heat/transformer.h.10.attn.c_attn.npy
6230144	2026-05-28T11:44:07.0000000000	./ai/fullgrid/gpt2-fullgrid-100m-union-fixededges/heat/transformer.h.8.attn.c_attn.npy
6230144	2026-05-28T11:44:07.0000000000	./ai/fullgrid/gpt2-fullgrid-100m-union-fixededges/heat/transformer.h.9.attn.c_attn.npy
62615	2026-05-28T17:32:45.0000000000	./john/fullgrid/bloom-1b1-fullgrid-100m-p1200-perchannel-john/meta.json
62615	2026-05-28T17:32:45.0000000000	./local-index/john/fullgrid/bloom-1b1-fullgrid-100m-p1200-perchannel-john/meta.json
62763	2026-05-28T18:57:17.0000000000	./john/fullgrid/bloomz-1b1-fullgrid-100m-p1200-perchannel-john/meta.json
62763	2026-05-28T18:57:17.0000000000	./local-index/john/fullgrid/bloomz-1b1-fullgrid-100m-p1200-perchannel-john/meta.json
62764	2026-05-28T17:08:09.0000000000	./john/fullgrid/bloom-560m-fullgrid-100m-p1200-perchannel-john/meta.json
62764	2026-05-28T17:08:09.0000000000	./local-index/john/fullgrid/bloom-560m-fullgrid-100m-p1200-perchannel-john/meta.json
62912	2026-05-28T18:29:47.0000000000	./john/fullgrid/bloomz-560m-fullgrid-100m-p1200-perchannel-john/meta.json
62912	2026-05-28T18:29:47.0000000000	./local-index/john/fullgrid/bloomz-560m-fullgrid-100m-p1200-perchannel-john/meta.json
64674150	2026-05-28T13:14:43.0000000000	./john/fullgrid/internlm2-7b-fullgrid-100m-p1200-perchannel-fd4096/quantile_edges.npz
65125	2026-05-28T14:55:17.0000000000	./john/fullgrid/internlm2-7b-fullgrid-100m-p1200-perchannel-fd4096/meta.json
65125	2026-05-28T14:55:17.0000000000	./local-index/john/fullgrid/internlm2-7b-fullgrid-100m-p1200-perchannel-fd4096/meta.json
65133200	2026-05-28T10:32:42.0000000000	./ai/fullgrid/gpt2-medium-fullgrid-100m/heat/lm_head.npy
65133200	2026-05-28T11:02:44.0000000000	./ai/fullgrid/gpt2-medium-fullgrid-100m-p180/heat/lm_head.npy
65133200	2026-05-28T11:03:26.0000000000	./ai/fullgrid/gpt2-medium-fullgrid-100m-p720/heat/lm_head.npy
65133200	2026-05-28T11:33:02.0000000000	./ai/fullgrid/gpt2-medium-fullgrid-100m-p720-fixededges/heat/lm_head.npy
65133200	2026-05-28T11:44:03.0000000000	./ai/fullgrid/gpt2-medium-fullgrid-100m-union-fixededges/heat/lm_head.npy
6553728	2026-05-28T19:52:36.0000000000	./john/fullgrid/pythia-6.9b-fullgrid-100m-p1200-perchannel-john/heat/gpt_neox.layers.0.mlp.dense_h_to_4h.npy
6553728	2026-05-28T19:52:37.0000000000	./john/fullgrid/pythia-6.9b-fullgrid-100m-p1200-perchannel-john/heat/gpt_neox.layers.1.mlp.dense_h_to_4h.npy
6553728	2026-05-28T19:52:37.0000000000	./john/fullgrid/pythia-6.9b-fullgrid-100m-p1200-perchannel-john/heat/gpt_neox.layers.10.mlp.dense_h_to_4h.npy
6553728	2026-05-28T19:52:37.0000000000	./john/fullgrid/pythia-6.9b-fullgrid-100m-p1200-perchannel-john/heat/gpt_neox.layers.11.mlp.dense_h_to_4h.npy
6553728	2026-05-28T19:52:37.0000000000	./john/fullgrid/pythia-6.9b-fullgrid-100m-p1200-perchannel-john/heat/gpt_neox.layers.2.mlp.dense_h_to_4h.npy
6553728	2026-05-28T19:52:37.0000000000	./john/fullgrid/pythia-6.9b-fullgrid-100m-p1200-perchannel-john/heat/gpt_neox.layers.3.mlp.dense_h_to_4h.npy
6553728	2026-05-28T19:52:37.0000000000	./john/fullgrid/pythia-6.9b-fullgrid-100m-p1200-perchannel-john/heat/gpt_neox.layers.4.mlp.dense_h_to_4h.npy
6553728	2026-05-28T19:52:37.0000000000	./john/fullgrid/pythia-6.9b-fullgrid-100m-p1200-perchannel-john/heat/gpt_neox.layers.5.mlp.dense_h_to_4h.npy
6553728	2026-05-28T19:52:37.0000000000	./john/fullgrid/pythia-6.9b-fullgrid-100m-p1200-perchannel-john/heat/gpt_neox.layers.6.mlp.dense_h_to_4h.npy
6553728	2026-05-28T19:52:37.0000000000	./john/fullgrid/pythia-6.9b-fullgrid-100m-p1200-perchannel-john/heat/gpt_neox.layers.7.mlp.dense_h_to_4h.npy
6553728	2026-05-28T19:52:37.0000000000	./john/fullgrid/pythia-6.9b-fullgrid-100m-p1200-perchannel-john/heat/gpt_neox.layers.8.mlp.dense_h_to_4h.npy
6553728	2026-05-28T19:52:37.0000000000	./john/fullgrid/pythia-6.9b-fullgrid-100m-p1200-perchannel-john/heat/gpt_neox.layers.9.mlp.dense_h_to_4h.npy
6553728	2026-05-28T19:52:38.0000000000	./john/fullgrid/pythia-6.9b-fullgrid-100m-p1200-perchannel-john/heat/gpt_neox.layers.12.mlp.dense_h_to_4h.npy
6553728	2026-05-28T19:52:38.0000000000	./john/fullgrid/pythia-6.9b-fullgrid-100m-p1200-perchannel-john/heat/gpt_neox.layers.13.mlp.dense_h_to_4h.npy
6553728	2026-05-28T19:52:38.0000000000	./john/fullgrid/pythia-6.9b-fullgrid-100m-p1200-perchannel-john/heat/gpt_neox.layers.14.mlp.dense_h_to_4h.npy
6553728	2026-05-28T19:52:38.0000000000	./john/fullgrid/pythia-6.9b-fullgrid-100m-p1200-perchannel-john/heat/gpt_neox.layers.15.mlp.dense_h_to_4h.npy
6553728	2026-05-28T19:52:38.0000000000	./john/fullgrid/pythia-6.9b-fullgrid-100m-p1200-perchannel-john/heat/gpt_neox.layers.16.mlp.dense_h_to_4h.npy
6553728	2026-05-28T19:52:38.0000000000	./john/fullgrid/pythia-6.9b-fullgrid-100m-p1200-perchannel-john/heat/gpt_neox.layers.17.mlp.dense_h_to_4h.npy
6553728	2026-05-28T19:52:38.0000000000	./john/fullgrid/pythia-6.9b-fullgrid-100m-p1200-perchannel-john/heat/gpt_neox.layers.18.mlp.dense_h_to_4h.npy
6553728	2026-05-28T19:52:38.0000000000	./john/fullgrid/pythia-6.9b-fullgrid-100m-p1200-perchannel-john/heat/gpt_neox.layers.19.mlp.dense_h_to_4h.npy
6553728	2026-05-28T19:52:38.0000000000	./john/fullgrid/pythia-6.9b-fullgrid-100m-p1200-perchannel-john/heat/gpt_neox.layers.20.mlp.dense_h_to_4h.npy
6553728	2026-05-28T19:52:38.0000000000	./john/fullgrid/pythia-6.9b-fullgrid-100m-p1200-perchannel-john/heat/gpt_neox.layers.21.mlp.dense_h_to_4h.npy
6553728	2026-05-28T19:52:38.0000000000	./john/fullgrid/pythia-6.9b-fullgrid-100m-p1200-perchannel-john/heat/gpt_neox.layers.22.mlp.dense_h_to_4h.npy
6553728	2026-05-28T19:52:38.0000000000	./john/fullgrid/pythia-6.9b-fullgrid-100m-p1200-perchannel-john/heat/gpt_neox.layers.23.mlp.dense_h_to_4h.npy
6553728	2026-05-28T19:52:38.0000000000	./john/fullgrid/pythia-6.9b-fullgrid-100m-p1200-perchannel-john/heat/gpt_neox.layers.24.mlp.dense_h_to_4h.npy
6553728	2026-05-28T19:52:39.0000000000	./john/fullgrid/pythia-6.9b-fullgrid-100m-p1200-perchannel-john/heat/gpt_neox.layers.25.mlp.dense_h_to_4h.npy
6553728	2026-05-28T19:52:39.0000000000	./john/fullgrid/pythia-6.9b-fullgrid-100m-p1200-perchannel-john/heat/gpt_neox.layers.26.mlp.dense_h_to_4h.npy
6553728	2026-05-28T19:52:39.0000000000	./john/fullgrid/pythia-6.9b-fullgrid-100m-p1200-perchannel-john/heat/gpt_neox.layers.27.mlp.dense_h_to_4h.npy
6553728	2026-05-28T19:52:39.0000000000	./john/fullgrid/pythia-6.9b-fullgrid-100m-p1200-perchannel-john/heat/gpt_neox.layers.28.mlp.dense_h_to_4h.npy
6553728	2026-05-28T19:52:39.0000000000	./john/fullgrid/pythia-6.9b-fullgrid-100m-p1200-perchannel-john/heat/gpt_neox.layers.29.mlp.dense_h_to_4h.npy
6553728	2026-05-28T19:52:39.0000000000	./john/fullgrid/pythia-6.9b-fullgrid-100m-p1200-perchannel-john/heat/gpt_neox.layers.30.mlp.dense_h_to_4h.npy
6553728	2026-05-28T19:52:39.0000000000	./john/fullgrid/pythia-6.9b-fullgrid-100m-p1200-perchannel-john/heat/gpt_neox.layers.31.mlp.dense_h_to_4h.npy
65897586	2026-05-29T02:18:15.0000000000	./john/fullgrid/pythia-6.9b-fullgrid-100m-p1200-perchannel-john/quantile_edges.npz
67934392	2026-05-28T13:46:11.0000000000	./gx10/fullgrid/qwen7b-fullgrid-100m-p1200-perchannel/quantile_edges.npz
67934392	2026-05-29T07:15:13.0000000000	./ai/fullgrid/qwen2.5-7b-instruct-fullgrid-100m-p1200-perchannel/quantile_edges.npz
68841	2026-05-28T10:45:26.0000000000	./ai/fullgrid/gemma-2-2b-it-fullgrid-100m/meta.json
68841	2026-05-28T10:45:26.0000000000	./local-index/ai/fullgrid/gemma-2-2b-it-fullgrid-100m/meta.json
7021	2026-05-28T11:03:02.0000000000	./ai/fullgrid/logs/p180-gpt2-chain.log
7021	2026-05-28T11:03:02.0000000000	./local-index/ai/fullgrid/logs/p180-gpt2-chain.log
721024	2026-05-28T11:10:24.0000000000	./john/fullgrid/qwen3b-fullgrid-q8s11-p180/heat/model.layers.1.mlp.down_proj.npy
721024	2026-05-28T11:10:24.0000000000	./john/fullgrid/qwen3b-fullgrid-q8s11-p180/heat/model.layers.10.self_attn.o_proj.npy
721024	2026-05-28T11:10:24.0000000000	./john/fullgrid/qwen3b-fullgrid-q8s11-p180/heat/model.layers.10.self_attn.q_proj.npy
721024	2026-05-28T11:10:24.0000000000	./john/fullgrid/qwen3b-fullgrid-q8s11-p180/heat/model.layers.11.mlp.down_proj.npy
721024	2026-05-28T11:10:24.0000000000	./john/fullgrid/qwen3b-fullgrid-q8s11-p180/heat/model.layers.11.self_attn.o_proj.npy
721024	2026-05-28T11:10:24.0000000000	./john/fullgrid/qwen3b-fullgrid-q8s11-p180/heat/model.layers.11.self_attn.q_proj.npy
721024	2026-05-28T11:10:24.0000000000	./john/fullgrid/qwen3b-fullgrid-q8s11-p180/heat/model.layers.12.mlp.down_proj.npy
721024	2026-05-28T11:10:24.0000000000	./john/fullgrid/qwen3b-fullgrid-q8s11-p180/heat/model.layers.12.self_attn.o_proj.npy
721024	2026-05-28T11:10:24.0000000000	./john/fullgrid/qwen3b-fullgrid-q8s11-p180/heat/model.layers.12.self_attn.q_proj.npy
721024	2026-05-28T11:10:24.0000000000	./john/fullgrid/qwen3b-fullgrid-q8s11-p180/heat/model.layers.13.mlp.down_proj.npy
721024	2026-05-28T11:10:24.0000000000	./john/fullgrid/qwen3b-fullgrid-q8s11-p180/heat/model.layers.13.self_attn.o_proj.npy
721024	2026-05-28T11:10:24.0000000000	./john/fullgrid/qwen3b-fullgrid-q8s11-p180/heat/model.layers.14.mlp.down_proj.npy
721024	2026-05-28T11:10:24.0000000000	./john/fullgrid/qwen3b-fullgrid-q8s11-p180/heat/model.layers.14.self_attn.o_proj.npy
721024	2026-05-28T11:10:24.0000000000	./john/fullgrid/qwen3b-fullgrid-q8s11-p180/heat/model.layers.14.self_attn.q_proj.npy
721024	2026-05-28T11:10:24.0000000000	./john/fullgrid/qwen3b-fullgrid-q8s11-p180/heat/model.layers.15.mlp.down_proj.npy
721024	2026-05-28T11:10:24.0000000000	./john/fullgrid/qwen3b-fullgrid-q8s11-p180/heat/model.layers.15.self_attn.o_proj.npy
721024	2026-05-28T11:10:24.0000000000	./john/fullgrid/qwen3b-fullgrid-q8s11-p180/heat/model.layers.15.self_attn.q_proj.npy
721024	2026-05-28T11:10:24.0000000000	./john/fullgrid/qwen3b-fullgrid-q8s11-p180/heat/model.layers.16.mlp.down_proj.npy
721024	2026-05-28T11:10:24.0000000000	./john/fullgrid/qwen3b-fullgrid-q8s11-p180/heat/model.layers.16.self_attn.o_proj.npy
721024	2026-05-28T11:10:24.0000000000	./john/fullgrid/qwen3b-fullgrid-q8s11-p180/heat/model.layers.16.self_attn.q_proj.npy
721024	2026-05-28T11:10:24.0000000000	./john/fullgrid/qwen3b-fullgrid-q8s11-p180/heat/model.layers.17.mlp.down_proj.npy
721024	2026-05-28T11:10:24.0000000000	./john/fullgrid/qwen3b-fullgrid-q8s11-p180/heat/model.layers.17.self_attn.o_proj.npy
721024	2026-05-28T11:10:24.0000000000	./john/fullgrid/qwen3b-fullgrid-q8s11-p180/heat/model.layers.18.mlp.down_proj.npy
721024	2026-05-28T11:10:24.0000000000	./john/fullgrid/qwen3b-fullgrid-q8s11-p180/heat/model.layers.18.self_attn.o_proj.npy
721024	2026-05-28T11:10:24.0000000000	./john/fullgrid/qwen3b-fullgrid-q8s11-p180/heat/model.layers.18.self_attn.q_proj.npy
721024	2026-05-28T11:10:24.0000000000	./john/fullgrid/qwen3b-fullgrid-q8s11-p180/heat/model.layers.19.self_attn.o_proj.npy
721024	2026-05-28T11:10:24.0000000000	./john/fullgrid/qwen3b-fullgrid-q8s11-p180/heat/model.layers.19.self_attn.q_proj.npy
721024	2026-05-28T11:10:24.0000000000	./john/fullgrid/qwen3b-fullgrid-q8s11-p180/heat/model.layers.2.mlp.down_proj.npy
721024	2026-05-28T11:10:24.0000000000	./john/fullgrid/qwen3b-fullgrid-q8s11-p180/heat/model.layers.2.self_attn.o_proj.npy
721024	2026-05-28T11:10:24.0000000000	./john/fullgrid/qwen3b-fullgrid-q8s11-p180/heat/model.layers.2.self_attn.q_proj.npy
721024	2026-05-28T11:10:24.0000000000	./john/fullgrid/qwen3b-fullgrid-q8s11-p180/heat/model.layers.3.mlp.down_proj.npy
721024	2026-05-28T11:10:24.0000000000	./john/fullgrid/qwen3b-fullgrid-q8s11-p180/heat/model.layers.3.self_attn.o_proj.npy
721024	2026-05-28T11:10:24.0000000000	./john/fullgrid/qwen3b-fullgrid-q8s11-p180/heat/model.layers.3.self_attn.q_proj.npy
721024	2026-05-28T11:10:24.0000000000	./john/fullgrid/qwen3b-fullgrid-q8s11-p180/heat/model.layers.31.mlp.down_proj.npy
721024	2026-05-28T11:10:24.0000000000	./john/fullgrid/qwen3b-fullgrid-q8s11-p180/heat/model.layers.32.self_attn.q_proj.npy
721024	2026-05-28T11:10:24.0000000000	./john/fullgrid/qwen3b-fullgrid-q8s11-p180/heat/model.layers.34.mlp.down_proj.npy
721024	2026-05-28T11:10:24.0000000000	./john/fullgrid/qwen3b-fullgrid-q8s11-p180/heat/model.layers.35.mlp.down_proj.npy
721024	2026-05-28T11:10:24.0000000000	./john/fullgrid/qwen3b-fullgrid-q8s11-p180/heat/model.layers.35.self_attn.o_proj.npy
721024	2026-05-28T11:10:24.0000000000	./john/fullgrid/qwen3b-fullgrid-q8s11-p180/heat/model.layers.35.self_attn.q_proj.npy
721024	2026-05-28T11:10:24.0000000000	./john/fullgrid/qwen3b-fullgrid-q8s11-p180/heat/model.layers.4.mlp.down_proj.npy
721024	2026-05-28T11:10:24.0000000000	./john/fullgrid/qwen3b-fullgrid-q8s11-p180/heat/model.layers.4.self_attn.o_proj.npy
721024	2026-05-28T11:10:24.0000000000	./john/fullgrid/qwen3b-fullgrid-q8s11-p180/heat/model.layers.4.self_attn.q_proj.npy
721024	2026-05-28T11:10:24.0000000000	./john/fullgrid/qwen3b-fullgrid-q8s11-p180/heat/model.layers.5.mlp.down_proj.npy
721024	2026-05-28T11:10:24.0000000000	./john/fullgrid/qwen3b-fullgrid-q8s11-p180/heat/model.layers.5.self_attn.o_proj.npy
721024	2026-05-28T11:10:24.0000000000	./john/fullgrid/qwen3b-fullgrid-q8s11-p180/heat/model.layers.5.self_attn.q_proj.npy
721024	2026-05-28T11:10:24.0000000000	./john/fullgrid/qwen3b-fullgrid-q8s11-p180/heat/model.layers.6.mlp.down_proj.npy
721024	2026-05-28T11:10:24.0000000000	./john/fullgrid/qwen3b-fullgrid-q8s11-p180/heat/model.layers.6.self_attn.o_proj.npy
721024	2026-05-28T11:10:24.0000000000	./john/fullgrid/qwen3b-fullgrid-q8s11-p180/heat/model.layers.6.self_attn.q_proj.npy
721024	2026-05-28T11:10:24.0000000000	./john/fullgrid/qwen3b-fullgrid-q8s11-p180/heat/model.layers.7.mlp.down_proj.npy
721024	2026-05-28T11:10:24.0000000000	./john/fullgrid/qwen3b-fullgrid-q8s11-p180/heat/model.layers.7.self_attn.o_proj.npy
721024	2026-05-28T11:10:24.0000000000	./john/fullgrid/qwen3b-fullgrid-q8s11-p180/heat/model.layers.7.self_attn.q_proj.npy
721024	2026-05-28T11:10:24.0000000000	./john/fullgrid/qwen3b-fullgrid-q8s11-p180/heat/model.layers.8.mlp.down_proj.npy
721024	2026-05-28T11:10:24.0000000000	./john/fullgrid/qwen3b-fullgrid-q8s11-p180/heat/model.layers.8.self_attn.o_proj.npy
721024	2026-05-28T11:10:24.0000000000	./john/fullgrid/qwen3b-fullgrid-q8s11-p180/heat/model.layers.8.self_attn.q_proj.npy
721024	2026-05-28T11:10:24.0000000000	./john/fullgrid/qwen3b-fullgrid-q8s11-p180/heat/model.layers.9.mlp.down_proj.npy
721024	2026-05-28T11:10:24.0000000000	./john/fullgrid/qwen3b-fullgrid-q8s11-p180/heat/model.layers.9.self_attn.o_proj.npy
721024	2026-05-28T11:10:24.0000000000	./john/fullgrid/qwen3b-fullgrid-q8s11-p180/heat/model.layers.9.self_attn.q_proj.npy
721024	2026-05-28T11:10:25.0000000000	./john/fullgrid/qwen3b-fullgrid-q8s11-p180/heat/model.layers.0.mlp.down_proj.npy
721024	2026-05-28T11:10:25.0000000000	./john/fullgrid/qwen3b-fullgrid-q8s11-p180/heat/model.layers.0.self_attn.o_proj.npy
721024	2026-05-28T11:10:25.0000000000	./john/fullgrid/qwen3b-fullgrid-q8s11-p180/heat/model.layers.0.self_attn.q_proj.npy
721024	2026-05-28T11:10:25.0000000000	./john/fullgrid/qwen3b-fullgrid-q8s11-p180/heat/model.layers.1.self_attn.o_proj.npy
721024	2026-05-28T11:10:25.0000000000	./john/fullgrid/qwen3b-fullgrid-q8s11-p180/heat/model.layers.1.self_attn.q_proj.npy
721024	2026-05-28T11:10:25.0000000000	./john/fullgrid/qwen3b-fullgrid-q8s11-p180/heat/model.layers.10.mlp.down_proj.npy
721024	2026-05-28T11:10:25.0000000000	./john/fullgrid/qwen3b-fullgrid-q8s11-p180/heat/model.layers.13.self_attn.q_proj.npy
721024	2026-05-28T11:10:25.0000000000	./john/fullgrid/qwen3b-fullgrid-q8s11-p180/heat/model.layers.17.self_attn.q_proj.npy
721024	2026-05-28T11:10:25.0000000000	./john/fullgrid/qwen3b-fullgrid-q8s11-p180/heat/model.layers.19.mlp.down_proj.npy
721024	2026-05-28T11:10:25.0000000000	./john/fullgrid/qwen3b-fullgrid-q8s11-p180/heat/model.layers.20.mlp.down_proj.npy
721024	2026-05-28T11:10:25.0000000000	./john/fullgrid/qwen3b-fullgrid-q8s11-p180/heat/model.layers.20.self_attn.o_proj.npy
721024	2026-05-28T11:10:25.0000000000	./john/fullgrid/qwen3b-fullgrid-q8s11-p180/heat/model.layers.20.self_attn.q_proj.npy
721024	2026-05-28T11:10:25.0000000000	./john/fullgrid/qwen3b-fullgrid-q8s11-p180/heat/model.layers.21.mlp.down_proj.npy
721024	2026-05-28T11:10:25.0000000000	./john/fullgrid/qwen3b-fullgrid-q8s11-p180/heat/model.layers.21.self_attn.o_proj.npy
721024	2026-05-28T11:10:25.0000000000	./john/fullgrid/qwen3b-fullgrid-q8s11-p180/heat/model.layers.21.self_attn.q_proj.npy
721024	2026-05-28T11:10:25.0000000000	./john/fullgrid/qwen3b-fullgrid-q8s11-p180/heat/model.layers.22.mlp.down_proj.npy
721024	2026-05-28T11:10:25.0000000000	./john/fullgrid/qwen3b-fullgrid-q8s11-p180/heat/model.layers.22.self_attn.o_proj.npy
721024	2026-05-28T11:10:25.0000000000	./john/fullgrid/qwen3b-fullgrid-q8s11-p180/heat/model.layers.22.self_attn.q_proj.npy
721024	2026-05-28T11:10:25.0000000000	./john/fullgrid/qwen3b-fullgrid-q8s11-p180/heat/model.layers.23.mlp.down_proj.npy
721024	2026-05-28T11:10:25.0000000000	./john/fullgrid/qwen3b-fullgrid-q8s11-p180/heat/model.layers.23.self_attn.o_proj.npy
721024	2026-05-28T11:10:25.0000000000	./john/fullgrid/qwen3b-fullgrid-q8s11-p180/heat/model.layers.23.self_attn.q_proj.npy
721024	2026-05-28T11:10:25.0000000000	./john/fullgrid/qwen3b-fullgrid-q8s11-p180/heat/model.layers.24.self_attn.o_proj.npy
721024	2026-05-28T11:10:25.0000000000	./john/fullgrid/qwen3b-fullgrid-q8s11-p180/heat/model.layers.24.self_attn.q_proj.npy
721024	2026-05-28T11:10:25.0000000000	./john/fullgrid/qwen3b-fullgrid-q8s11-p180/heat/model.layers.25.mlp.down_proj.npy
721024	2026-05-28T11:10:25.0000000000	./john/fullgrid/qwen3b-fullgrid-q8s11-p180/heat/model.layers.25.self_attn.o_proj.npy
721024	2026-05-28T11:10:25.0000000000	./john/fullgrid/qwen3b-fullgrid-q8s11-p180/heat/model.layers.26.self_attn.o_proj.npy
721024	2026-05-28T11:10:25.0000000000	./john/fullgrid/qwen3b-fullgrid-q8s11-p180/heat/model.layers.26.self_attn.q_proj.npy
721024	2026-05-28T11:10:27.0000000000	./john/fullgrid/qwen3b-fullgrid-q8s11-p180/heat/model.layers.24.mlp.down_proj.npy
721024	2026-05-28T11:10:27.0000000000	./john/fullgrid/qwen3b-fullgrid-q8s11-p180/heat/model.layers.25.self_attn.q_proj.npy
721024	2026-05-28T11:10:29.0000000000	./john/fullgrid/qwen3b-fullgrid-q8s11-p180/heat/model.layers.26.mlp.down_proj.npy
721024	2026-05-28T11:10:29.0000000000	./john/fullgrid/qwen3b-fullgrid-q8s11-p180/heat/model.layers.27.self_attn.o_proj.npy
721024	2026-05-28T11:10:29.0000000000	./john/fullgrid/qwen3b-fullgrid-q8s11-p180/heat/model.layers.27.self_attn.q_proj.npy
721024	2026-05-28T11:10:30.0000000000	./john/fullgrid/qwen3b-fullgrid-q8s11-p180/heat/model.layers.27.mlp.down_proj.npy
721024	2026-05-28T11:10:30.0000000000	./john/fullgrid/qwen3b-fullgrid-q8s11-p180/heat/model.layers.28.self_attn.q_proj.npy
721024	2026-05-28T11:10:33.0000000000	./john/fullgrid/qwen3b-fullgrid-q8s11-p180/heat/model.layers.28.self_attn.o_proj.npy
721024	2026-05-28T11:10:40.0000000000	./john/fullgrid/qwen3b-fullgrid-q8s11-p180/heat/model.layers.28.mlp.down_proj.npy
721024	2026-05-28T11:10:40.0000000000	./john/fullgrid/qwen3b-fullgrid-q8s11-p180/heat/model.layers.29.self_attn.o_proj.npy
721024	2026-05-28T11:10:40.0000000000	./john/fullgrid/qwen3b-fullgrid-q8s11-p180/heat/model.layers.29.self_attn.q_proj.npy
721024	2026-05-28T11:10:41.0000000000	./john/fullgrid/qwen3b-fullgrid-q8s11-p180/heat/model.layers.29.mlp.down_proj.npy
721024	2026-05-28T11:10:41.0000000000	./john/fullgrid/qwen3b-fullgrid-q8s11-p180/heat/model.layers.30.self_attn.o_proj.npy
721024	2026-05-28T11:10:41.0000000000	./john/fullgrid/qwen3b-fullgrid-q8s11-p180/heat/model.layers.30.self_attn.q_proj.npy
721024	2026-05-28T11:10:42.0000000000	./john/fullgrid/qwen3b-fullgrid-q8s11-p180/heat/model.layers.30.mlp.down_proj.npy
721024	2026-05-28T11:10:42.0000000000	./john/fullgrid/qwen3b-fullgrid-q8s11-p180/heat/model.layers.31.self_attn.o_proj.npy
721024	2026-05-28T11:10:42.0000000000	./john/fullgrid/qwen3b-fullgrid-q8s11-p180/heat/model.layers.31.self_attn.q_proj.npy
721024	2026-05-28T11:10:45.0000000000	./john/fullgrid/qwen3b-fullgrid-q8s11-p180/heat/model.layers.32.self_attn.o_proj.npy
721024	2026-05-28T11:10:47.0000000000	./john/fullgrid/qwen3b-fullgrid-q8s11-p180/heat/model.layers.32.mlp.down_proj.npy
721024	2026-05-28T11:10:51.0000000000	./john/fullgrid/qwen3b-fullgrid-q8s11-p180/heat/model.layers.33.self_attn.q_proj.npy
721024	2026-05-28T11:10:53.0000000000	./john/fullgrid/qwen3b-fullgrid-q8s11-p180/heat/model.layers.33.self_attn.o_proj.npy
721024	2026-05-28T11:11:19.0000000000	./john/fullgrid/qwen3b-fullgrid-q8s11-p180/heat/model.layers.33.mlp.down_proj.npy
721024	2026-05-28T11:11:23.0000000000	./john/fullgrid/qwen3b-fullgrid-q8s11-p180/heat/model.layers.34.self_attn.q_proj.npy
721024	2026-05-28T11:11:24.0000000000	./john/fullgrid/qwen3b-fullgrid-q8s11-p180/heat/model.layers.34.self_attn.o_proj.npy
737408	2026-05-28T12:25:47.0000000000	./john/fullgrid/qwen3b-fullgrid-q6s15-p180/heat/model.layers.0.mlp.down_proj.npy
737408	2026-05-28T12:25:47.0000000000	./john/fullgrid/qwen3b-fullgrid-q6s15-p180/heat/model.layers.0.self_attn.o_proj.npy
737408	2026-05-28T12:25:47.0000000000	./john/fullgrid/qwen3b-fullgrid-q6s15-p180/heat/model.layers.0.self_attn.q_proj.npy
737408	2026-05-28T12:25:47.0000000000	./john/fullgrid/qwen3b-fullgrid-q6s15-p180/heat/model.layers.1.mlp.down_proj.npy
737408	2026-05-28T12:25:47.0000000000	./john/fullgrid/qwen3b-fullgrid-q6s15-p180/heat/model.layers.1.self_attn.o_proj.npy
737408	2026-05-28T12:25:47.0000000000	./john/fullgrid/qwen3b-fullgrid-q6s15-p180/heat/model.layers.1.self_attn.q_proj.npy
737408	2026-05-28T12:25:47.0000000000	./john/fullgrid/qwen3b-fullgrid-q6s15-p180/heat/model.layers.10.mlp.down_proj.npy
737408	2026-05-28T12:25:47.0000000000	./john/fullgrid/qwen3b-fullgrid-q6s15-p180/heat/model.layers.10.self_attn.o_proj.npy
737408	2026-05-28T12:25:47.0000000000	./john/fullgrid/qwen3b-fullgrid-q6s15-p180/heat/model.layers.10.self_attn.q_proj.npy
737408	2026-05-28T12:25:47.0000000000	./john/fullgrid/qwen3b-fullgrid-q6s15-p180/heat/model.layers.11.mlp.down_proj.npy
737408	2026-05-28T12:25:47.0000000000	./john/fullgrid/qwen3b-fullgrid-q6s15-p180/heat/model.layers.11.self_attn.o_proj.npy
737408	2026-05-28T12:25:47.0000000000	./john/fullgrid/qwen3b-fullgrid-q6s15-p180/heat/model.layers.11.self_attn.q_proj.npy
737408	2026-05-28T12:25:47.0000000000	./john/fullgrid/qwen3b-fullgrid-q6s15-p180/heat/model.layers.12.mlp.down_proj.npy
737408	2026-05-28T12:25:47.0000000000	./john/fullgrid/qwen3b-fullgrid-q6s15-p180/heat/model.layers.12.self_attn.o_proj.npy
737408	2026-05-28T12:25:47.0000000000	./john/fullgrid/qwen3b-fullgrid-q6s15-p180/heat/model.layers.12.self_attn.q_proj.npy
737408	2026-05-28T12:25:47.0000000000	./john/fullgrid/qwen3b-fullgrid-q6s15-p180/heat/model.layers.13.mlp.down_proj.npy
737408	2026-05-28T12:25:47.0000000000	./john/fullgrid/qwen3b-fullgrid-q6s15-p180/heat/model.layers.13.self_attn.o_proj.npy
737408	2026-05-28T12:25:47.0000000000	./john/fullgrid/qwen3b-fullgrid-q6s15-p180/heat/model.layers.13.self_attn.q_proj.npy
737408	2026-05-28T12:25:47.0000000000	./john/fullgrid/qwen3b-fullgrid-q6s15-p180/heat/model.layers.14.mlp.down_proj.npy
737408	2026-05-28T12:25:47.0000000000	./john/fullgrid/qwen3b-fullgrid-q6s15-p180/heat/model.layers.14.self_attn.o_proj.npy
737408	2026-05-28T12:25:47.0000000000	./john/fullgrid/qwen3b-fullgrid-q6s15-p180/heat/model.layers.14.self_attn.q_proj.npy
737408	2026-05-28T12:25:47.0000000000	./john/fullgrid/qwen3b-fullgrid-q6s15-p180/heat/model.layers.15.mlp.down_proj.npy
737408	2026-05-28T12:25:47.0000000000	./john/fullgrid/qwen3b-fullgrid-q6s15-p180/heat/model.layers.15.self_attn.o_proj.npy
737408	2026-05-28T12:25:47.0000000000	./john/fullgrid/qwen3b-fullgrid-q6s15-p180/heat/model.layers.15.self_attn.q_proj.npy
737408	2026-05-28T12:25:47.0000000000	./john/fullgrid/qwen3b-fullgrid-q6s15-p180/heat/model.layers.16.mlp.down_proj.npy
737408	2026-05-28T12:25:47.0000000000	./john/fullgrid/qwen3b-fullgrid-q6s15-p180/heat/model.layers.16.self_attn.o_proj.npy
737408	2026-05-28T12:25:47.0000000000	./john/fullgrid/qwen3b-fullgrid-q6s15-p180/heat/model.layers.16.self_attn.q_proj.npy
737408	2026-05-28T12:25:47.0000000000	./john/fullgrid/qwen3b-fullgrid-q6s15-p180/heat/model.layers.17.mlp.down_proj.npy
737408	2026-05-28T12:25:47.0000000000	./john/fullgrid/qwen3b-fullgrid-q6s15-p180/heat/model.layers.17.self_attn.o_proj.npy
737408	2026-05-28T12:25:47.0000000000	./john/fullgrid/qwen3b-fullgrid-q6s15-p180/heat/model.layers.17.self_attn.q_proj.npy
737408	2026-05-28T12:25:47.0000000000	./john/fullgrid/qwen3b-fullgrid-q6s15-p180/heat/model.layers.18.mlp.down_proj.npy
737408	2026-05-28T12:25:47.0000000000	./john/fullgrid/qwen3b-fullgrid-q6s15-p180/heat/model.layers.18.self_attn.o_proj.npy
737408	2026-05-28T12:25:47.0000000000	./john/fullgrid/qwen3b-fullgrid-q6s15-p180/heat/model.layers.18.self_attn.q_proj.npy
737408	2026-05-28T12:25:47.0000000000	./john/fullgrid/qwen3b-fullgrid-q6s15-p180/heat/model.layers.19.mlp.down_proj.npy
737408	2026-05-28T12:25:47.0000000000	./john/fullgrid/qwen3b-fullgrid-q6s15-p180/heat/model.layers.19.self_attn.o_proj.npy
737408	2026-05-28T12:25:47.0000000000	./john/fullgrid/qwen3b-fullgrid-q6s15-p180/heat/model.layers.19.self_attn.q_proj.npy
737408	2026-05-28T12:25:47.0000000000	./john/fullgrid/qwen3b-fullgrid-q6s15-p180/heat/model.layers.2.mlp.down_proj.npy
737408	2026-05-28T12:25:47.0000000000	./john/fullgrid/qwen3b-fullgrid-q6s15-p180/heat/model.layers.2.self_attn.o_proj.npy
737408	2026-05-28T12:25:47.0000000000	./john/fullgrid/qwen3b-fullgrid-q6s15-p180/heat/model.layers.2.self_attn.q_proj.npy
737408	2026-05-28T12:25:47.0000000000	./john/fullgrid/qwen3b-fullgrid-q6s15-p180/heat/model.layers.20.mlp.down_proj.npy
737408	2026-05-28T12:25:47.0000000000	./john/fullgrid/qwen3b-fullgrid-q6s15-p180/heat/model.layers.20.self_attn.o_proj.npy
737408	2026-05-28T12:25:47.0000000000	./john/fullgrid/qwen3b-fullgrid-q6s15-p180/heat/model.layers.20.self_attn.q_proj.npy
737408	2026-05-28T12:25:47.0000000000	./john/fullgrid/qwen3b-fullgrid-q6s15-p180/heat/model.layers.21.mlp.down_proj.npy
737408	2026-05-28T12:25:47.0000000000	./john/fullgrid/qwen3b-fullgrid-q6s15-p180/heat/model.layers.21.self_attn.o_proj.npy
737408	2026-05-28T12:25:47.0000000000	./john/fullgrid/qwen3b-fullgrid-q6s15-p180/heat/model.layers.21.self_attn.q_proj.npy
737408	2026-05-28T12:25:47.0000000000	./john/fullgrid/qwen3b-fullgrid-q6s15-p180/heat/model.layers.22.mlp.down_proj.npy
737408	2026-05-28T12:25:47.0000000000	./john/fullgrid/qwen3b-fullgrid-q6s15-p180/heat/model.layers.22.self_attn.o_proj.npy
737408	2026-05-28T12:25:47.0000000000	./john/fullgrid/qwen3b-fullgrid-q6s15-p180/heat/model.layers.22.self_attn.q_proj.npy
737408	2026-05-28T12:25:47.0000000000	./john/fullgrid/qwen3b-fullgrid-q6s15-p180/heat/model.layers.23.mlp.down_proj.npy
737408	2026-05-28T12:25:47.0000000000	./john/fullgrid/qwen3b-fullgrid-q6s15-p180/heat/model.layers.23.self_attn.o_proj.npy
737408	2026-05-28T12:25:47.0000000000	./john/fullgrid/qwen3b-fullgrid-q6s15-p180/heat/model.layers.23.self_attn.q_proj.npy
737408	2026-05-28T12:25:47.0000000000	./john/fullgrid/qwen3b-fullgrid-q6s15-p180/heat/model.layers.24.mlp.down_proj.npy
737408	2026-05-28T12:25:47.0000000000	./john/fullgrid/qwen3b-fullgrid-q6s15-p180/heat/model.layers.24.self_attn.o_proj.npy
737408	2026-05-28T12:25:47.0000000000	./john/fullgrid/qwen3b-fullgrid-q6s15-p180/heat/model.layers.24.self_attn.q_proj.npy
737408	2026-05-28T12:25:47.0000000000	./john/fullgrid/qwen3b-fullgrid-q6s15-p180/heat/model.layers.25.mlp.down_proj.npy
737408	2026-05-28T12:25:47.0000000000	./john/fullgrid/qwen3b-fullgrid-q6s15-p180/heat/model.layers.25.self_attn.o_proj.npy
737408	2026-05-28T12:25:47.0000000000	./john/fullgrid/qwen3b-fullgrid-q6s15-p180/heat/model.layers.25.self_attn.q_proj.npy
737408	2026-05-28T12:25:47.0000000000	./john/fullgrid/qwen3b-fullgrid-q6s15-p180/heat/model.layers.26.mlp.down_proj.npy
737408	2026-05-28T12:25:47.0000000000	./john/fullgrid/qwen3b-fullgrid-q6s15-p180/heat/model.layers.26.self_attn.o_proj.npy
737408	2026-05-28T12:25:47.0000000000	./john/fullgrid/qwen3b-fullgrid-q6s15-p180/heat/model.layers.26.self_attn.q_proj.npy
737408	2026-05-28T12:25:47.0000000000	./john/fullgrid/qwen3b-fullgrid-q6s15-p180/heat/model.layers.27.mlp.down_proj.npy
737408	2026-05-28T12:25:47.0000000000	./john/fullgrid/qwen3b-fullgrid-q6s15-p180/heat/model.layers.27.self_attn.o_proj.npy
737408	2026-05-28T12:25:47.0000000000	./john/fullgrid/qwen3b-fullgrid-q6s15-p180/heat/model.layers.27.self_attn.q_proj.npy
737408	2026-05-28T12:25:47.0000000000	./john/fullgrid/qwen3b-fullgrid-q6s15-p180/heat/model.layers.28.mlp.down_proj.npy
737408	2026-05-28T12:25:47.0000000000	./john/fullgrid/qwen3b-fullgrid-q6s15-p180/heat/model.layers.28.self_attn.o_proj.npy
737408	2026-05-28T12:25:47.0000000000	./john/fullgrid/qwen3b-fullgrid-q6s15-p180/heat/model.layers.28.self_attn.q_proj.npy
737408	2026-05-28T12:25:47.0000000000	./john/fullgrid/qwen3b-fullgrid-q6s15-p180/heat/model.layers.29.mlp.down_proj.npy
737408	2026-05-28T12:25:47.0000000000	./john/fullgrid/qwen3b-fullgrid-q6s15-p180/heat/model.layers.29.self_attn.o_proj.npy
737408	2026-05-28T12:25:47.0000000000	./john/fullgrid/qwen3b-fullgrid-q6s15-p180/heat/model.layers.29.self_attn.q_proj.npy
737408	2026-05-28T12:25:47.0000000000	./john/fullgrid/qwen3b-fullgrid-q6s15-p180/heat/model.layers.3.mlp.down_proj.npy
737408	2026-05-28T12:25:47.0000000000	./john/fullgrid/qwen3b-fullgrid-q6s15-p180/heat/model.layers.3.self_attn.o_proj.npy
737408	2026-05-28T12:25:47.0000000000	./john/fullgrid/qwen3b-fullgrid-q6s15-p180/heat/model.layers.3.self_attn.q_proj.npy
737408	2026-05-28T12:25:47.0000000000	./john/fullgrid/qwen3b-fullgrid-q6s15-p180/heat/model.layers.30.mlp.down_proj.npy
737408	2026-05-28T12:25:47.0000000000	./john/fullgrid/qwen3b-fullgrid-q6s15-p180/heat/model.layers.30.self_attn.o_proj.npy
737408	2026-05-28T12:25:47.0000000000	./john/fullgrid/qwen3b-fullgrid-q6s15-p180/heat/model.layers.30.self_attn.q_proj.npy
737408	2026-05-28T12:25:47.0000000000	./john/fullgrid/qwen3b-fullgrid-q6s15-p180/heat/model.layers.31.mlp.down_proj.npy
737408	2026-05-28T12:25:47.0000000000	./john/fullgrid/qwen3b-fullgrid-q6s15-p180/heat/model.layers.31.self_attn.o_proj.npy
737408	2026-05-28T12:25:47.0000000000	./john/fullgrid/qwen3b-fullgrid-q6s15-p180/heat/model.layers.31.self_attn.q_proj.npy
737408	2026-05-28T12:25:47.0000000000	./john/fullgrid/qwen3b-fullgrid-q6s15-p180/heat/model.layers.32.mlp.down_proj.npy
737408	2026-05-28T12:25:47.0000000000	./john/fullgrid/qwen3b-fullgrid-q6s15-p180/heat/model.layers.32.self_attn.o_proj.npy
737408	2026-05-28T12:25:47.0000000000	./john/fullgrid/qwen3b-fullgrid-q6s15-p180/heat/model.layers.32.self_attn.q_proj.npy
737408	2026-05-28T12:25:47.0000000000	./john/fullgrid/qwen3b-fullgrid-q6s15-p180/heat/model.layers.33.mlp.down_proj.npy
737408	2026-05-28T12:25:47.0000000000	./john/fullgrid/qwen3b-fullgrid-q6s15-p180/heat/model.layers.33.self_attn.o_proj.npy
737408	2026-05-28T12:25:47.0000000000	./john/fullgrid/qwen3b-fullgrid-q6s15-p180/heat/model.layers.33.self_attn.q_proj.npy
737408	2026-05-28T12:25:47.0000000000	./john/fullgrid/qwen3b-fullgrid-q6s15-p180/heat/model.layers.34.mlp.down_proj.npy
737408	2026-05-28T12:25:47.0000000000	./john/fullgrid/qwen3b-fullgrid-q6s15-p180/heat/model.layers.34.self_attn.o_proj.npy
737408	2026-05-28T12:25:47.0000000000	./john/fullgrid/qwen3b-fullgrid-q6s15-p180/heat/model.layers.34.self_attn.q_proj.npy
737408	2026-05-28T12:25:47.0000000000	./john/fullgrid/qwen3b-fullgrid-q6s15-p180/heat/model.layers.35.mlp.down_proj.npy
737408	2026-05-28T12:25:47.0000000000	./john/fullgrid/qwen3b-fullgrid-q6s15-p180/heat/model.layers.35.self_attn.o_proj.npy
737408	2026-05-28T12:25:47.0000000000	./john/fullgrid/qwen3b-fullgrid-q6s15-p180/heat/model.layers.35.self_attn.q_proj.npy
737408	2026-05-28T12:25:47.0000000000	./john/fullgrid/qwen3b-fullgrid-q6s15-p180/heat/model.layers.4.mlp.down_proj.npy
737408	2026-05-28T12:25:47.0000000000	./john/fullgrid/qwen3b-fullgrid-q6s15-p180/heat/model.layers.4.self_attn.o_proj.npy
737408	2026-05-28T12:25:47.0000000000	./john/fullgrid/qwen3b-fullgrid-q6s15-p180/heat/model.layers.4.self_attn.q_proj.npy
737408	2026-05-28T12:25:47.0000000000	./john/fullgrid/qwen3b-fullgrid-q6s15-p180/heat/model.layers.5.mlp.down_proj.npy
737408	2026-05-28T12:25:47.0000000000	./john/fullgrid/qwen3b-fullgrid-q6s15-p180/heat/model.layers.5.self_attn.o_proj.npy
737408	2026-05-28T12:25:47.0000000000	./john/fullgrid/qwen3b-fullgrid-q6s15-p180/heat/model.layers.5.self_attn.q_proj.npy
737408	2026-05-28T12:25:47.0000000000	./john/fullgrid/qwen3b-fullgrid-q6s15-p180/heat/model.layers.6.mlp.down_proj.npy
737408	2026-05-28T12:25:47.0000000000	./john/fullgrid/qwen3b-fullgrid-q6s15-p180/heat/model.layers.6.self_attn.o_proj.npy
737408	2026-05-28T12:25:47.0000000000	./john/fullgrid/qwen3b-fullgrid-q6s15-p180/heat/model.layers.6.self_attn.q_proj.npy
737408	2026-05-28T12:25:47.0000000000	./john/fullgrid/qwen3b-fullgrid-q6s15-p180/heat/model.layers.7.mlp.down_proj.npy
737408	2026-05-28T12:25:47.0000000000	./john/fullgrid/qwen3b-fullgrid-q6s15-p180/heat/model.layers.7.self_attn.o_proj.npy
737408	2026-05-28T12:25:47.0000000000	./john/fullgrid/qwen3b-fullgrid-q6s15-p180/heat/model.layers.7.self_attn.q_proj.npy
737408	2026-05-28T12:25:47.0000000000	./john/fullgrid/qwen3b-fullgrid-q6s15-p180/heat/model.layers.8.mlp.down_proj.npy
737408	2026-05-28T12:25:47.0000000000	./john/fullgrid/qwen3b-fullgrid-q6s15-p180/heat/model.layers.8.self_attn.o_proj.npy
737408	2026-05-28T12:25:47.0000000000	./john/fullgrid/qwen3b-fullgrid-q6s15-p180/heat/model.layers.8.self_attn.q_proj.npy
737408	2026-05-28T12:25:47.0000000000	./john/fullgrid/qwen3b-fullgrid-q6s15-p180/heat/model.layers.9.mlp.down_proj.npy
737408	2026-05-28T12:25:47.0000000000	./john/fullgrid/qwen3b-fullgrid-q6s15-p180/heat/model.layers.9.self_attn.o_proj.npy
737408	2026-05-28T12:25:47.0000000000	./john/fullgrid/qwen3b-fullgrid-q6s15-p180/heat/model.layers.9.self_attn.q_proj.npy
7577728	2026-05-29T00:28:12.0000000000	./gx10/fullgrid/qwen7b-fullgrid-100m-p1200-perchannel/heat/model.layers.0.mlp.gate_proj.npy
7577728	2026-05-29T00:28:12.0000000000	./gx10/fullgrid/qwen7b-fullgrid-100m-p1200-perchannel/heat/model.layers.0.mlp.up_proj.npy
7577728	2026-05-29T00:28:13.0000000000	./gx10/fullgrid/qwen7b-fullgrid-100m-p1200-perchannel/heat/model.layers.1.mlp.gate_proj.npy
7577728	2026-05-29T00:28:14.0000000000	./gx10/fullgrid/qwen7b-fullgrid-100m-p1200-perchannel/heat/model.layers.1.mlp.up_proj.npy
7577728	2026-05-29T00:28:14.0000000000	./gx10/fullgrid/qwen7b-fullgrid-100m-p1200-perchannel/heat/model.layers.2.mlp.gate_proj.npy
7577728	2026-05-29T00:28:15.0000000000	./gx10/fullgrid/qwen7b-fullgrid-100m-p1200-perchannel/heat/model.layers.2.mlp.up_proj.npy
7577728	2026-05-29T00:28:16.0000000000	./gx10/fullgrid/qwen7b-fullgrid-100m-p1200-perchannel/heat/model.layers.3.mlp.gate_proj.npy
7577728	2026-05-29T00:28:16.0000000000	./gx10/fullgrid/qwen7b-fullgrid-100m-p1200-perchannel/heat/model.layers.3.mlp.up_proj.npy
7577728	2026-05-29T00:28:17.0000000000	./gx10/fullgrid/qwen7b-fullgrid-100m-p1200-perchannel/heat/model.layers.4.mlp.gate_proj.npy
7577728	2026-05-29T00:28:17.0000000000	./gx10/fullgrid/qwen7b-fullgrid-100m-p1200-perchannel/heat/model.layers.4.mlp.up_proj.npy
7577728	2026-05-29T00:28:18.0000000000	./gx10/fullgrid/qwen7b-fullgrid-100m-p1200-perchannel/heat/model.layers.5.mlp.gate_proj.npy
7577728	2026-05-29T00:28:18.0000000000	./gx10/fullgrid/qwen7b-fullgrid-100m-p1200-perchannel/heat/model.layers.5.mlp.up_proj.npy
7577728	2026-05-29T00:28:20.0000000000	./gx10/fullgrid/qwen7b-fullgrid-100m-p1200-perchannel/heat/model.layers.6.mlp.gate_proj.npy
7577728	2026-05-29T00:28:20.0000000000	./gx10/fullgrid/qwen7b-fullgrid-100m-p1200-perchannel/heat/model.layers.6.mlp.up_proj.npy
7577728	2026-05-29T00:28:21.0000000000	./gx10/fullgrid/qwen7b-fullgrid-100m-p1200-perchannel/heat/model.layers.7.mlp.gate_proj.npy
7577728	2026-05-29T00:28:21.0000000000	./gx10/fullgrid/qwen7b-fullgrid-100m-p1200-perchannel/heat/model.layers.7.mlp.up_proj.npy
7577728	2026-05-29T00:28:22.0000000000	./gx10/fullgrid/qwen7b-fullgrid-100m-p1200-perchannel/heat/model.layers.8.mlp.gate_proj.npy
7577728	2026-05-29T00:28:23.0000000000	./gx10/fullgrid/qwen7b-fullgrid-100m-p1200-perchannel/heat/model.layers.8.mlp.up_proj.npy
7577728	2026-05-29T00:28:23.0000000000	./gx10/fullgrid/qwen7b-fullgrid-100m-p1200-perchannel/heat/model.layers.9.mlp.gate_proj.npy
7577728	2026-05-29T00:28:24.0000000000	./gx10/fullgrid/qwen7b-fullgrid-100m-p1200-perchannel/heat/model.layers.9.mlp.up_proj.npy
7577728	2026-05-29T00:28:25.0000000000	./gx10/fullgrid/qwen7b-fullgrid-100m-p1200-perchannel/heat/model.layers.10.mlp.gate_proj.npy
7577728	2026-05-29T00:28:25.0000000000	./gx10/fullgrid/qwen7b-fullgrid-100m-p1200-perchannel/heat/model.layers.10.mlp.up_proj.npy
7577728	2026-05-29T00:28:26.0000000000	./gx10/fullgrid/qwen7b-fullgrid-100m-p1200-perchannel/heat/model.layers.11.mlp.gate_proj.npy
7577728	2026-05-29T00:28:27.0000000000	./gx10/fullgrid/qwen7b-fullgrid-100m-p1200-perchannel/heat/model.layers.11.mlp.up_proj.npy
7577728	2026-05-29T00:28:28.0000000000	./gx10/fullgrid/qwen7b-fullgrid-100m-p1200-perchannel/heat/model.layers.12.mlp.gate_proj.npy
7577728	2026-05-29T00:28:28.0000000000	./gx10/fullgrid/qwen7b-fullgrid-100m-p1200-perchannel/heat/model.layers.12.mlp.up_proj.npy
7577728	2026-05-29T00:28:29.0000000000	./gx10/fullgrid/qwen7b-fullgrid-100m-p1200-perchannel/heat/model.layers.13.mlp.gate_proj.npy
7577728	2026-05-29T00:28:29.0000000000	./gx10/fullgrid/qwen7b-fullgrid-100m-p1200-perchannel/heat/model.layers.13.mlp.up_proj.npy
7577728	2026-05-29T00:28:31.0000000000	./gx10/fullgrid/qwen7b-fullgrid-100m-p1200-perchannel/heat/model.layers.14.mlp.gate_proj.npy
7577728	2026-05-29T00:28:31.0000000000	./gx10/fullgrid/qwen7b-fullgrid-100m-p1200-perchannel/heat/model.layers.14.mlp.up_proj.npy
7577728	2026-05-29T00:28:32.0000000000	./gx10/fullgrid/qwen7b-fullgrid-100m-p1200-perchannel/heat/model.layers.15.mlp.gate_proj.npy
7577728	2026-05-29T00:28:33.0000000000	./gx10/fullgrid/qwen7b-fullgrid-100m-p1200-perchannel/heat/model.layers.15.mlp.up_proj.npy
7577728	2026-05-29T00:28:34.0000000000	./gx10/fullgrid/qwen7b-fullgrid-100m-p1200-perchannel/heat/model.layers.16.mlp.gate_proj.npy
7577728	2026-05-29T00:28:34.0000000000	./gx10/fullgrid/qwen7b-fullgrid-100m-p1200-perchannel/heat/model.layers.16.mlp.up_proj.npy
7577728	2026-05-29T00:28:35.0000000000	./gx10/fullgrid/qwen7b-fullgrid-100m-p1200-perchannel/heat/model.layers.17.mlp.gate_proj.npy
7577728	2026-05-29T00:28:36.0000000000	./gx10/fullgrid/qwen7b-fullgrid-100m-p1200-perchannel/heat/model.layers.17.mlp.up_proj.npy
7577728	2026-05-29T00:28:36.0000000000	./gx10/fullgrid/qwen7b-fullgrid-100m-p1200-perchannel/heat/model.layers.18.mlp.gate_proj.npy
7577728	2026-05-29T00:28:37.0000000000	./gx10/fullgrid/qwen7b-fullgrid-100m-p1200-perchannel/heat/model.layers.18.mlp.up_proj.npy
7577728	2026-05-29T00:28:38.0000000000	./gx10/fullgrid/qwen7b-fullgrid-100m-p1200-perchannel/heat/model.layers.19.mlp.gate_proj.npy
7577728	2026-05-29T00:28:38.0000000000	./gx10/fullgrid/qwen7b-fullgrid-100m-p1200-perchannel/heat/model.layers.19.mlp.up_proj.npy
7577728	2026-05-29T00:28:39.0000000000	./gx10/fullgrid/qwen7b-fullgrid-100m-p1200-perchannel/heat/model.layers.20.mlp.gate_proj.npy
7577728	2026-05-29T00:28:39.0000000000	./gx10/fullgrid/qwen7b-fullgrid-100m-p1200-perchannel/heat/model.layers.20.mlp.up_proj.npy
7577728	2026-05-29T00:28:40.0000000000	./gx10/fullgrid/qwen7b-fullgrid-100m-p1200-perchannel/heat/model.layers.21.mlp.gate_proj.npy
7577728	2026-05-29T00:28:41.0000000000	./gx10/fullgrid/qwen7b-fullgrid-100m-p1200-perchannel/heat/model.layers.21.mlp.up_proj.npy
7577728	2026-05-29T00:28:42.0000000000	./gx10/fullgrid/qwen7b-fullgrid-100m-p1200-perchannel/heat/model.layers.22.mlp.gate_proj.npy
7577728	2026-05-29T00:28:42.0000000000	./gx10/fullgrid/qwen7b-fullgrid-100m-p1200-perchannel/heat/model.layers.22.mlp.up_proj.npy
7577728	2026-05-29T00:28:43.0000000000	./gx10/fullgrid/qwen7b-fullgrid-100m-p1200-perchannel/heat/model.layers.23.mlp.gate_proj.npy
7577728	2026-05-29T00:28:44.0000000000	./gx10/fullgrid/qwen7b-fullgrid-100m-p1200-perchannel/heat/model.layers.23.mlp.up_proj.npy
7577728	2026-05-29T00:28:45.0000000000	./gx10/fullgrid/qwen7b-fullgrid-100m-p1200-perchannel/heat/model.layers.24.mlp.gate_proj.npy
7577728	2026-05-29T00:28:45.0000000000	./gx10/fullgrid/qwen7b-fullgrid-100m-p1200-perchannel/heat/model.layers.24.mlp.up_proj.npy
7577728	2026-05-29T00:28:46.0000000000	./gx10/fullgrid/qwen7b-fullgrid-100m-p1200-perchannel/heat/model.layers.25.mlp.gate_proj.npy
7577728	2026-05-29T00:28:46.0000000000	./gx10/fullgrid/qwen7b-fullgrid-100m-p1200-perchannel/heat/model.layers.25.mlp.up_proj.npy
7577728	2026-05-29T00:28:48.0000000000	./gx10/fullgrid/qwen7b-fullgrid-100m-p1200-perchannel/heat/model.layers.26.mlp.gate_proj.npy
7577728	2026-05-29T00:28:48.0000000000	./gx10/fullgrid/qwen7b-fullgrid-100m-p1200-perchannel/heat/model.layers.26.mlp.up_proj.npy
7577728	2026-05-29T00:28:49.0000000000	./gx10/fullgrid/qwen7b-fullgrid-100m-p1200-perchannel/heat/model.layers.27.mlp.gate_proj.npy
7577728	2026-05-29T00:28:50.0000000000	./gx10/fullgrid/qwen7b-fullgrid-100m-p1200-perchannel/heat/model.layers.27.mlp.up_proj.npy
7577728	2026-05-29T10:22:13.0000000000	./ai/fullgrid/qwen2.5-7b-instruct-fullgrid-100m-p1200-perchannel/heat/model.layers.10.mlp.up_proj.npy
7577728	2026-05-29T10:22:32.0000000000	./ai/fullgrid/qwen2.5-7b-instruct-fullgrid-100m-p1200-perchannel/heat/model.layers.13.mlp.gate_proj.npy
7577728	2026-05-29T10:23:02.0000000000	./ai/fullgrid/qwen2.5-7b-instruct-fullgrid-100m-p1200-perchannel/heat/model.layers.17.mlp.up_proj.npy
7577728	2026-05-29T10:23:07.0000000000	./ai/fullgrid/qwen2.5-7b-instruct-fullgrid-100m-p1200-perchannel/heat/model.layers.18.mlp.gate_proj.npy
7577728	2026-05-29T10:23:22.0000000000	./ai/fullgrid/qwen2.5-7b-instruct-fullgrid-100m-p1200-perchannel/heat/model.layers.20.mlp.gate_proj.npy
7577728	2026-05-29T10:23:24.0000000000	./ai/fullgrid/qwen2.5-7b-instruct-fullgrid-100m-p1200-perchannel/heat/model.layers.20.mlp.up_proj.npy
7577728	2026-05-29T10:23:29.0000000000	./ai/fullgrid/qwen2.5-7b-instruct-fullgrid-100m-p1200-perchannel/heat/model.layers.21.mlp.gate_proj.npy
7577728	2026-05-29T10:23:31.0000000000	./ai/fullgrid/qwen2.5-7b-instruct-fullgrid-100m-p1200-perchannel/heat/model.layers.21.mlp.up_proj.npy
7577728	2026-05-29T10:23:38.0000000000	./ai/fullgrid/qwen2.5-7b-instruct-fullgrid-100m-p1200-perchannel/heat/model.layers.22.mlp.up_proj.npy
7577728	2026-05-29T10:23:45.0000000000	./ai/fullgrid/qwen2.5-7b-instruct-fullgrid-100m-p1200-perchannel/heat/model.layers.23.mlp.up_proj.npy
7577728	2026-05-29T10:23:52.0000000000	./ai/fullgrid/qwen2.5-7b-instruct-fullgrid-100m-p1200-perchannel/heat/model.layers.24.mlp.up_proj.npy
7577728	2026-05-29T10:23:59.0000000000	./ai/fullgrid/qwen2.5-7b-instruct-fullgrid-100m-p1200-perchannel/heat/model.layers.25.mlp.up_proj.npy
7577728	2026-05-29T10:24:04.0000000000	./ai/fullgrid/qwen2.5-7b-instruct-fullgrid-100m-p1200-perchannel/heat/model.layers.26.mlp.gate_proj.npy
7577728	2026-05-29T10:24:12.0000000000	./ai/fullgrid/qwen2.5-7b-instruct-fullgrid-100m-p1200-perchannel/heat/model.layers.27.mlp.gate_proj.npy
7577728	2026-05-29T10:24:37.0000000000	./ai/fullgrid/qwen2.5-7b-instruct-fullgrid-100m-p1200-perchannel/heat/model.layers.0.mlp.up_proj.npy
7577728	2026-05-29T10:24:42.0000000000	./ai/fullgrid/qwen2.5-7b-instruct-fullgrid-100m-p1200-perchannel/heat/model.layers.1.mlp.gate_proj.npy
7577728	2026-05-29T10:24:44.0000000000	./ai/fullgrid/qwen2.5-7b-instruct-fullgrid-100m-p1200-perchannel/heat/model.layers.1.mlp.up_proj.npy
7577728	2026-05-29T10:24:49.0000000000	./ai/fullgrid/qwen2.5-7b-instruct-fullgrid-100m-p1200-perchannel/heat/model.layers.2.mlp.gate_proj.npy
7577728	2026-05-29T10:24:51.0000000000	./ai/fullgrid/qwen2.5-7b-instruct-fullgrid-100m-p1200-perchannel/heat/model.layers.2.mlp.up_proj.npy
7577728	2026-05-29T10:24:56.0000000000	./ai/fullgrid/qwen2.5-7b-instruct-fullgrid-100m-p1200-perchannel/heat/model.layers.3.mlp.gate_proj.npy
7577728	2026-05-29T10:24:58.0000000000	./ai/fullgrid/qwen2.5-7b-instruct-fullgrid-100m-p1200-perchannel/heat/model.layers.3.mlp.up_proj.npy
7577728	2026-05-29T10:25:03.0000000000	./ai/fullgrid/qwen2.5-7b-instruct-fullgrid-100m-p1200-perchannel/heat/model.layers.4.mlp.gate_proj.npy
7577728	2026-05-29T10:25:05.0000000000	./ai/fullgrid/qwen2.5-7b-instruct-fullgrid-100m-p1200-perchannel/heat/model.layers.4.mlp.up_proj.npy
7577728	2026-05-29T10:25:10.0000000000	./ai/fullgrid/qwen2.5-7b-instruct-fullgrid-100m-p1200-perchannel/heat/model.layers.5.mlp.gate_proj.npy
7577728	2026-05-29T10:25:12.0000000000	./ai/fullgrid/qwen2.5-7b-instruct-fullgrid-100m-p1200-perchannel/heat/model.layers.5.mlp.up_proj.npy
7577728	2026-05-29T10:25:17.0000000000	./ai/fullgrid/qwen2.5-7b-instruct-fullgrid-100m-p1200-perchannel/heat/model.layers.6.mlp.gate_proj.npy
7577728	2026-05-29T10:25:19.0000000000	./ai/fullgrid/qwen2.5-7b-instruct-fullgrid-100m-p1200-perchannel/heat/model.layers.6.mlp.up_proj.npy
7577728	2026-05-29T10:25:24.0000000000	./ai/fullgrid/qwen2.5-7b-instruct-fullgrid-100m-p1200-perchannel/heat/model.layers.7.mlp.gate_proj.npy
7577728	2026-05-29T10:25:26.0000000000	./ai/fullgrid/qwen2.5-7b-instruct-fullgrid-100m-p1200-perchannel/heat/model.layers.7.mlp.up_proj.npy
7577728	2026-05-29T10:25:31.0000000000	./ai/fullgrid/qwen2.5-7b-instruct-fullgrid-100m-p1200-perchannel/heat/model.layers.8.mlp.gate_proj.npy
7577728	2026-05-29T10:25:33.0000000000	./ai/fullgrid/qwen2.5-7b-instruct-fullgrid-100m-p1200-perchannel/heat/model.layers.8.mlp.up_proj.npy
7577728	2026-05-29T10:25:38.0000000000	./ai/fullgrid/qwen2.5-7b-instruct-fullgrid-100m-p1200-perchannel/heat/model.layers.9.mlp.gate_proj.npy
7577728	2026-05-29T10:25:40.0000000000	./ai/fullgrid/qwen2.5-7b-instruct-fullgrid-100m-p1200-perchannel/heat/model.layers.9.mlp.up_proj.npy
7577728	2026-05-29T10:25:45.0000000000	./ai/fullgrid/qwen2.5-7b-instruct-fullgrid-100m-p1200-perchannel/heat/model.layers.10.mlp.gate_proj.npy
7577728	2026-05-29T10:25:52.0000000000	./ai/fullgrid/qwen2.5-7b-instruct-fullgrid-100m-p1200-perchannel/heat/model.layers.11.mlp.gate_proj.npy
7577728	2026-05-29T10:25:54.0000000000	./ai/fullgrid/qwen2.5-7b-instruct-fullgrid-100m-p1200-perchannel/heat/model.layers.11.mlp.up_proj.npy
7577728	2026-05-29T10:25:59.0000000000	./ai/fullgrid/qwen2.5-7b-instruct-fullgrid-100m-p1200-perchannel/heat/model.layers.12.mlp.gate_proj.npy
7577728	2026-05-29T10:26:01.0000000000	./ai/fullgrid/qwen2.5-7b-instruct-fullgrid-100m-p1200-perchannel/heat/model.layers.12.mlp.up_proj.npy
7577728	2026-05-29T10:26:08.0000000000	./ai/fullgrid/qwen2.5-7b-instruct-fullgrid-100m-p1200-perchannel/heat/model.layers.13.mlp.up_proj.npy
7577728	2026-05-29T10:26:13.0000000000	./ai/fullgrid/qwen2.5-7b-instruct-fullgrid-100m-p1200-perchannel/heat/model.layers.14.mlp.gate_proj.npy
7577728	2026-05-29T10:26:15.0000000000	./ai/fullgrid/qwen2.5-7b-instruct-fullgrid-100m-p1200-perchannel/heat/model.layers.14.mlp.up_proj.npy
7577728	2026-05-29T10:26:20.0000000000	./ai/fullgrid/qwen2.5-7b-instruct-fullgrid-100m-p1200-perchannel/heat/model.layers.15.mlp.gate_proj.npy
7577728	2026-05-29T10:26:22.0000000000	./ai/fullgrid/qwen2.5-7b-instruct-fullgrid-100m-p1200-perchannel/heat/model.layers.15.mlp.up_proj.npy
7577728	2026-05-29T10:26:27.0000000000	./ai/fullgrid/qwen2.5-7b-instruct-fullgrid-100m-p1200-perchannel/heat/model.layers.16.mlp.gate_proj.npy
7577728	2026-05-29T10:26:29.0000000000	./ai/fullgrid/qwen2.5-7b-instruct-fullgrid-100m-p1200-perchannel/heat/model.layers.16.mlp.up_proj.npy
7577728	2026-05-29T10:26:34.0000000000	./ai/fullgrid/qwen2.5-7b-instruct-fullgrid-100m-p1200-perchannel/heat/model.layers.17.mlp.gate_proj.npy
7577728	2026-05-29T10:26:43.0000000000	./ai/fullgrid/qwen2.5-7b-instruct-fullgrid-100m-p1200-perchannel/heat/model.layers.18.mlp.up_proj.npy
7577728	2026-05-29T10:26:48.0000000000	./ai/fullgrid/qwen2.5-7b-instruct-fullgrid-100m-p1200-perchannel/heat/model.layers.19.mlp.gate_proj.npy
7577728	2026-05-29T10:26:50.0000000000	./ai/fullgrid/qwen2.5-7b-instruct-fullgrid-100m-p1200-perchannel/heat/model.layers.19.mlp.up_proj.npy
7577728	2026-05-29T10:27:09.0000000000	./ai/fullgrid/qwen2.5-7b-instruct-fullgrid-100m-p1200-perchannel/heat/model.layers.22.mlp.gate_proj.npy
7577728	2026-05-29T10:27:16.0000000000	./ai/fullgrid/qwen2.5-7b-instruct-fullgrid-100m-p1200-perchannel/heat/model.layers.23.mlp.gate_proj.npy
7577728	2026-05-29T10:27:23.0000000000	./ai/fullgrid/qwen2.5-7b-instruct-fullgrid-100m-p1200-perchannel/heat/model.layers.24.mlp.gate_proj.npy
7577728	2026-05-29T10:27:30.0000000000	./ai/fullgrid/qwen2.5-7b-instruct-fullgrid-100m-p1200-perchannel/heat/model.layers.25.mlp.gate_proj.npy
7577728	2026-05-29T10:27:39.0000000000	./ai/fullgrid/qwen2.5-7b-instruct-fullgrid-100m-p1200-perchannel/heat/model.layers.26.mlp.up_proj.npy
7577728	2026-05-29T10:27:46.0000000000	./ai/fullgrid/qwen2.5-7b-instruct-fullgrid-100m-p1200-perchannel/heat/model.layers.27.mlp.up_proj.npy
7577728	2026-05-29T10:28:07.0000000000	./ai/fullgrid/qwen2.5-7b-instruct-fullgrid-100m-p1200-perchannel/heat/model.layers.0.mlp.gate_proj.npy
77775	2026-05-28T18:07:42.0000000000	./john/fullgrid/bloom-3b-fullgrid-100m-p1200-perchannel-john/meta.json
77775	2026-05-28T18:07:42.0000000000	./local-index/john/fullgrid/bloom-3b-fullgrid-100m-p1200-perchannel-john/meta.json
77879	2026-05-29T00:28:53.0000000000	./gx10/fullgrid/qwen7b-fullgrid-100m-p1200-perchannel/meta.json
77879	2026-05-29T00:28:53.0000000000	./local-index/gx10/fullgrid/qwen7b-fullgrid-100m-p1200-perchannel/meta.json
77959	2026-05-28T19:31:06.0000000000	./john/fullgrid/bloomz-3b-fullgrid-100m-p1200-perchannel-john/meta.json
77959	2026-05-28T19:31:06.0000000000	./local-index/john/fullgrid/bloomz-3b-fullgrid-100m-p1200-perchannel-john/meta.json
802944	2026-05-28T16:49:10.0000000000	./john/fullgrid/bloom-560m-fullgrid-100m-p1200-perchannel-john/heat/transformer.h.0.input_layernorm.npy
802944	2026-05-28T16:49:10.0000000000	./john/fullgrid/bloom-560m-fullgrid-100m-p1200-perchannel-john/heat/transformer.h.0.mlp.dense_4h_to_h.npy
802944	2026-05-28T16:49:10.0000000000	./john/fullgrid/bloom-560m-fullgrid-100m-p1200-perchannel-john/heat/transformer.h.0.post_attention_layernorm.npy
802944	2026-05-28T16:49:10.0000000000	./john/fullgrid/bloom-560m-fullgrid-100m-p1200-perchannel-john/heat/transformer.h.0.self_attention.dense.npy
802944	2026-05-28T16:49:10.0000000000	./john/fullgrid/bloom-560m-fullgrid-100m-p1200-perchannel-john/heat/transformer.h.1.input_layernorm.npy
802944	2026-05-28T16:49:10.0000000000	./john/fullgrid/bloom-560m-fullgrid-100m-p1200-perchannel-john/heat/transformer.h.1.mlp.dense_4h_to_h.npy
802944	2026-05-28T16:49:10.0000000000	./john/fullgrid/bloom-560m-fullgrid-100m-p1200-perchannel-john/heat/transformer.h.1.post_attention_layernorm.npy
802944	2026-05-28T16:49:10.0000000000	./john/fullgrid/bloom-560m-fullgrid-100m-p1200-perchannel-john/heat/transformer.h.1.self_attention.dense.npy
802944	2026-05-28T16:49:10.0000000000	./john/fullgrid/bloom-560m-fullgrid-100m-p1200-perchannel-john/heat/transformer.h.2.input_layernorm.npy
802944	2026-05-28T16:49:10.0000000000	./john/fullgrid/bloom-560m-fullgrid-100m-p1200-perchannel-john/heat/transformer.h.2.mlp.dense_4h_to_h.npy
802944	2026-05-28T16:49:10.0000000000	./john/fullgrid/bloom-560m-fullgrid-100m-p1200-perchannel-john/heat/transformer.h.2.post_attention_layernorm.npy
802944	2026-05-28T16:49:10.0000000000	./john/fullgrid/bloom-560m-fullgrid-100m-p1200-perchannel-john/heat/transformer.h.2.self_attention.dense.npy
802944	2026-05-28T16:49:10.0000000000	./john/fullgrid/bloom-560m-fullgrid-100m-p1200-perchannel-john/heat/transformer.h.3.input_layernorm.npy
802944	2026-05-28T16:49:10.0000000000	./john/fullgrid/bloom-560m-fullgrid-100m-p1200-perchannel-john/heat/transformer.h.3.mlp.dense_4h_to_h.npy
802944	2026-05-28T16:49:10.0000000000	./john/fullgrid/bloom-560m-fullgrid-100m-p1200-perchannel-john/heat/transformer.h.3.post_attention_layernorm.npy
802944	2026-05-28T16:49:10.0000000000	./john/fullgrid/bloom-560m-fullgrid-100m-p1200-perchannel-john/heat/transformer.h.3.self_attention.dense.npy
802944	2026-05-28T16:49:10.0000000000	./john/fullgrid/bloom-560m-fullgrid-100m-p1200-perchannel-john/heat/transformer.h.4.input_layernorm.npy
802944	2026-05-28T16:49:10.0000000000	./john/fullgrid/bloom-560m-fullgrid-100m-p1200-perchannel-john/heat/transformer.h.4.mlp.dense_4h_to_h.npy
802944	2026-05-28T16:49:10.0000000000	./john/fullgrid/bloom-560m-fullgrid-100m-p1200-perchannel-john/heat/transformer.h.4.post_attention_layernorm.npy
802944	2026-05-28T16:49:10.0000000000	./john/fullgrid/bloom-560m-fullgrid-100m-p1200-perchannel-john/heat/transformer.h.4.self_attention.dense.npy
802944	2026-05-28T16:49:10.0000000000	./john/fullgrid/bloom-560m-fullgrid-100m-p1200-perchannel-john/heat/transformer.h.5.input_layernorm.npy
802944	2026-05-28T16:49:10.0000000000	./john/fullgrid/bloom-560m-fullgrid-100m-p1200-perchannel-john/heat/transformer.h.5.mlp.dense_4h_to_h.npy
802944	2026-05-28T16:49:10.0000000000	./john/fullgrid/bloom-560m-fullgrid-100m-p1200-perchannel-john/heat/transformer.h.5.post_attention_layernorm.npy
802944	2026-05-28T16:49:10.0000000000	./john/fullgrid/bloom-560m-fullgrid-100m-p1200-perchannel-john/heat/transformer.h.5.self_attention.dense.npy
802944	2026-05-28T16:49:10.0000000000	./john/fullgrid/bloom-560m-fullgrid-100m-p1200-perchannel-john/heat/transformer.h.6.input_layernorm.npy
802944	2026-05-28T16:49:10.0000000000	./john/fullgrid/bloom-560m-fullgrid-100m-p1200-perchannel-john/heat/transformer.h.6.mlp.dense_4h_to_h.npy
802944	2026-05-28T16:49:10.0000000000	./john/fullgrid/bloom-560m-fullgrid-100m-p1200-perchannel-john/heat/transformer.h.6.post_attention_layernorm.npy
802944	2026-05-28T16:49:10.0000000000	./john/fullgrid/bloom-560m-fullgrid-100m-p1200-perchannel-john/heat/transformer.h.6.self_attention.dense.npy
802944	2026-05-28T16:49:10.0000000000	./john/fullgrid/bloom-560m-fullgrid-100m-p1200-perchannel-john/heat/transformer.word_embeddings_layernorm.npy
802944	2026-05-28T16:49:11.0000000000	./john/fullgrid/bloom-560m-fullgrid-100m-p1200-perchannel-john/heat/transformer.h.10.input_layernorm.npy
802944	2026-05-28T16:49:11.0000000000	./john/fullgrid/bloom-560m-fullgrid-100m-p1200-perchannel-john/heat/transformer.h.10.mlp.dense_4h_to_h.npy
802944	2026-05-28T16:49:11.0000000000	./john/fullgrid/bloom-560m-fullgrid-100m-p1200-perchannel-john/heat/transformer.h.10.post_attention_layernorm.npy
802944	2026-05-28T16:49:11.0000000000	./john/fullgrid/bloom-560m-fullgrid-100m-p1200-perchannel-john/heat/transformer.h.10.self_attention.dense.npy
802944	2026-05-28T16:49:11.0000000000	./john/fullgrid/bloom-560m-fullgrid-100m-p1200-perchannel-john/heat/transformer.h.11.input_layernorm.npy
802944	2026-05-28T16:49:11.0000000000	./john/fullgrid/bloom-560m-fullgrid-100m-p1200-perchannel-john/heat/transformer.h.11.mlp.dense_4h_to_h.npy
802944	2026-05-28T16:49:11.0000000000	./john/fullgrid/bloom-560m-fullgrid-100m-p1200-perchannel-john/heat/transformer.h.11.post_attention_layernorm.npy
802944	2026-05-28T16:49:11.0000000000	./john/fullgrid/bloom-560m-fullgrid-100m-p1200-perchannel-john/heat/transformer.h.11.self_attention.dense.npy
802944	2026-05-28T16:49:11.0000000000	./john/fullgrid/bloom-560m-fullgrid-100m-p1200-perchannel-john/heat/transformer.h.12.input_layernorm.npy
802944	2026-05-28T16:49:11.0000000000	./john/fullgrid/bloom-560m-fullgrid-100m-p1200-perchannel-john/heat/transformer.h.12.mlp.dense_4h_to_h.npy
802944	2026-05-28T16:49:11.0000000000	./john/fullgrid/bloom-560m-fullgrid-100m-p1200-perchannel-john/heat/transformer.h.12.post_attention_layernorm.npy
802944	2026-05-28T16:49:11.0000000000	./john/fullgrid/bloom-560m-fullgrid-100m-p1200-perchannel-john/heat/transformer.h.12.self_attention.dense.npy
802944	2026-05-28T16:49:11.0000000000	./john/fullgrid/bloom-560m-fullgrid-100m-p1200-perchannel-john/heat/transformer.h.13.input_layernorm.npy
802944	2026-05-28T16:49:11.0000000000	./john/fullgrid/bloom-560m-fullgrid-100m-p1200-perchannel-john/heat/transformer.h.13.mlp.dense_4h_to_h.npy
802944	2026-05-28T16:49:11.0000000000	./john/fullgrid/bloom-560m-fullgrid-100m-p1200-perchannel-john/heat/transformer.h.13.post_attention_layernorm.npy
802944	2026-05-28T16:49:11.0000000000	./john/fullgrid/bloom-560m-fullgrid-100m-p1200-perchannel-john/heat/transformer.h.13.self_attention.dense.npy
802944	2026-05-28T16:49:11.0000000000	./john/fullgrid/bloom-560m-fullgrid-100m-p1200-perchannel-john/heat/transformer.h.14.input_layernorm.npy
802944	2026-05-28T16:49:11.0000000000	./john/fullgrid/bloom-560m-fullgrid-100m-p1200-perchannel-john/heat/transformer.h.14.mlp.dense_4h_to_h.npy
802944	2026-05-28T16:49:11.0000000000	./john/fullgrid/bloom-560m-fullgrid-100m-p1200-perchannel-john/heat/transformer.h.14.post_attention_layernorm.npy
802944	2026-05-28T16:49:11.0000000000	./john/fullgrid/bloom-560m-fullgrid-100m-p1200-perchannel-john/heat/transformer.h.14.self_attention.dense.npy
802944	2026-05-28T16:49:11.0000000000	./john/fullgrid/bloom-560m-fullgrid-100m-p1200-perchannel-john/heat/transformer.h.15.input_layernorm.npy
802944	2026-05-28T16:49:11.0000000000	./john/fullgrid/bloom-560m-fullgrid-100m-p1200-perchannel-john/heat/transformer.h.15.mlp.dense_4h_to_h.npy
802944	2026-05-28T16:49:11.0000000000	./john/fullgrid/bloom-560m-fullgrid-100m-p1200-perchannel-john/heat/transformer.h.15.post_attention_layernorm.npy
802944	2026-05-28T16:49:11.0000000000	./john/fullgrid/bloom-560m-fullgrid-100m-p1200-perchannel-john/heat/transformer.h.15.self_attention.dense.npy
802944	2026-05-28T16:49:11.0000000000	./john/fullgrid/bloom-560m-fullgrid-100m-p1200-perchannel-john/heat/transformer.h.16.input_layernorm.npy
802944	2026-05-28T16:49:11.0000000000	./john/fullgrid/bloom-560m-fullgrid-100m-p1200-perchannel-john/heat/transformer.h.16.mlp.dense_4h_to_h.npy
802944	2026-05-28T16:49:11.0000000000	./john/fullgrid/bloom-560m-fullgrid-100m-p1200-perchannel-john/heat/transformer.h.16.post_attention_layernorm.npy
802944	2026-05-28T16:49:11.0000000000	./john/fullgrid/bloom-560m-fullgrid-100m-p1200-perchannel-john/heat/transformer.h.16.self_attention.dense.npy
802944	2026-05-28T16:49:11.0000000000	./john/fullgrid/bloom-560m-fullgrid-100m-p1200-perchannel-john/heat/transformer.h.17.input_layernorm.npy
802944	2026-05-28T16:49:11.0000000000	./john/fullgrid/bloom-560m-fullgrid-100m-p1200-perchannel-john/heat/transformer.h.17.mlp.dense_4h_to_h.npy
802944	2026-05-28T16:49:11.0000000000	./john/fullgrid/bloom-560m-fullgrid-100m-p1200-perchannel-john/heat/transformer.h.17.post_attention_layernorm.npy
802944	2026-05-28T16:49:11.0000000000	./john/fullgrid/bloom-560m-fullgrid-100m-p1200-perchannel-john/heat/transformer.h.17.self_attention.dense.npy
802944	2026-05-28T16:49:11.0000000000	./john/fullgrid/bloom-560m-fullgrid-100m-p1200-perchannel-john/heat/transformer.h.18.input_layernorm.npy
802944	2026-05-28T16:49:11.0000000000	./john/fullgrid/bloom-560m-fullgrid-100m-p1200-perchannel-john/heat/transformer.h.18.mlp.dense_4h_to_h.npy
802944	2026-05-28T16:49:11.0000000000	./john/fullgrid/bloom-560m-fullgrid-100m-p1200-perchannel-john/heat/transformer.h.18.post_attention_layernorm.npy
802944	2026-05-28T16:49:11.0000000000	./john/fullgrid/bloom-560m-fullgrid-100m-p1200-perchannel-john/heat/transformer.h.18.self_attention.dense.npy
802944	2026-05-28T16:49:11.0000000000	./john/fullgrid/bloom-560m-fullgrid-100m-p1200-perchannel-john/heat/transformer.h.19.input_layernorm.npy
802944	2026-05-28T16:49:11.0000000000	./john/fullgrid/bloom-560m-fullgrid-100m-p1200-perchannel-john/heat/transformer.h.19.mlp.dense_4h_to_h.npy
802944	2026-05-28T16:49:11.0000000000	./john/fullgrid/bloom-560m-fullgrid-100m-p1200-perchannel-john/heat/transformer.h.19.post_attention_layernorm.npy
802944	2026-05-28T16:49:11.0000000000	./john/fullgrid/bloom-560m-fullgrid-100m-p1200-perchannel-john/heat/transformer.h.19.self_attention.dense.npy
802944	2026-05-28T16:49:11.0000000000	./john/fullgrid/bloom-560m-fullgrid-100m-p1200-perchannel-john/heat/transformer.h.20.input_layernorm.npy
802944	2026-05-28T16:49:11.0000000000	./john/fullgrid/bloom-560m-fullgrid-100m-p1200-perchannel-john/heat/transformer.h.20.mlp.dense_4h_to_h.npy
802944	2026-05-28T16:49:11.0000000000	./john/fullgrid/bloom-560m-fullgrid-100m-p1200-perchannel-john/heat/transformer.h.20.post_attention_layernorm.npy
802944	2026-05-28T16:49:11.0000000000	./john/fullgrid/bloom-560m-fullgrid-100m-p1200-perchannel-john/heat/transformer.h.20.self_attention.dense.npy
802944	2026-05-28T16:49:11.0000000000	./john/fullgrid/bloom-560m-fullgrid-100m-p1200-perchannel-john/heat/transformer.h.21.input_layernorm.npy
802944	2026-05-28T16:49:11.0000000000	./john/fullgrid/bloom-560m-fullgrid-100m-p1200-perchannel-john/heat/transformer.h.21.mlp.dense_4h_to_h.npy
802944	2026-05-28T16:49:11.0000000000	./john/fullgrid/bloom-560m-fullgrid-100m-p1200-perchannel-john/heat/transformer.h.21.post_attention_layernorm.npy
802944	2026-05-28T16:49:11.0000000000	./john/fullgrid/bloom-560m-fullgrid-100m-p1200-perchannel-john/heat/transformer.h.21.self_attention.dense.npy
802944	2026-05-28T16:49:11.0000000000	./john/fullgrid/bloom-560m-fullgrid-100m-p1200-perchannel-john/heat/transformer.h.22.input_layernorm.npy
802944	2026-05-28T16:49:11.0000000000	./john/fullgrid/bloom-560m-fullgrid-100m-p1200-perchannel-john/heat/transformer.h.22.mlp.dense_4h_to_h.npy
802944	2026-05-28T16:49:11.0000000000	./john/fullgrid/bloom-560m-fullgrid-100m-p1200-perchannel-john/heat/transformer.h.22.post_attention_layernorm.npy
802944	2026-05-28T16:49:11.0000000000	./john/fullgrid/bloom-560m-fullgrid-100m-p1200-perchannel-john/heat/transformer.h.22.self_attention.dense.npy
802944	2026-05-28T16:49:11.0000000000	./john/fullgrid/bloom-560m-fullgrid-100m-p1200-perchannel-john/heat/transformer.h.23.input_layernorm.npy
802944	2026-05-28T16:49:11.0000000000	./john/fullgrid/bloom-560m-fullgrid-100m-p1200-perchannel-john/heat/transformer.h.23.mlp.dense_4h_to_h.npy
802944	2026-05-28T16:49:11.0000000000	./john/fullgrid/bloom-560m-fullgrid-100m-p1200-perchannel-john/heat/transformer.h.23.post_attention_layernorm.npy
802944	2026-05-28T16:49:11.0000000000	./john/fullgrid/bloom-560m-fullgrid-100m-p1200-perchannel-john/heat/transformer.h.23.self_attention.dense.npy
802944	2026-05-28T16:49:11.0000000000	./john/fullgrid/bloom-560m-fullgrid-100m-p1200-perchannel-john/heat/transformer.h.7.input_layernorm.npy
802944	2026-05-28T16:49:11.0000000000	./john/fullgrid/bloom-560m-fullgrid-100m-p1200-perchannel-john/heat/transformer.h.7.mlp.dense_4h_to_h.npy
802944	2026-05-28T16:49:11.0000000000	./john/fullgrid/bloom-560m-fullgrid-100m-p1200-perchannel-john/heat/transformer.h.7.post_attention_layernorm.npy
802944	2026-05-28T16:49:11.0000000000	./john/fullgrid/bloom-560m-fullgrid-100m-p1200-perchannel-john/heat/transformer.h.7.self_attention.dense.npy
802944	2026-05-28T16:49:11.0000000000	./john/fullgrid/bloom-560m-fullgrid-100m-p1200-perchannel-john/heat/transformer.h.8.input_layernorm.npy
802944	2026-05-28T16:49:11.0000000000	./john/fullgrid/bloom-560m-fullgrid-100m-p1200-perchannel-john/heat/transformer.h.8.mlp.dense_4h_to_h.npy
802944	2026-05-28T16:49:11.0000000000	./john/fullgrid/bloom-560m-fullgrid-100m-p1200-perchannel-john/heat/transformer.h.8.post_attention_layernorm.npy
802944	2026-05-28T16:49:11.0000000000	./john/fullgrid/bloom-560m-fullgrid-100m-p1200-perchannel-john/heat/transformer.h.8.self_attention.dense.npy
802944	2026-05-28T16:49:11.0000000000	./john/fullgrid/bloom-560m-fullgrid-100m-p1200-perchannel-john/heat/transformer.h.9.input_layernorm.npy
802944	2026-05-28T16:49:11.0000000000	./john/fullgrid/bloom-560m-fullgrid-100m-p1200-perchannel-john/heat/transformer.h.9.mlp.dense_4h_to_h.npy
802944	2026-05-28T16:49:11.0000000000	./john/fullgrid/bloom-560m-fullgrid-100m-p1200-perchannel-john/heat/transformer.h.9.post_attention_layernorm.npy
802944	2026-05-28T16:49:11.0000000000	./john/fullgrid/bloom-560m-fullgrid-100m-p1200-perchannel-john/heat/transformer.h.9.self_attention.dense.npy
802944	2026-05-28T16:49:11.0000000000	./john/fullgrid/bloom-560m-fullgrid-100m-p1200-perchannel-john/heat/transformer.ln_f.npy
802944	2026-05-28T18:29:47.0000000000	./john/fullgrid/bloomz-560m-fullgrid-100m-p1200-perchannel-john/heat/transformer.h.0.input_layernorm.npy
802944	2026-05-28T18:29:47.0000000000	./john/fullgrid/bloomz-560m-fullgrid-100m-p1200-perchannel-john/heat/transformer.h.0.mlp.dense_4h_to_h.npy
802944	2026-05-28T18:29:47.0000000000	./john/fullgrid/bloomz-560m-fullgrid-100m-p1200-perchannel-john/heat/transformer.h.0.post_attention_layernorm.npy
802944	2026-05-28T18:29:47.0000000000	./john/fullgrid/bloomz-560m-fullgrid-100m-p1200-perchannel-john/heat/transformer.h.0.self_attention.dense.npy
802944	2026-05-28T18:29:47.0000000000	./john/fullgrid/bloomz-560m-fullgrid-100m-p1200-perchannel-john/heat/transformer.h.1.input_layernorm.npy
802944	2026-05-28T18:29:47.0000000000	./john/fullgrid/bloomz-560m-fullgrid-100m-p1200-perchannel-john/heat/transformer.h.1.mlp.dense_4h_to_h.npy
802944	2026-05-28T18:29:47.0000000000	./john/fullgrid/bloomz-560m-fullgrid-100m-p1200-perchannel-john/heat/transformer.h.1.post_attention_layernorm.npy
802944	2026-05-28T18:29:47.0000000000	./john/fullgrid/bloomz-560m-fullgrid-100m-p1200-perchannel-john/heat/transformer.h.1.self_attention.dense.npy
802944	2026-05-28T18:29:47.0000000000	./john/fullgrid/bloomz-560m-fullgrid-100m-p1200-perchannel-john/heat/transformer.h.10.input_layernorm.npy
802944	2026-05-28T18:29:47.0000000000	./john/fullgrid/bloomz-560m-fullgrid-100m-p1200-perchannel-john/heat/transformer.h.10.mlp.dense_4h_to_h.npy
802944	2026-05-28T18:29:47.0000000000	./john/fullgrid/bloomz-560m-fullgrid-100m-p1200-perchannel-john/heat/transformer.h.10.post_attention_layernorm.npy
802944	2026-05-28T18:29:47.0000000000	./john/fullgrid/bloomz-560m-fullgrid-100m-p1200-perchannel-john/heat/transformer.h.10.self_attention.dense.npy
802944	2026-05-28T18:29:47.0000000000	./john/fullgrid/bloomz-560m-fullgrid-100m-p1200-perchannel-john/heat/transformer.h.11.input_layernorm.npy
802944	2026-05-28T18:29:47.0000000000	./john/fullgrid/bloomz-560m-fullgrid-100m-p1200-perchannel-john/heat/transformer.h.11.mlp.dense_4h_to_h.npy
802944	2026-05-28T18:29:47.0000000000	./john/fullgrid/bloomz-560m-fullgrid-100m-p1200-perchannel-john/heat/transformer.h.11.post_attention_layernorm.npy
802944	2026-05-28T18:29:47.0000000000	./john/fullgrid/bloomz-560m-fullgrid-100m-p1200-perchannel-john/heat/transformer.h.11.self_attention.dense.npy
802944	2026-05-28T18:29:47.0000000000	./john/fullgrid/bloomz-560m-fullgrid-100m-p1200-perchannel-john/heat/transformer.h.12.input_layernorm.npy
802944	2026-05-28T18:29:47.0000000000	./john/fullgrid/bloomz-560m-fullgrid-100m-p1200-perchannel-john/heat/transformer.h.12.mlp.dense_4h_to_h.npy
802944	2026-05-28T18:29:47.0000000000	./john/fullgrid/bloomz-560m-fullgrid-100m-p1200-perchannel-john/heat/transformer.h.12.post_attention_layernorm.npy
802944	2026-05-28T18:29:47.0000000000	./john/fullgrid/bloomz-560m-fullgrid-100m-p1200-perchannel-john/heat/transformer.h.12.self_attention.dense.npy
802944	2026-05-28T18:29:47.0000000000	./john/fullgrid/bloomz-560m-fullgrid-100m-p1200-perchannel-john/heat/transformer.h.13.input_layernorm.npy
802944	2026-05-28T18:29:47.0000000000	./john/fullgrid/bloomz-560m-fullgrid-100m-p1200-perchannel-john/heat/transformer.h.13.mlp.dense_4h_to_h.npy
802944	2026-05-28T18:29:47.0000000000	./john/fullgrid/bloomz-560m-fullgrid-100m-p1200-perchannel-john/heat/transformer.h.13.post_attention_layernorm.npy
802944	2026-05-28T18:29:47.0000000000	./john/fullgrid/bloomz-560m-fullgrid-100m-p1200-perchannel-john/heat/transformer.h.13.self_attention.dense.npy
802944	2026-05-28T18:29:47.0000000000	./john/fullgrid/bloomz-560m-fullgrid-100m-p1200-perchannel-john/heat/transformer.h.14.input_layernorm.npy
802944	2026-05-28T18:29:47.0000000000	./john/fullgrid/bloomz-560m-fullgrid-100m-p1200-perchannel-john/heat/transformer.h.14.mlp.dense_4h_to_h.npy
802944	2026-05-28T18:29:47.0000000000	./john/fullgrid/bloomz-560m-fullgrid-100m-p1200-perchannel-john/heat/transformer.h.14.post_attention_layernorm.npy
802944	2026-05-28T18:29:47.0000000000	./john/fullgrid/bloomz-560m-fullgrid-100m-p1200-perchannel-john/heat/transformer.h.14.self_attention.dense.npy
802944	2026-05-28T18:29:47.0000000000	./john/fullgrid/bloomz-560m-fullgrid-100m-p1200-perchannel-john/heat/transformer.h.15.input_layernorm.npy
802944	2026-05-28T18:29:47.0000000000	./john/fullgrid/bloomz-560m-fullgrid-100m-p1200-perchannel-john/heat/transformer.h.15.mlp.dense_4h_to_h.npy
802944	2026-05-28T18:29:47.0000000000	./john/fullgrid/bloomz-560m-fullgrid-100m-p1200-perchannel-john/heat/transformer.h.15.post_attention_layernorm.npy
802944	2026-05-28T18:29:47.0000000000	./john/fullgrid/bloomz-560m-fullgrid-100m-p1200-perchannel-john/heat/transformer.h.15.self_attention.dense.npy
802944	2026-05-28T18:29:47.0000000000	./john/fullgrid/bloomz-560m-fullgrid-100m-p1200-perchannel-john/heat/transformer.h.16.input_layernorm.npy
802944	2026-05-28T18:29:47.0000000000	./john/fullgrid/bloomz-560m-fullgrid-100m-p1200-perchannel-john/heat/transformer.h.16.mlp.dense_4h_to_h.npy
802944	2026-05-28T18:29:47.0000000000	./john/fullgrid/bloomz-560m-fullgrid-100m-p1200-perchannel-john/heat/transformer.h.16.post_attention_layernorm.npy
802944	2026-05-28T18:29:47.0000000000	./john/fullgrid/bloomz-560m-fullgrid-100m-p1200-perchannel-john/heat/transformer.h.16.self_attention.dense.npy
802944	2026-05-28T18:29:47.0000000000	./john/fullgrid/bloomz-560m-fullgrid-100m-p1200-perchannel-john/heat/transformer.h.17.input_layernorm.npy
802944	2026-05-28T18:29:47.0000000000	./john/fullgrid/bloomz-560m-fullgrid-100m-p1200-perchannel-john/heat/transformer.h.17.mlp.dense_4h_to_h.npy
802944	2026-05-28T18:29:47.0000000000	./john/fullgrid/bloomz-560m-fullgrid-100m-p1200-perchannel-john/heat/transformer.h.17.post_attention_layernorm.npy
802944	2026-05-28T18:29:47.0000000000	./john/fullgrid/bloomz-560m-fullgrid-100m-p1200-perchannel-john/heat/transformer.h.17.self_attention.dense.npy
802944	2026-05-28T18:29:47.0000000000	./john/fullgrid/bloomz-560m-fullgrid-100m-p1200-perchannel-john/heat/transformer.h.18.input_layernorm.npy
802944	2026-05-28T18:29:47.0000000000	./john/fullgrid/bloomz-560m-fullgrid-100m-p1200-perchannel-john/heat/transformer.h.18.mlp.dense_4h_to_h.npy
802944	2026-05-28T18:29:47.0000000000	./john/fullgrid/bloomz-560m-fullgrid-100m-p1200-perchannel-john/heat/transformer.h.18.post_attention_layernorm.npy
802944	2026-05-28T18:29:47.0000000000	./john/fullgrid/bloomz-560m-fullgrid-100m-p1200-perchannel-john/heat/transformer.h.18.self_attention.dense.npy
802944	2026-05-28T18:29:47.0000000000	./john/fullgrid/bloomz-560m-fullgrid-100m-p1200-perchannel-john/heat/transformer.h.19.input_layernorm.npy
802944	2026-05-28T18:29:47.0000000000	./john/fullgrid/bloomz-560m-fullgrid-100m-p1200-perchannel-john/heat/transformer.h.19.mlp.dense_4h_to_h.npy
802944	2026-05-28T18:29:47.0000000000	./john/fullgrid/bloomz-560m-fullgrid-100m-p1200-perchannel-john/heat/transformer.h.19.post_attention_layernorm.npy
802944	2026-05-28T18:29:47.0000000000	./john/fullgrid/bloomz-560m-fullgrid-100m-p1200-perchannel-john/heat/transformer.h.19.self_attention.dense.npy
802944	2026-05-28T18:29:47.0000000000	./john/fullgrid/bloomz-560m-fullgrid-100m-p1200-perchannel-john/heat/transformer.h.2.input_layernorm.npy
802944	2026-05-28T18:29:47.0000000000	./john/fullgrid/bloomz-560m-fullgrid-100m-p1200-perchannel-john/heat/transformer.h.2.mlp.dense_4h_to_h.npy
802944	2026-05-28T18:29:47.0000000000	./john/fullgrid/bloomz-560m-fullgrid-100m-p1200-perchannel-john/heat/transformer.h.2.post_attention_layernorm.npy
802944	2026-05-28T18:29:47.0000000000	./john/fullgrid/bloomz-560m-fullgrid-100m-p1200-perchannel-john/heat/transformer.h.2.self_attention.dense.npy
802944	2026-05-28T18:29:47.0000000000	./john/fullgrid/bloomz-560m-fullgrid-100m-p1200-perchannel-john/heat/transformer.h.20.input_layernorm.npy
802944	2026-05-28T18:29:47.0000000000	./john/fullgrid/bloomz-560m-fullgrid-100m-p1200-perchannel-john/heat/transformer.h.20.mlp.dense_4h_to_h.npy
802944	2026-05-28T18:29:47.0000000000	./john/fullgrid/bloomz-560m-fullgrid-100m-p1200-perchannel-john/heat/transformer.h.20.post_attention_layernorm.npy
802944	2026-05-28T18:29:47.0000000000	./john/fullgrid/bloomz-560m-fullgrid-100m-p1200-perchannel-john/heat/transformer.h.20.self_attention.dense.npy
802944	2026-05-28T18:29:47.0000000000	./john/fullgrid/bloomz-560m-fullgrid-100m-p1200-perchannel-john/heat/transformer.h.21.input_layernorm.npy
802944	2026-05-28T18:29:47.0000000000	./john/fullgrid/bloomz-560m-fullgrid-100m-p1200-perchannel-john/heat/transformer.h.21.mlp.dense_4h_to_h.npy
802944	2026-05-28T18:29:47.0000000000	./john/fullgrid/bloomz-560m-fullgrid-100m-p1200-perchannel-john/heat/transformer.h.21.post_attention_layernorm.npy
802944	2026-05-28T18:29:47.0000000000	./john/fullgrid/bloomz-560m-fullgrid-100m-p1200-perchannel-john/heat/transformer.h.21.self_attention.dense.npy
802944	2026-05-28T18:29:47.0000000000	./john/fullgrid/bloomz-560m-fullgrid-100m-p1200-perchannel-john/heat/transformer.h.22.input_layernorm.npy
802944	2026-05-28T18:29:47.0000000000	./john/fullgrid/bloomz-560m-fullgrid-100m-p1200-perchannel-john/heat/transformer.h.22.mlp.dense_4h_to_h.npy
802944	2026-05-28T18:29:47.0000000000	./john/fullgrid/bloomz-560m-fullgrid-100m-p1200-perchannel-john/heat/transformer.h.22.post_attention_layernorm.npy
802944	2026-05-28T18:29:47.0000000000	./john/fullgrid/bloomz-560m-fullgrid-100m-p1200-perchannel-john/heat/transformer.h.22.self_attention.dense.npy
802944	2026-05-28T18:29:47.0000000000	./john/fullgrid/bloomz-560m-fullgrid-100m-p1200-perchannel-john/heat/transformer.h.23.input_layernorm.npy
802944	2026-05-28T18:29:47.0000000000	./john/fullgrid/bloomz-560m-fullgrid-100m-p1200-perchannel-john/heat/transformer.h.23.mlp.dense_4h_to_h.npy
802944	2026-05-28T18:29:47.0000000000	./john/fullgrid/bloomz-560m-fullgrid-100m-p1200-perchannel-john/heat/transformer.h.23.post_attention_layernorm.npy
802944	2026-05-28T18:29:47.0000000000	./john/fullgrid/bloomz-560m-fullgrid-100m-p1200-perchannel-john/heat/transformer.h.23.self_attention.dense.npy
802944	2026-05-28T18:29:47.0000000000	./john/fullgrid/bloomz-560m-fullgrid-100m-p1200-perchannel-john/heat/transformer.h.3.input_layernorm.npy
802944	2026-05-28T18:29:47.0000000000	./john/fullgrid/bloomz-560m-fullgrid-100m-p1200-perchannel-john/heat/transformer.h.3.mlp.dense_4h_to_h.npy
802944	2026-05-28T18:29:47.0000000000	./john/fullgrid/bloomz-560m-fullgrid-100m-p1200-perchannel-john/heat/transformer.h.3.post_attention_layernorm.npy
802944	2026-05-28T18:29:47.0000000000	./john/fullgrid/bloomz-560m-fullgrid-100m-p1200-perchannel-john/heat/transformer.h.3.self_attention.dense.npy
802944	2026-05-28T18:29:47.0000000000	./john/fullgrid/bloomz-560m-fullgrid-100m-p1200-perchannel-john/heat/transformer.h.4.input_layernorm.npy
802944	2026-05-28T18:29:47.0000000000	./john/fullgrid/bloomz-560m-fullgrid-100m-p1200-perchannel-john/heat/transformer.h.4.mlp.dense_4h_to_h.npy
802944	2026-05-28T18:29:47.0000000000	./john/fullgrid/bloomz-560m-fullgrid-100m-p1200-perchannel-john/heat/transformer.h.4.post_attention_layernorm.npy
802944	2026-05-28T18:29:47.0000000000	./john/fullgrid/bloomz-560m-fullgrid-100m-p1200-perchannel-john/heat/transformer.h.4.self_attention.dense.npy
802944	2026-05-28T18:29:47.0000000000	./john/fullgrid/bloomz-560m-fullgrid-100m-p1200-perchannel-john/heat/transformer.h.5.input_layernorm.npy
802944	2026-05-28T18:29:47.0000000000	./john/fullgrid/bloomz-560m-fullgrid-100m-p1200-perchannel-john/heat/transformer.h.5.mlp.dense_4h_to_h.npy
802944	2026-05-28T18:29:47.0000000000	./john/fullgrid/bloomz-560m-fullgrid-100m-p1200-perchannel-john/heat/transformer.h.5.post_attention_layernorm.npy
802944	2026-05-28T18:29:47.0000000000	./john/fullgrid/bloomz-560m-fullgrid-100m-p1200-perchannel-john/heat/transformer.h.5.self_attention.dense.npy
802944	2026-05-28T18:29:47.0000000000	./john/fullgrid/bloomz-560m-fullgrid-100m-p1200-perchannel-john/heat/transformer.h.6.input_layernorm.npy
802944	2026-05-28T18:29:47.0000000000	./john/fullgrid/bloomz-560m-fullgrid-100m-p1200-perchannel-john/heat/transformer.h.6.mlp.dense_4h_to_h.npy
802944	2026-05-28T18:29:47.0000000000	./john/fullgrid/bloomz-560m-fullgrid-100m-p1200-perchannel-john/heat/transformer.h.6.post_attention_layernorm.npy
802944	2026-05-28T18:29:47.0000000000	./john/fullgrid/bloomz-560m-fullgrid-100m-p1200-perchannel-john/heat/transformer.h.6.self_attention.dense.npy
802944	2026-05-28T18:29:47.0000000000	./john/fullgrid/bloomz-560m-fullgrid-100m-p1200-perchannel-john/heat/transformer.h.7.input_layernorm.npy
802944	2026-05-28T18:29:47.0000000000	./john/fullgrid/bloomz-560m-fullgrid-100m-p1200-perchannel-john/heat/transformer.h.7.mlp.dense_4h_to_h.npy
802944	2026-05-28T18:29:47.0000000000	./john/fullgrid/bloomz-560m-fullgrid-100m-p1200-perchannel-john/heat/transformer.h.7.post_attention_layernorm.npy
802944	2026-05-28T18:29:47.0000000000	./john/fullgrid/bloomz-560m-fullgrid-100m-p1200-perchannel-john/heat/transformer.h.7.self_attention.dense.npy
802944	2026-05-28T18:29:47.0000000000	./john/fullgrid/bloomz-560m-fullgrid-100m-p1200-perchannel-john/heat/transformer.h.8.input_layernorm.npy
802944	2026-05-28T18:29:47.0000000000	./john/fullgrid/bloomz-560m-fullgrid-100m-p1200-perchannel-john/heat/transformer.h.8.mlp.dense_4h_to_h.npy
802944	2026-05-28T18:29:47.0000000000	./john/fullgrid/bloomz-560m-fullgrid-100m-p1200-perchannel-john/heat/transformer.h.8.post_attention_layernorm.npy
802944	2026-05-28T18:29:47.0000000000	./john/fullgrid/bloomz-560m-fullgrid-100m-p1200-perchannel-john/heat/transformer.h.8.self_attention.dense.npy
802944	2026-05-28T18:29:47.0000000000	./john/fullgrid/bloomz-560m-fullgrid-100m-p1200-perchannel-john/heat/transformer.h.9.input_layernorm.npy
802944	2026-05-28T18:29:47.0000000000	./john/fullgrid/bloomz-560m-fullgrid-100m-p1200-perchannel-john/heat/transformer.h.9.mlp.dense_4h_to_h.npy
802944	2026-05-28T18:29:47.0000000000	./john/fullgrid/bloomz-560m-fullgrid-100m-p1200-perchannel-john/heat/transformer.h.9.post_attention_layernorm.npy
802944	2026-05-28T18:29:47.0000000000	./john/fullgrid/bloomz-560m-fullgrid-100m-p1200-perchannel-john/heat/transformer.h.9.self_attention.dense.npy
802944	2026-05-28T18:29:47.0000000000	./john/fullgrid/bloomz-560m-fullgrid-100m-p1200-perchannel-john/heat/transformer.ln_f.npy
802944	2026-05-28T18:29:47.0000000000	./john/fullgrid/bloomz-560m-fullgrid-100m-p1200-perchannel-john/heat/transformer.word_embeddings_layernorm.npy
81012	2026-05-28T12:22:43.0000000000	./john/fullgrid/qwen3b-fullgrid-q6s15-p180/quantile_edges.npz
819328	2026-05-28T11:07:19.0000000000	./john/fullgrid/qwen3b-fullgrid-100m-p180/heat/model.layers.0.mlp.down_proj.npy
819328	2026-05-28T11:07:19.0000000000	./john/fullgrid/qwen3b-fullgrid-100m-p180/heat/model.layers.0.self_attn.o_proj.npy
819328	2026-05-28T11:07:19.0000000000	./john/fullgrid/qwen3b-fullgrid-100m-p180/heat/model.layers.0.self_attn.q_proj.npy
819328	2026-05-28T11:07:19.0000000000	./john/fullgrid/qwen3b-fullgrid-100m-p180/heat/model.layers.1.mlp.down_proj.npy
819328	2026-05-28T11:07:19.0000000000	./john/fullgrid/qwen3b-fullgrid-100m-p180/heat/model.layers.1.self_attn.o_proj.npy
819328	2026-05-28T11:07:19.0000000000	./john/fullgrid/qwen3b-fullgrid-100m-p180/heat/model.layers.1.self_attn.q_proj.npy
819328	2026-05-28T11:07:19.0000000000	./john/fullgrid/qwen3b-fullgrid-100m-p180/heat/model.layers.10.mlp.down_proj.npy
819328	2026-05-28T11:07:19.0000000000	./john/fullgrid/qwen3b-fullgrid-100m-p180/heat/model.layers.10.self_attn.o_proj.npy
819328	2026-05-28T11:07:19.0000000000	./john/fullgrid/qwen3b-fullgrid-100m-p180/heat/model.layers.10.self_attn.q_proj.npy
819328	2026-05-28T11:07:19.0000000000	./john/fullgrid/qwen3b-fullgrid-100m-p180/heat/model.layers.11.mlp.down_proj.npy
819328	2026-05-28T11:07:19.0000000000	./john/fullgrid/qwen3b-fullgrid-100m-p180/heat/model.layers.11.self_attn.o_proj.npy
819328	2026-05-28T11:07:19.0000000000	./john/fullgrid/qwen3b-fullgrid-100m-p180/heat/model.layers.11.self_attn.q_proj.npy
819328	2026-05-28T11:07:19.0000000000	./john/fullgrid/qwen3b-fullgrid-100m-p180/heat/model.layers.12.mlp.down_proj.npy
819328	2026-05-28T11:07:19.0000000000	./john/fullgrid/qwen3b-fullgrid-100m-p180/heat/model.layers.12.self_attn.o_proj.npy
819328	2026-05-28T11:07:19.0000000000	./john/fullgrid/qwen3b-fullgrid-100m-p180/heat/model.layers.12.self_attn.q_proj.npy
819328	2026-05-28T11:07:19.0000000000	./john/fullgrid/qwen3b-fullgrid-100m-p180/heat/model.layers.13.mlp.down_proj.npy
819328	2026-05-28T11:07:19.0000000000	./john/fullgrid/qwen3b-fullgrid-100m-p180/heat/model.layers.13.self_attn.o_proj.npy
819328	2026-05-28T11:07:19.0000000000	./john/fullgrid/qwen3b-fullgrid-100m-p180/heat/model.layers.13.self_attn.q_proj.npy
819328	2026-05-28T11:07:19.0000000000	./john/fullgrid/qwen3b-fullgrid-100m-p180/heat/model.layers.14.mlp.down_proj.npy
819328	2026-05-28T11:07:19.0000000000	./john/fullgrid/qwen3b-fullgrid-100m-p180/heat/model.layers.14.self_attn.o_proj.npy
819328	2026-05-28T11:07:19.0000000000	./john/fullgrid/qwen3b-fullgrid-100m-p180/heat/model.layers.14.self_attn.q_proj.npy
819328	2026-05-28T11:07:19.0000000000	./john/fullgrid/qwen3b-fullgrid-100m-p180/heat/model.layers.15.mlp.down_proj.npy
819328	2026-05-28T11:07:19.0000000000	./john/fullgrid/qwen3b-fullgrid-100m-p180/heat/model.layers.15.self_attn.o_proj.npy
819328	2026-05-28T11:07:19.0000000000	./john/fullgrid/qwen3b-fullgrid-100m-p180/heat/model.layers.15.self_attn.q_proj.npy
819328	2026-05-28T11:07:19.0000000000	./john/fullgrid/qwen3b-fullgrid-100m-p180/heat/model.layers.16.mlp.down_proj.npy
819328	2026-05-28T11:07:19.0000000000	./john/fullgrid/qwen3b-fullgrid-100m-p180/heat/model.layers.16.self_attn.o_proj.npy
819328	2026-05-28T11:07:19.0000000000	./john/fullgrid/qwen3b-fullgrid-100m-p180/heat/model.layers.16.self_attn.q_proj.npy
819328	2026-05-28T11:07:19.0000000000	./john/fullgrid/qwen3b-fullgrid-100m-p180/heat/model.layers.17.mlp.down_proj.npy
819328	2026-05-28T11:07:19.0000000000	./john/fullgrid/qwen3b-fullgrid-100m-p180/heat/model.layers.17.self_attn.o_proj.npy
819328	2026-05-28T11:07:19.0000000000	./john/fullgrid/qwen3b-fullgrid-100m-p180/heat/model.layers.17.self_attn.q_proj.npy
819328	2026-05-28T11:07:19.0000000000	./john/fullgrid/qwen3b-fullgrid-100m-p180/heat/model.layers.18.mlp.down_proj.npy
819328	2026-05-28T11:07:19.0000000000	./john/fullgrid/qwen3b-fullgrid-100m-p180/heat/model.layers.18.self_attn.o_proj.npy
819328	2026-05-28T11:07:19.0000000000	./john/fullgrid/qwen3b-fullgrid-100m-p180/heat/model.layers.18.self_attn.q_proj.npy
819328	2026-05-28T11:07:19.0000000000	./john/fullgrid/qwen3b-fullgrid-100m-p180/heat/model.layers.19.mlp.down_proj.npy
819328	2026-05-28T11:07:19.0000000000	./john/fullgrid/qwen3b-fullgrid-100m-p180/heat/model.layers.19.self_attn.o_proj.npy
819328	2026-05-28T11:07:19.0000000000	./john/fullgrid/qwen3b-fullgrid-100m-p180/heat/model.layers.19.self_attn.q_proj.npy
819328	2026-05-28T11:07:19.0000000000	./john/fullgrid/qwen3b-fullgrid-100m-p180/heat/model.layers.2.mlp.down_proj.npy
819328	2026-05-28T11:07:19.0000000000	./john/fullgrid/qwen3b-fullgrid-100m-p180/heat/model.layers.2.self_attn.o_proj.npy
819328	2026-05-28T11:07:19.0000000000	./john/fullgrid/qwen3b-fullgrid-100m-p180/heat/model.layers.2.self_attn.q_proj.npy
819328	2026-05-28T11:07:19.0000000000	./john/fullgrid/qwen3b-fullgrid-100m-p180/heat/model.layers.20.mlp.down_proj.npy
819328	2026-05-28T11:07:19.0000000000	./john/fullgrid/qwen3b-fullgrid-100m-p180/heat/model.layers.20.self_attn.o_proj.npy
819328	2026-05-28T11:07:19.0000000000	./john/fullgrid/qwen3b-fullgrid-100m-p180/heat/model.layers.20.self_attn.q_proj.npy
819328	2026-05-28T11:07:19.0000000000	./john/fullgrid/qwen3b-fullgrid-100m-p180/heat/model.layers.21.mlp.down_proj.npy
819328	2026-05-28T11:07:19.0000000000	./john/fullgrid/qwen3b-fullgrid-100m-p180/heat/model.layers.21.self_attn.o_proj.npy
819328	2026-05-28T11:07:19.0000000000	./john/fullgrid/qwen3b-fullgrid-100m-p180/heat/model.layers.21.self_attn.q_proj.npy
819328	2026-05-28T11:07:19.0000000000	./john/fullgrid/qwen3b-fullgrid-100m-p180/heat/model.layers.22.mlp.down_proj.npy
819328	2026-05-28T11:07:19.0000000000	./john/fullgrid/qwen3b-fullgrid-100m-p180/heat/model.layers.22.self_attn.o_proj.npy
819328	2026-05-28T11:07:19.0000000000	./john/fullgrid/qwen3b-fullgrid-100m-p180/heat/model.layers.22.self_attn.q_proj.npy
819328	2026-05-28T11:07:19.0000000000	./john/fullgrid/qwen3b-fullgrid-100m-p180/heat/model.layers.23.mlp.down_proj.npy
819328	2026-05-28T11:07:19.0000000000	./john/fullgrid/qwen3b-fullgrid-100m-p180/heat/model.layers.23.self_attn.o_proj.npy
819328	2026-05-28T11:07:19.0000000000	./john/fullgrid/qwen3b-fullgrid-100m-p180/heat/model.layers.23.self_attn.q_proj.npy
819328	2026-05-28T11:07:19.0000000000	./john/fullgrid/qwen3b-fullgrid-100m-p180/heat/model.layers.24.mlp.down_proj.npy
819328	2026-05-28T11:07:19.0000000000	./john/fullgrid/qwen3b-fullgrid-100m-p180/heat/model.layers.24.self_attn.o_proj.npy
819328	2026-05-28T11:07:19.0000000000	./john/fullgrid/qwen3b-fullgrid-100m-p180/heat/model.layers.24.self_attn.q_proj.npy
819328	2026-05-28T11:07:19.0000000000	./john/fullgrid/qwen3b-fullgrid-100m-p180/heat/model.layers.25.mlp.down_proj.npy
819328	2026-05-28T11:07:19.0000000000	./john/fullgrid/qwen3b-fullgrid-100m-p180/heat/model.layers.25.self_attn.o_proj.npy
819328	2026-05-28T11:07:19.0000000000	./john/fullgrid/qwen3b-fullgrid-100m-p180/heat/model.layers.25.self_attn.q_proj.npy
819328	2026-05-28T11:07:19.0000000000	./john/fullgrid/qwen3b-fullgrid-100m-p180/heat/model.layers.26.mlp.down_proj.npy
819328	2026-05-28T11:07:19.0000000000	./john/fullgrid/qwen3b-fullgrid-100m-p180/heat/model.layers.26.self_attn.o_proj.npy
819328	2026-05-28T11:07:19.0000000000	./john/fullgrid/qwen3b-fullgrid-100m-p180/heat/model.layers.26.self_attn.q_proj.npy
819328	2026-05-28T11:07:19.0000000000	./john/fullgrid/qwen3b-fullgrid-100m-p180/heat/model.layers.27.mlp.down_proj.npy
819328	2026-05-28T11:07:19.0000000000	./john/fullgrid/qwen3b-fullgrid-100m-p180/heat/model.layers.27.self_attn.o_proj.npy
819328	2026-05-28T11:07:19.0000000000	./john/fullgrid/qwen3b-fullgrid-100m-p180/heat/model.layers.27.self_attn.q_proj.npy
819328	2026-05-28T11:07:19.0000000000	./john/fullgrid/qwen3b-fullgrid-100m-p180/heat/model.layers.28.mlp.down_proj.npy
819328	2026-05-28T11:07:19.0000000000	./john/fullgrid/qwen3b-fullgrid-100m-p180/heat/model.layers.28.self_attn.o_proj.npy
819328	2026-05-28T11:07:19.0000000000	./john/fullgrid/qwen3b-fullgrid-100m-p180/heat/model.layers.28.self_attn.q_proj.npy
819328	2026-05-28T11:07:19.0000000000	./john/fullgrid/qwen3b-fullgrid-100m-p180/heat/model.layers.29.mlp.down_proj.npy
819328	2026-05-28T11:07:19.0000000000	./john/fullgrid/qwen3b-fullgrid-100m-p180/heat/model.layers.29.self_attn.o_proj.npy
819328	2026-05-28T11:07:19.0000000000	./john/fullgrid/qwen3b-fullgrid-100m-p180/heat/model.layers.29.self_attn.q_proj.npy
819328	2026-05-28T11:07:19.0000000000	./john/fullgrid/qwen3b-fullgrid-100m-p180/heat/model.layers.3.mlp.down_proj.npy
819328	2026-05-28T11:07:19.0000000000	./john/fullgrid/qwen3b-fullgrid-100m-p180/heat/model.layers.3.self_attn.o_proj.npy
819328	2026-05-28T11:07:19.0000000000	./john/fullgrid/qwen3b-fullgrid-100m-p180/heat/model.layers.3.self_attn.q_proj.npy
819328	2026-05-28T11:07:19.0000000000	./john/fullgrid/qwen3b-fullgrid-100m-p180/heat/model.layers.30.mlp.down_proj.npy
819328	2026-05-28T11:07:19.0000000000	./john/fullgrid/qwen3b-fullgrid-100m-p180/heat/model.layers.30.self_attn.o_proj.npy
819328	2026-05-28T11:07:19.0000000000	./john/fullgrid/qwen3b-fullgrid-100m-p180/heat/model.layers.30.self_attn.q_proj.npy
819328	2026-05-28T11:07:19.0000000000	./john/fullgrid/qwen3b-fullgrid-100m-p180/heat/model.layers.31.mlp.down_proj.npy
819328	2026-05-28T11:07:19.0000000000	./john/fullgrid/qwen3b-fullgrid-100m-p180/heat/model.layers.31.self_attn.o_proj.npy
819328	2026-05-28T11:07:19.0000000000	./john/fullgrid/qwen3b-fullgrid-100m-p180/heat/model.layers.31.self_attn.q_proj.npy
819328	2026-05-28T11:07:19.0000000000	./john/fullgrid/qwen3b-fullgrid-100m-p180/heat/model.layers.32.mlp.down_proj.npy
819328	2026-05-28T11:07:19.0000000000	./john/fullgrid/qwen3b-fullgrid-100m-p180/heat/model.layers.32.self_attn.o_proj.npy
819328	2026-05-28T11:07:19.0000000000	./john/fullgrid/qwen3b-fullgrid-100m-p180/heat/model.layers.32.self_attn.q_proj.npy
819328	2026-05-28T11:07:19.0000000000	./john/fullgrid/qwen3b-fullgrid-100m-p180/heat/model.layers.33.mlp.down_proj.npy
819328	2026-05-28T11:07:19.0000000000	./john/fullgrid/qwen3b-fullgrid-100m-p180/heat/model.layers.33.self_attn.o_proj.npy
819328	2026-05-28T11:07:19.0000000000	./john/fullgrid/qwen3b-fullgrid-100m-p180/heat/model.layers.33.self_attn.q_proj.npy
819328	2026-05-28T11:07:19.0000000000	./john/fullgrid/qwen3b-fullgrid-100m-p180/heat/model.layers.34.mlp.down_proj.npy
819328	2026-05-28T11:07:19.0000000000	./john/fullgrid/qwen3b-fullgrid-100m-p180/heat/model.layers.34.self_attn.o_proj.npy
819328	2026-05-28T11:07:19.0000000000	./john/fullgrid/qwen3b-fullgrid-100m-p180/heat/model.layers.34.self_attn.q_proj.npy
819328	2026-05-28T11:07:19.0000000000	./john/fullgrid/qwen3b-fullgrid-100m-p180/heat/model.layers.35.mlp.down_proj.npy
819328	2026-05-28T11:07:19.0000000000	./john/fullgrid/qwen3b-fullgrid-100m-p180/heat/model.layers.35.self_attn.o_proj.npy
819328	2026-05-28T11:07:19.0000000000	./john/fullgrid/qwen3b-fullgrid-100m-p180/heat/model.layers.35.self_attn.q_proj.npy
819328	2026-05-28T11:07:19.0000000000	./john/fullgrid/qwen3b-fullgrid-100m-p180/heat/model.layers.4.mlp.down_proj.npy
819328	2026-05-28T11:07:19.0000000000	./john/fullgrid/qwen3b-fullgrid-100m-p180/heat/model.layers.4.self_attn.o_proj.npy
819328	2026-05-28T11:07:19.0000000000	./john/fullgrid/qwen3b-fullgrid-100m-p180/heat/model.layers.4.self_attn.q_proj.npy
819328	2026-05-28T11:07:19.0000000000	./john/fullgrid/qwen3b-fullgrid-100m-p180/heat/model.layers.5.mlp.down_proj.npy
819328	2026-05-28T11:07:19.0000000000	./john/fullgrid/qwen3b-fullgrid-100m-p180/heat/model.layers.5.self_attn.o_proj.npy
819328	2026-05-28T11:07:19.0000000000	./john/fullgrid/qwen3b-fullgrid-100m-p180/heat/model.layers.5.self_attn.q_proj.npy
819328	2026-05-28T11:07:19.0000000000	./john/fullgrid/qwen3b-fullgrid-100m-p180/heat/model.layers.6.mlp.down_proj.npy
819328	2026-05-28T11:07:19.0000000000	./john/fullgrid/qwen3b-fullgrid-100m-p180/heat/model.layers.6.self_attn.o_proj.npy
819328	2026-05-28T11:07:19.0000000000	./john/fullgrid/qwen3b-fullgrid-100m-p180/heat/model.layers.6.self_attn.q_proj.npy
819328	2026-05-28T11:07:19.0000000000	./john/fullgrid/qwen3b-fullgrid-100m-p180/heat/model.layers.7.mlp.down_proj.npy
819328	2026-05-28T11:07:19.0000000000	./john/fullgrid/qwen3b-fullgrid-100m-p180/heat/model.layers.7.self_attn.o_proj.npy
819328	2026-05-28T11:07:19.0000000000	./john/fullgrid/qwen3b-fullgrid-100m-p180/heat/model.layers.7.self_attn.q_proj.npy
819328	2026-05-28T11:07:19.0000000000	./john/fullgrid/qwen3b-fullgrid-100m-p180/heat/model.layers.8.mlp.down_proj.npy
819328	2026-05-28T11:07:19.0000000000	./john/fullgrid/qwen3b-fullgrid-100m-p180/heat/model.layers.8.self_attn.o_proj.npy
819328	2026-05-28T11:07:19.0000000000	./john/fullgrid/qwen3b-fullgrid-100m-p180/heat/model.layers.8.self_attn.q_proj.npy
819328	2026-05-28T11:07:19.0000000000	./john/fullgrid/qwen3b-fullgrid-100m-p180/heat/model.layers.9.mlp.down_proj.npy
819328	2026-05-28T11:07:19.0000000000	./john/fullgrid/qwen3b-fullgrid-100m-p180/heat/model.layers.9.self_attn.o_proj.npy
819328	2026-05-28T11:07:19.0000000000	./john/fullgrid/qwen3b-fullgrid-100m-p180/heat/model.layers.9.self_attn.q_proj.npy
819328	2026-05-28T11:09:19.0000000000	./john/fullgrid/qwen3b-fullgrid-100m-p600/heat/model.layers.0.mlp.down_proj.npy
819328	2026-05-28T11:09:19.0000000000	./john/fullgrid/qwen3b-fullgrid-100m-p600/heat/model.layers.0.self_attn.o_proj.npy
819328	2026-05-28T11:09:19.0000000000	./john/fullgrid/qwen3b-fullgrid-100m-p600/heat/model.layers.0.self_attn.q_proj.npy
819328	2026-05-28T11:09:19.0000000000	./john/fullgrid/qwen3b-fullgrid-100m-p600/heat/model.layers.1.mlp.down_proj.npy
819328	2026-05-28T11:09:19.0000000000	./john/fullgrid/qwen3b-fullgrid-100m-p600/heat/model.layers.1.self_attn.o_proj.npy
819328	2026-05-28T11:09:19.0000000000	./john/fullgrid/qwen3b-fullgrid-100m-p600/heat/model.layers.1.self_attn.q_proj.npy
819328	2026-05-28T11:09:19.0000000000	./john/fullgrid/qwen3b-fullgrid-100m-p600/heat/model.layers.10.mlp.down_proj.npy
819328	2026-05-28T11:09:19.0000000000	./john/fullgrid/qwen3b-fullgrid-100m-p600/heat/model.layers.10.self_attn.o_proj.npy
819328	2026-05-28T11:09:19.0000000000	./john/fullgrid/qwen3b-fullgrid-100m-p600/heat/model.layers.10.self_attn.q_proj.npy
819328	2026-05-28T11:09:19.0000000000	./john/fullgrid/qwen3b-fullgrid-100m-p600/heat/model.layers.11.mlp.down_proj.npy
819328	2026-05-28T11:09:19.0000000000	./john/fullgrid/qwen3b-fullgrid-100m-p600/heat/model.layers.11.self_attn.o_proj.npy
819328	2026-05-28T11:09:19.0000000000	./john/fullgrid/qwen3b-fullgrid-100m-p600/heat/model.layers.11.self_attn.q_proj.npy
819328	2026-05-28T11:09:19.0000000000	./john/fullgrid/qwen3b-fullgrid-100m-p600/heat/model.layers.12.mlp.down_proj.npy
819328	2026-05-28T11:09:19.0000000000	./john/fullgrid/qwen3b-fullgrid-100m-p600/heat/model.layers.12.self_attn.o_proj.npy
819328	2026-05-28T11:09:19.0000000000	./john/fullgrid/qwen3b-fullgrid-100m-p600/heat/model.layers.12.self_attn.q_proj.npy
819328	2026-05-28T11:09:19.0000000000	./john/fullgrid/qwen3b-fullgrid-100m-p600/heat/model.layers.13.mlp.down_proj.npy
819328	2026-05-28T11:09:19.0000000000	./john/fullgrid/qwen3b-fullgrid-100m-p600/heat/model.layers.13.self_attn.o_proj.npy
819328	2026-05-28T11:09:19.0000000000	./john/fullgrid/qwen3b-fullgrid-100m-p600/heat/model.layers.13.self_attn.q_proj.npy
819328	2026-05-28T11:09:19.0000000000	./john/fullgrid/qwen3b-fullgrid-100m-p600/heat/model.layers.14.mlp.down_proj.npy
819328	2026-05-28T11:09:19.0000000000	./john/fullgrid/qwen3b-fullgrid-100m-p600/heat/model.layers.14.self_attn.o_proj.npy
819328	2026-05-28T11:09:19.0000000000	./john/fullgrid/qwen3b-fullgrid-100m-p600/heat/model.layers.14.self_attn.q_proj.npy
819328	2026-05-28T11:09:19.0000000000	./john/fullgrid/qwen3b-fullgrid-100m-p600/heat/model.layers.15.mlp.down_proj.npy
819328	2026-05-28T11:09:19.0000000000	./john/fullgrid/qwen3b-fullgrid-100m-p600/heat/model.layers.15.self_attn.o_proj.npy
819328	2026-05-28T11:09:19.0000000000	./john/fullgrid/qwen3b-fullgrid-100m-p600/heat/model.layers.15.self_attn.q_proj.npy
819328	2026-05-28T11:09:19.0000000000	./john/fullgrid/qwen3b-fullgrid-100m-p600/heat/model.layers.16.mlp.down_proj.npy
819328	2026-05-28T11:09:19.0000000000	./john/fullgrid/qwen3b-fullgrid-100m-p600/heat/model.layers.16.self_attn.o_proj.npy
819328	2026-05-28T11:09:19.0000000000	./john/fullgrid/qwen3b-fullgrid-100m-p600/heat/model.layers.16.self_attn.q_proj.npy
819328	2026-05-28T11:09:19.0000000000	./john/fullgrid/qwen3b-fullgrid-100m-p600/heat/model.layers.17.mlp.down_proj.npy
819328	2026-05-28T11:09:19.0000000000	./john/fullgrid/qwen3b-fullgrid-100m-p600/heat/model.layers.17.self_attn.o_proj.npy
819328	2026-05-28T11:09:19.0000000000	./john/fullgrid/qwen3b-fullgrid-100m-p600/heat/model.layers.17.self_attn.q_proj.npy
819328	2026-05-28T11:09:19.0000000000	./john/fullgrid/qwen3b-fullgrid-100m-p600/heat/model.layers.18.mlp.down_proj.npy
819328	2026-05-28T11:09:19.0000000000	./john/fullgrid/qwen3b-fullgrid-100m-p600/heat/model.layers.18.self_attn.o_proj.npy
819328	2026-05-28T11:09:19.0000000000	./john/fullgrid/qwen3b-fullgrid-100m-p600/heat/model.layers.18.self_attn.q_proj.npy
819328	2026-05-28T11:09:19.0000000000	./john/fullgrid/qwen3b-fullgrid-100m-p600/heat/model.layers.19.mlp.down_proj.npy
819328	2026-05-28T11:09:19.0000000000	./john/fullgrid/qwen3b-fullgrid-100m-p600/heat/model.layers.19.self_attn.o_proj.npy
819328	2026-05-28T11:09:19.0000000000	./john/fullgrid/qwen3b-fullgrid-100m-p600/heat/model.layers.19.self_attn.q_proj.npy
819328	2026-05-28T11:09:19.0000000000	./john/fullgrid/qwen3b-fullgrid-100m-p600/heat/model.layers.2.mlp.down_proj.npy
819328	2026-05-28T11:09:19.0000000000	./john/fullgrid/qwen3b-fullgrid-100m-p600/heat/model.layers.2.self_attn.o_proj.npy
819328	2026-05-28T11:09:19.0000000000	./john/fullgrid/qwen3b-fullgrid-100m-p600/heat/model.layers.2.self_attn.q_proj.npy
819328	2026-05-28T11:09:19.0000000000	./john/fullgrid/qwen3b-fullgrid-100m-p600/heat/model.layers.20.mlp.down_proj.npy
819328	2026-05-28T11:09:19.0000000000	./john/fullgrid/qwen3b-fullgrid-100m-p600/heat/model.layers.20.self_attn.o_proj.npy
819328	2026-05-28T11:09:19.0000000000	./john/fullgrid/qwen3b-fullgrid-100m-p600/heat/model.layers.20.self_attn.q_proj.npy
819328	2026-05-28T11:09:19.0000000000	./john/fullgrid/qwen3b-fullgrid-100m-p600/heat/model.layers.21.mlp.down_proj.npy
819328	2026-05-28T11:09:19.0000000000	./john/fullgrid/qwen3b-fullgrid-100m-p600/heat/model.layers.21.self_attn.o_proj.npy
819328	2026-05-28T11:09:19.0000000000	./john/fullgrid/qwen3b-fullgrid-100m-p600/heat/model.layers.21.self_attn.q_proj.npy
819328	2026-05-28T11:09:19.0000000000	./john/fullgrid/qwen3b-fullgrid-100m-p600/heat/model.layers.22.mlp.down_proj.npy
819328	2026-05-28T11:09:19.0000000000	./john/fullgrid/qwen3b-fullgrid-100m-p600/heat/model.layers.22.self_attn.o_proj.npy
819328	2026-05-28T11:09:19.0000000000	./john/fullgrid/qwen3b-fullgrid-100m-p600/heat/model.layers.22.self_attn.q_proj.npy
819328	2026-05-28T11:09:19.0000000000	./john/fullgrid/qwen3b-fullgrid-100m-p600/heat/model.layers.23.mlp.down_proj.npy
819328	2026-05-28T11:09:19.0000000000	./john/fullgrid/qwen3b-fullgrid-100m-p600/heat/model.layers.23.self_attn.o_proj.npy
819328	2026-05-28T11:09:19.0000000000	./john/fullgrid/qwen3b-fullgrid-100m-p600/heat/model.layers.23.self_attn.q_proj.npy
819328	2026-05-28T11:09:19.0000000000	./john/fullgrid/qwen3b-fullgrid-100m-p600/heat/model.layers.24.mlp.down_proj.npy
819328	2026-05-28T11:09:19.0000000000	./john/fullgrid/qwen3b-fullgrid-100m-p600/heat/model.layers.24.self_attn.o_proj.npy
819328	2026-05-28T11:09:19.0000000000	./john/fullgrid/qwen3b-fullgrid-100m-p600/heat/model.layers.24.self_attn.q_proj.npy
819328	2026-05-28T11:09:19.0000000000	./john/fullgrid/qwen3b-fullgrid-100m-p600/heat/model.layers.25.mlp.down_proj.npy
819328	2026-05-28T11:09:19.0000000000	./john/fullgrid/qwen3b-fullgrid-100m-p600/heat/model.layers.25.self_attn.o_proj.npy
819328	2026-05-28T11:09:19.0000000000	./john/fullgrid/qwen3b-fullgrid-100m-p600/heat/model.layers.25.self_attn.q_proj.npy
819328	2026-05-28T11:09:19.0000000000	./john/fullgrid/qwen3b-fullgrid-100m-p600/heat/model.layers.26.mlp.down_proj.npy
819328	2026-05-28T11:09:19.0000000000	./john/fullgrid/qwen3b-fullgrid-100m-p600/heat/model.layers.26.self_attn.o_proj.npy
819328	2026-05-28T11:09:19.0000000000	./john/fullgrid/qwen3b-fullgrid-100m-p600/heat/model.layers.26.self_attn.q_proj.npy
819328	2026-05-28T11:09:19.0000000000	./john/fullgrid/qwen3b-fullgrid-100m-p600/heat/model.layers.27.mlp.down_proj.npy
819328	2026-05-28T11:09:19.0000000000	./john/fullgrid/qwen3b-fullgrid-100m-p600/heat/model.layers.27.self_attn.o_proj.npy
819328	2026-05-28T11:09:19.0000000000	./john/fullgrid/qwen3b-fullgrid-100m-p600/heat/model.layers.27.self_attn.q_proj.npy
819328	2026-05-28T11:09:19.0000000000	./john/fullgrid/qwen3b-fullgrid-100m-p600/heat/model.layers.28.mlp.down_proj.npy
819328	2026-05-28T11:09:19.0000000000	./john/fullgrid/qwen3b-fullgrid-100m-p600/heat/model.layers.28.self_attn.o_proj.npy
819328	2026-05-28T11:09:19.0000000000	./john/fullgrid/qwen3b-fullgrid-100m-p600/heat/model.layers.28.self_attn.q_proj.npy
819328	2026-05-28T11:09:19.0000000000	./john/fullgrid/qwen3b-fullgrid-100m-p600/heat/model.layers.3.mlp.down_proj.npy
819328	2026-05-28T11:09:19.0000000000	./john/fullgrid/qwen3b-fullgrid-100m-p600/heat/model.layers.3.self_attn.o_proj.npy
819328	2026-05-28T11:09:19.0000000000	./john/fullgrid/qwen3b-fullgrid-100m-p600/heat/model.layers.3.self_attn.q_proj.npy
819328	2026-05-28T11:09:19.0000000000	./john/fullgrid/qwen3b-fullgrid-100m-p600/heat/model.layers.4.mlp.down_proj.npy
819328	2026-05-28T11:09:19.0000000000	./john/fullgrid/qwen3b-fullgrid-100m-p600/heat/model.layers.4.self_attn.o_proj.npy
819328	2026-05-28T11:09:19.0000000000	./john/fullgrid/qwen3b-fullgrid-100m-p600/heat/model.layers.4.self_attn.q_proj.npy
819328	2026-05-28T11:09:19.0000000000	./john/fullgrid/qwen3b-fullgrid-100m-p600/heat/model.layers.5.mlp.down_proj.npy
819328	2026-05-28T11:09:19.0000000000	./john/fullgrid/qwen3b-fullgrid-100m-p600/heat/model.layers.5.self_attn.o_proj.npy
819328	2026-05-28T11:09:19.0000000000	./john/fullgrid/qwen3b-fullgrid-100m-p600/heat/model.layers.5.self_attn.q_proj.npy
819328	2026-05-28T11:09:19.0000000000	./john/fullgrid/qwen3b-fullgrid-100m-p600/heat/model.layers.6.mlp.down_proj.npy
819328	2026-05-28T11:09:19.0000000000	./john/fullgrid/qwen3b-fullgrid-100m-p600/heat/model.layers.6.self_attn.o_proj.npy
819328	2026-05-28T11:09:19.0000000000	./john/fullgrid/qwen3b-fullgrid-100m-p600/heat/model.layers.6.self_attn.q_proj.npy
819328	2026-05-28T11:09:19.0000000000	./john/fullgrid/qwen3b-fullgrid-100m-p600/heat/model.layers.7.mlp.down_proj.npy
819328	2026-05-28T11:09:19.0000000000	./john/fullgrid/qwen3b-fullgrid-100m-p600/heat/model.layers.7.self_attn.o_proj.npy
819328	2026-05-28T11:09:19.0000000000	./john/fullgrid/qwen3b-fullgrid-100m-p600/heat/model.layers.7.self_attn.q_proj.npy
819328	2026-05-28T11:09:19.0000000000	./john/fullgrid/qwen3b-fullgrid-100m-p600/heat/model.layers.8.mlp.down_proj.npy
819328	2026-05-28T11:09:19.0000000000	./john/fullgrid/qwen3b-fullgrid-100m-p600/heat/model.layers.8.self_attn.o_proj.npy
819328	2026-05-28T11:09:19.0000000000	./john/fullgrid/qwen3b-fullgrid-100m-p600/heat/model.layers.8.self_attn.q_proj.npy
819328	2026-05-28T11:09:19.0000000000	./john/fullgrid/qwen3b-fullgrid-100m-p600/heat/model.layers.9.mlp.down_proj.npy
819328	2026-05-28T11:09:19.0000000000	./john/fullgrid/qwen3b-fullgrid-100m-p600/heat/model.layers.9.self_attn.o_proj.npy
819328	2026-05-28T11:09:19.0000000000	./john/fullgrid/qwen3b-fullgrid-100m-p600/heat/model.layers.9.self_attn.q_proj.npy
819328	2026-05-28T11:09:20.0000000000	./john/fullgrid/qwen3b-fullgrid-100m-p600/heat/model.layers.29.mlp.down_proj.npy
819328	2026-05-28T11:09:20.0000000000	./john/fullgrid/qwen3b-fullgrid-100m-p600/heat/model.layers.29.self_attn.o_proj.npy
819328	2026-05-28T11:09:20.0000000000	./john/fullgrid/qwen3b-fullgrid-100m-p600/heat/model.layers.29.self_attn.q_proj.npy
819328	2026-05-28T11:09:20.0000000000	./john/fullgrid/qwen3b-fullgrid-100m-p600/heat/model.layers.30.mlp.down_proj.npy
819328	2026-05-28T11:09:20.0000000000	./john/fullgrid/qwen3b-fullgrid-100m-p600/heat/model.layers.30.self_attn.o_proj.npy
819328	2026-05-28T11:09:20.0000000000	./john/fullgrid/qwen3b-fullgrid-100m-p600/heat/model.layers.30.self_attn.q_proj.npy
819328	2026-05-28T11:09:20.0000000000	./john/fullgrid/qwen3b-fullgrid-100m-p600/heat/model.layers.31.mlp.down_proj.npy
819328	2026-05-28T11:09:20.0000000000	./john/fullgrid/qwen3b-fullgrid-100m-p600/heat/model.layers.31.self_attn.o_proj.npy
819328	2026-05-28T11:09:20.0000000000	./john/fullgrid/qwen3b-fullgrid-100m-p600/heat/model.layers.31.self_attn.q_proj.npy
819328	2026-05-28T11:09:20.0000000000	./john/fullgrid/qwen3b-fullgrid-100m-p600/heat/model.layers.32.mlp.down_proj.npy
819328	2026-05-28T11:09:20.0000000000	./john/fullgrid/qwen3b-fullgrid-100m-p600/heat/model.layers.32.self_attn.o_proj.npy
819328	2026-05-28T11:09:20.0000000000	./john/fullgrid/qwen3b-fullgrid-100m-p600/heat/model.layers.32.self_attn.q_proj.npy
819328	2026-05-28T11:09:20.0000000000	./john/fullgrid/qwen3b-fullgrid-100m-p600/heat/model.layers.33.mlp.down_proj.npy
819328	2026-05-28T11:09:20.0000000000	./john/fullgrid/qwen3b-fullgrid-100m-p600/heat/model.layers.33.self_attn.o_proj.npy
819328	2026-05-28T11:09:20.0000000000	./john/fullgrid/qwen3b-fullgrid-100m-p600/heat/model.layers.33.self_attn.q_proj.npy
819328	2026-05-28T11:09:20.0000000000	./john/fullgrid/qwen3b-fullgrid-100m-p600/heat/model.layers.34.mlp.down_proj.npy
819328	2026-05-28T11:09:20.0000000000	./john/fullgrid/qwen3b-fullgrid-100m-p600/heat/model.layers.34.self_attn.o_proj.npy
819328	2026-05-28T11:09:20.0000000000	./john/fullgrid/qwen3b-fullgrid-100m-p600/heat/model.layers.34.self_attn.q_proj.npy
819328	2026-05-28T11:09:20.0000000000	./john/fullgrid/qwen3b-fullgrid-100m-p600/heat/model.layers.35.mlp.down_proj.npy
819328	2026-05-28T11:09:20.0000000000	./john/fullgrid/qwen3b-fullgrid-100m-p600/heat/model.layers.35.self_attn.o_proj.npy
819328	2026-05-28T11:09:20.0000000000	./john/fullgrid/qwen3b-fullgrid-100m-p600/heat/model.layers.35.self_attn.q_proj.npy
819328	2026-05-28T12:20:35.0000000000	./john/fullgrid/qwen3b-fullgrid-100m-p1200-perchannel/heat/model.layers.0.mlp.down_proj.npy
819328	2026-05-28T12:20:35.0000000000	./john/fullgrid/qwen3b-fullgrid-100m-p1200-perchannel/heat/model.layers.0.self_attn.o_proj.npy
819328	2026-05-28T12:20:35.0000000000	./john/fullgrid/qwen3b-fullgrid-100m-p1200-perchannel/heat/model.layers.0.self_attn.q_proj.npy
819328	2026-05-28T12:20:35.0000000000	./john/fullgrid/qwen3b-fullgrid-100m-p1200-perchannel/heat/model.layers.1.mlp.down_proj.npy
819328	2026-05-28T12:20:35.0000000000	./john/fullgrid/qwen3b-fullgrid-100m-p1200-perchannel/heat/model.layers.1.self_attn.o_proj.npy
819328	2026-05-28T12:20:35.0000000000	./john/fullgrid/qwen3b-fullgrid-100m-p1200-perchannel/heat/model.layers.1.self_attn.q_proj.npy
819328	2026-05-28T12:20:35.0000000000	./john/fullgrid/qwen3b-fullgrid-100m-p1200-perchannel/heat/model.layers.10.mlp.down_proj.npy
819328	2026-05-28T12:20:35.0000000000	./john/fullgrid/qwen3b-fullgrid-100m-p1200-perchannel/heat/model.layers.10.self_attn.o_proj.npy
819328	2026-05-28T12:20:35.0000000000	./john/fullgrid/qwen3b-fullgrid-100m-p1200-perchannel/heat/model.layers.10.self_attn.q_proj.npy
819328	2026-05-28T12:20:35.0000000000	./john/fullgrid/qwen3b-fullgrid-100m-p1200-perchannel/heat/model.layers.11.mlp.down_proj.npy
819328	2026-05-28T12:20:35.0000000000	./john/fullgrid/qwen3b-fullgrid-100m-p1200-perchannel/heat/model.layers.11.self_attn.o_proj.npy
819328	2026-05-28T12:20:35.0000000000	./john/fullgrid/qwen3b-fullgrid-100m-p1200-perchannel/heat/model.layers.11.self_attn.q_proj.npy
819328	2026-05-28T12:20:35.0000000000	./john/fullgrid/qwen3b-fullgrid-100m-p1200-perchannel/heat/model.layers.12.mlp.down_proj.npy
819328	2026-05-28T12:20:35.0000000000	./john/fullgrid/qwen3b-fullgrid-100m-p1200-perchannel/heat/model.layers.12.self_attn.o_proj.npy
819328	2026-05-28T12:20:35.0000000000	./john/fullgrid/qwen3b-fullgrid-100m-p1200-perchannel/heat/model.layers.12.self_attn.q_proj.npy
819328	2026-05-28T12:20:35.0000000000	./john/fullgrid/qwen3b-fullgrid-100m-p1200-perchannel/heat/model.layers.13.self_attn.q_proj.npy
819328	2026-05-28T12:20:35.0000000000	./john/fullgrid/qwen3b-fullgrid-100m-p1200-perchannel/heat/model.layers.2.mlp.down_proj.npy
819328	2026-05-28T12:20:35.0000000000	./john/fullgrid/qwen3b-fullgrid-100m-p1200-perchannel/heat/model.layers.2.self_attn.o_proj.npy
819328	2026-05-28T12:20:35.0000000000	./john/fullgrid/qwen3b-fullgrid-100m-p1200-perchannel/heat/model.layers.2.self_attn.q_proj.npy
819328	2026-05-28T12:20:35.0000000000	./john/fullgrid/qwen3b-fullgrid-100m-p1200-perchannel/heat/model.layers.3.mlp.down_proj.npy
819328	2026-05-28T12:20:35.0000000000	./john/fullgrid/qwen3b-fullgrid-100m-p1200-perchannel/heat/model.layers.3.self_attn.o_proj.npy
819328	2026-05-28T12:20:35.0000000000	./john/fullgrid/qwen3b-fullgrid-100m-p1200-perchannel/heat/model.layers.3.self_attn.q_proj.npy
819328	2026-05-28T12:20:35.0000000000	./john/fullgrid/qwen3b-fullgrid-100m-p1200-perchannel/heat/model.layers.4.mlp.down_proj.npy
819328	2026-05-28T12:20:35.0000000000	./john/fullgrid/qwen3b-fullgrid-100m-p1200-perchannel/heat/model.layers.4.self_attn.o_proj.npy
819328	2026-05-28T12:20:35.0000000000	./john/fullgrid/qwen3b-fullgrid-100m-p1200-perchannel/heat/model.layers.4.self_attn.q_proj.npy
819328	2026-05-28T12:20:35.0000000000	./john/fullgrid/qwen3b-fullgrid-100m-p1200-perchannel/heat/model.layers.5.mlp.down_proj.npy
819328	2026-05-28T12:20:35.0000000000	./john/fullgrid/qwen3b-fullgrid-100m-p1200-perchannel/heat/model.layers.5.self_attn.o_proj.npy
819328	2026-05-28T12:20:35.0000000000	./john/fullgrid/qwen3b-fullgrid-100m-p1200-perchannel/heat/model.layers.5.self_attn.q_proj.npy
819328	2026-05-28T12:20:35.0000000000	./john/fullgrid/qwen3b-fullgrid-100m-p1200-perchannel/heat/model.layers.6.mlp.down_proj.npy
819328	2026-05-28T12:20:35.0000000000	./john/fullgrid/qwen3b-fullgrid-100m-p1200-perchannel/heat/model.layers.6.self_attn.o_proj.npy
819328	2026-05-28T12:20:35.0000000000	./john/fullgrid/qwen3b-fullgrid-100m-p1200-perchannel/heat/model.layers.6.self_attn.q_proj.npy
819328	2026-05-28T12:20:35.0000000000	./john/fullgrid/qwen3b-fullgrid-100m-p1200-perchannel/heat/model.layers.7.mlp.down_proj.npy
819328	2026-05-28T12:20:35.0000000000	./john/fullgrid/qwen3b-fullgrid-100m-p1200-perchannel/heat/model.layers.7.self_attn.o_proj.npy
819328	2026-05-28T12:20:35.0000000000	./john/fullgrid/qwen3b-fullgrid-100m-p1200-perchannel/heat/model.layers.7.self_attn.q_proj.npy
819328	2026-05-28T12:20:35.0000000000	./john/fullgrid/qwen3b-fullgrid-100m-p1200-perchannel/heat/model.layers.8.mlp.down_proj.npy
819328	2026-05-28T12:20:35.0000000000	./john/fullgrid/qwen3b-fullgrid-100m-p1200-perchannel/heat/model.layers.8.self_attn.o_proj.npy
819328	2026-05-28T12:20:35.0000000000	./john/fullgrid/qwen3b-fullgrid-100m-p1200-perchannel/heat/model.layers.8.self_attn.q_proj.npy
819328	2026-05-28T12:20:35.0000000000	./john/fullgrid/qwen3b-fullgrid-100m-p1200-perchannel/heat/model.layers.9.mlp.down_proj.npy
819328	2026-05-28T12:20:35.0000000000	./john/fullgrid/qwen3b-fullgrid-100m-p1200-perchannel/heat/model.layers.9.self_attn.o_proj.npy
819328	2026-05-28T12:20:35.0000000000	./john/fullgrid/qwen3b-fullgrid-100m-p1200-perchannel/heat/model.layers.9.self_attn.q_proj.npy
819328	2026-05-28T12:20:36.0000000000	./john/fullgrid/qwen3b-fullgrid-100m-p1200-perchannel/heat/model.layers.13.mlp.down_proj.npy
819328	2026-05-28T12:20:36.0000000000	./john/fullgrid/qwen3b-fullgrid-100m-p1200-perchannel/heat/model.layers.13.self_attn.o_proj.npy
819328	2026-05-28T12:20:36.0000000000	./john/fullgrid/qwen3b-fullgrid-100m-p1200-perchannel/heat/model.layers.14.mlp.down_proj.npy
819328	2026-05-28T12:20:36.0000000000	./john/fullgrid/qwen3b-fullgrid-100m-p1200-perchannel/heat/model.layers.14.self_attn.o_proj.npy
819328	2026-05-28T12:20:36.0000000000	./john/fullgrid/qwen3b-fullgrid-100m-p1200-perchannel/heat/model.layers.14.self_attn.q_proj.npy
819328	2026-05-28T12:20:36.0000000000	./john/fullgrid/qwen3b-fullgrid-100m-p1200-perchannel/heat/model.layers.15.mlp.down_proj.npy
819328	2026-05-28T12:20:36.0000000000	./john/fullgrid/qwen3b-fullgrid-100m-p1200-perchannel/heat/model.layers.15.self_attn.o_proj.npy
819328	2026-05-28T12:20:36.0000000000	./john/fullgrid/qwen3b-fullgrid-100m-p1200-perchannel/heat/model.layers.15.self_attn.q_proj.npy
819328	2026-05-28T12:20:36.0000000000	./john/fullgrid/qwen3b-fullgrid-100m-p1200-perchannel/heat/model.layers.16.mlp.down_proj.npy
819328	2026-05-28T12:20:36.0000000000	./john/fullgrid/qwen3b-fullgrid-100m-p1200-perchannel/heat/model.layers.16.self_attn.o_proj.npy
819328	2026-05-28T12:20:36.0000000000	./john/fullgrid/qwen3b-fullgrid-100m-p1200-perchannel/heat/model.layers.16.self_attn.q_proj.npy
819328	2026-05-28T12:20:36.0000000000	./john/fullgrid/qwen3b-fullgrid-100m-p1200-perchannel/heat/model.layers.17.mlp.down_proj.npy
819328	2026-05-28T12:20:36.0000000000	./john/fullgrid/qwen3b-fullgrid-100m-p1200-perchannel/heat/model.layers.17.self_attn.o_proj.npy
819328	2026-05-28T12:20:36.0000000000	./john/fullgrid/qwen3b-fullgrid-100m-p1200-perchannel/heat/model.layers.17.self_attn.q_proj.npy
819328	2026-05-28T12:20:36.0000000000	./john/fullgrid/qwen3b-fullgrid-100m-p1200-perchannel/heat/model.layers.18.mlp.down_proj.npy
819328	2026-05-28T12:20:36.0000000000	./john/fullgrid/qwen3b-fullgrid-100m-p1200-perchannel/heat/model.layers.18.self_attn.o_proj.npy
819328	2026-05-28T12:20:36.0000000000	./john/fullgrid/qwen3b-fullgrid-100m-p1200-perchannel/heat/model.layers.18.self_attn.q_proj.npy
819328	2026-05-28T12:20:36.0000000000	./john/fullgrid/qwen3b-fullgrid-100m-p1200-perchannel/heat/model.layers.19.mlp.down_proj.npy
819328	2026-05-28T12:20:36.0000000000	./john/fullgrid/qwen3b-fullgrid-100m-p1200-perchannel/heat/model.layers.19.self_attn.o_proj.npy
819328	2026-05-28T12:20:36.0000000000	./john/fullgrid/qwen3b-fullgrid-100m-p1200-perchannel/heat/model.layers.19.self_attn.q_proj.npy
819328	2026-05-28T12:20:36.0000000000	./john/fullgrid/qwen3b-fullgrid-100m-p1200-perchannel/heat/model.layers.20.mlp.down_proj.npy
819328	2026-05-28T12:20:36.0000000000	./john/fullgrid/qwen3b-fullgrid-100m-p1200-perchannel/heat/model.layers.20.self_attn.o_proj.npy
819328	2026-05-28T12:20:36.0000000000	./john/fullgrid/qwen3b-fullgrid-100m-p1200-perchannel/heat/model.layers.20.self_attn.q_proj.npy
819328	2026-05-28T12:20:36.0000000000	./john/fullgrid/qwen3b-fullgrid-100m-p1200-perchannel/heat/model.layers.21.mlp.down_proj.npy
819328	2026-05-28T12:20:36.0000000000	./john/fullgrid/qwen3b-fullgrid-100m-p1200-perchannel/heat/model.layers.21.self_attn.o_proj.npy
819328	2026-05-28T12:20:36.0000000000	./john/fullgrid/qwen3b-fullgrid-100m-p1200-perchannel/heat/model.layers.21.self_attn.q_proj.npy
819328	2026-05-28T12:20:36.0000000000	./john/fullgrid/qwen3b-fullgrid-100m-p1200-perchannel/heat/model.layers.22.mlp.down_proj.npy
819328	2026-05-28T12:20:36.0000000000	./john/fullgrid/qwen3b-fullgrid-100m-p1200-perchannel/heat/model.layers.22.self_attn.o_proj.npy
819328	2026-05-28T12:20:36.0000000000	./john/fullgrid/qwen3b-fullgrid-100m-p1200-perchannel/heat/model.layers.22.self_attn.q_proj.npy
819328	2026-05-28T12:20:36.0000000000	./john/fullgrid/qwen3b-fullgrid-100m-p1200-perchannel/heat/model.layers.23.mlp.down_proj.npy
819328	2026-05-28T12:20:36.0000000000	./john/fullgrid/qwen3b-fullgrid-100m-p1200-perchannel/heat/model.layers.23.self_attn.o_proj.npy
819328	2026-05-28T12:20:36.0000000000	./john/fullgrid/qwen3b-fullgrid-100m-p1200-perchannel/heat/model.layers.23.self_attn.q_proj.npy
819328	2026-05-28T12:20:36.0000000000	./john/fullgrid/qwen3b-fullgrid-100m-p1200-perchannel/heat/model.layers.24.mlp.down_proj.npy
819328	2026-05-28T12:20:36.0000000000	./john/fullgrid/qwen3b-fullgrid-100m-p1200-perchannel/heat/model.layers.24.self_attn.o_proj.npy
819328	2026-05-28T12:20:36.0000000000	./john/fullgrid/qwen3b-fullgrid-100m-p1200-perchannel/heat/model.layers.24.self_attn.q_proj.npy
819328	2026-05-28T12:20:36.0000000000	./john/fullgrid/qwen3b-fullgrid-100m-p1200-perchannel/heat/model.layers.25.mlp.down_proj.npy
819328	2026-05-28T12:20:36.0000000000	./john/fullgrid/qwen3b-fullgrid-100m-p1200-perchannel/heat/model.layers.25.self_attn.o_proj.npy
819328	2026-05-28T12:20:36.0000000000	./john/fullgrid/qwen3b-fullgrid-100m-p1200-perchannel/heat/model.layers.25.self_attn.q_proj.npy
819328	2026-05-28T12:20:36.0000000000	./john/fullgrid/qwen3b-fullgrid-100m-p1200-perchannel/heat/model.layers.26.mlp.down_proj.npy
819328	2026-05-28T12:20:36.0000000000	./john/fullgrid/qwen3b-fullgrid-100m-p1200-perchannel/heat/model.layers.26.self_attn.o_proj.npy
819328	2026-05-28T12:20:36.0000000000	./john/fullgrid/qwen3b-fullgrid-100m-p1200-perchannel/heat/model.layers.26.self_attn.q_proj.npy
819328	2026-05-28T12:20:36.0000000000	./john/fullgrid/qwen3b-fullgrid-100m-p1200-perchannel/heat/model.layers.27.mlp.down_proj.npy
819328	2026-05-28T12:20:36.0000000000	./john/fullgrid/qwen3b-fullgrid-100m-p1200-perchannel/heat/model.layers.27.self_attn.o_proj.npy
819328	2026-05-28T12:20:36.0000000000	./john/fullgrid/qwen3b-fullgrid-100m-p1200-perchannel/heat/model.layers.27.self_attn.q_proj.npy
819328	2026-05-28T12:20:36.0000000000	./john/fullgrid/qwen3b-fullgrid-100m-p1200-perchannel/heat/model.layers.28.mlp.down_proj.npy
819328	2026-05-28T12:20:36.0000000000	./john/fullgrid/qwen3b-fullgrid-100m-p1200-perchannel/heat/model.layers.28.self_attn.o_proj.npy
819328	2026-05-28T12:20:36.0000000000	./john/fullgrid/qwen3b-fullgrid-100m-p1200-perchannel/heat/model.layers.28.self_attn.q_proj.npy
819328	2026-05-28T12:20:36.0000000000	./john/fullgrid/qwen3b-fullgrid-100m-p1200-perchannel/heat/model.layers.29.mlp.down_proj.npy
819328	2026-05-28T12:20:36.0000000000	./john/fullgrid/qwen3b-fullgrid-100m-p1200-perchannel/heat/model.layers.29.self_attn.o_proj.npy
819328	2026-05-28T12:20:36.0000000000	./john/fullgrid/qwen3b-fullgrid-100m-p1200-perchannel/heat/model.layers.29.self_attn.q_proj.npy
819328	2026-05-28T12:20:36.0000000000	./john/fullgrid/qwen3b-fullgrid-100m-p1200-perchannel/heat/model.layers.30.mlp.down_proj.npy
819328	2026-05-28T12:20:36.0000000000	./john/fullgrid/qwen3b-fullgrid-100m-p1200-perchannel/heat/model.layers.30.self_attn.o_proj.npy
819328	2026-05-28T12:20:36.0000000000	./john/fullgrid/qwen3b-fullgrid-100m-p1200-perchannel/heat/model.layers.30.self_attn.q_proj.npy
819328	2026-05-28T12:20:36.0000000000	./john/fullgrid/qwen3b-fullgrid-100m-p1200-perchannel/heat/model.layers.31.mlp.down_proj.npy
819328	2026-05-28T12:20:36.0000000000	./john/fullgrid/qwen3b-fullgrid-100m-p1200-perchannel/heat/model.layers.31.self_attn.o_proj.npy
819328	2026-05-28T12:20:36.0000000000	./john/fullgrid/qwen3b-fullgrid-100m-p1200-perchannel/heat/model.layers.31.self_attn.q_proj.npy
819328	2026-05-28T12:20:36.0000000000	./john/fullgrid/qwen3b-fullgrid-100m-p1200-perchannel/heat/model.layers.32.mlp.down_proj.npy
819328	2026-05-28T12:20:36.0000000000	./john/fullgrid/qwen3b-fullgrid-100m-p1200-perchannel/heat/model.layers.32.self_attn.o_proj.npy
819328	2026-05-28T12:20:36.0000000000	./john/fullgrid/qwen3b-fullgrid-100m-p1200-perchannel/heat/model.layers.32.self_attn.q_proj.npy
819328	2026-05-28T12:20:36.0000000000	./john/fullgrid/qwen3b-fullgrid-100m-p1200-perchannel/heat/model.layers.33.mlp.down_proj.npy
819328	2026-05-28T12:20:36.0000000000	./john/fullgrid/qwen3b-fullgrid-100m-p1200-perchannel/heat/model.layers.33.self_attn.o_proj.npy
819328	2026-05-28T12:20:36.0000000000	./john/fullgrid/qwen3b-fullgrid-100m-p1200-perchannel/heat/model.layers.33.self_attn.q_proj.npy
819328	2026-05-28T12:20:36.0000000000	./john/fullgrid/qwen3b-fullgrid-100m-p1200-perchannel/heat/model.layers.34.mlp.down_proj.npy
819328	2026-05-28T12:20:36.0000000000	./john/fullgrid/qwen3b-fullgrid-100m-p1200-perchannel/heat/model.layers.34.self_attn.o_proj.npy
819328	2026-05-28T12:20:36.0000000000	./john/fullgrid/qwen3b-fullgrid-100m-p1200-perchannel/heat/model.layers.34.self_attn.q_proj.npy
819328	2026-05-28T12:20:36.0000000000	./john/fullgrid/qwen3b-fullgrid-100m-p1200-perchannel/heat/model.layers.35.self_attn.o_proj.npy
819328	2026-05-28T12:20:36.0000000000	./john/fullgrid/qwen3b-fullgrid-100m-p1200-perchannel/heat/model.layers.35.self_attn.q_proj.npy
819328	2026-05-28T12:51:42.0000000000	./john/fullgrid/qwen3b-fullgrid-100m-p1200-perchannel-fd4096/heat/model.layers.0.mlp.down_proj.npy
819328	2026-05-28T12:51:42.0000000000	./john/fullgrid/qwen3b-fullgrid-100m-p1200-perchannel-fd4096/heat/model.layers.0.self_attn.o_proj.npy
819328	2026-05-28T12:51:42.0000000000	./john/fullgrid/qwen3b-fullgrid-100m-p1200-perchannel-fd4096/heat/model.layers.0.self_attn.q_proj.npy
819328	2026-05-28T12:51:42.0000000000	./john/fullgrid/qwen3b-fullgrid-100m-p1200-perchannel-fd4096/heat/model.layers.1.mlp.down_proj.npy
819328	2026-05-28T12:51:42.0000000000	./john/fullgrid/qwen3b-fullgrid-100m-p1200-perchannel-fd4096/heat/model.layers.1.self_attn.o_proj.npy
819328	2026-05-28T12:51:42.0000000000	./john/fullgrid/qwen3b-fullgrid-100m-p1200-perchannel-fd4096/heat/model.layers.1.self_attn.q_proj.npy
819328	2026-05-28T12:51:42.0000000000	./john/fullgrid/qwen3b-fullgrid-100m-p1200-perchannel-fd4096/heat/model.layers.10.mlp.down_proj.npy
819328	2026-05-28T12:51:42.0000000000	./john/fullgrid/qwen3b-fullgrid-100m-p1200-perchannel-fd4096/heat/model.layers.10.self_attn.o_proj.npy
819328	2026-05-28T12:51:42.0000000000	./john/fullgrid/qwen3b-fullgrid-100m-p1200-perchannel-fd4096/heat/model.layers.10.self_attn.q_proj.npy
819328	2026-05-28T12:51:42.0000000000	./john/fullgrid/qwen3b-fullgrid-100m-p1200-perchannel-fd4096/heat/model.layers.11.mlp.down_proj.npy
819328	2026-05-28T12:51:42.0000000000	./john/fullgrid/qwen3b-fullgrid-100m-p1200-perchannel-fd4096/heat/model.layers.11.self_attn.o_proj.npy
819328	2026-05-28T12:51:42.0000000000	./john/fullgrid/qwen3b-fullgrid-100m-p1200-perchannel-fd4096/heat/model.layers.11.self_attn.q_proj.npy
819328	2026-05-28T12:51:42.0000000000	./john/fullgrid/qwen3b-fullgrid-100m-p1200-perchannel-fd4096/heat/model.layers.12.mlp.down_proj.npy
819328	2026-05-28T12:51:42.0000000000	./john/fullgrid/qwen3b-fullgrid-100m-p1200-perchannel-fd4096/heat/model.layers.12.self_attn.o_proj.npy
819328	2026-05-28T12:51:42.0000000000	./john/fullgrid/qwen3b-fullgrid-100m-p1200-perchannel-fd4096/heat/model.layers.12.self_attn.q_proj.npy
819328	2026-05-28T12:51:42.0000000000	./john/fullgrid/qwen3b-fullgrid-100m-p1200-perchannel-fd4096/heat/model.layers.13.mlp.down_proj.npy
819328	2026-05-28T12:51:42.0000000000	./john/fullgrid/qwen3b-fullgrid-100m-p1200-perchannel-fd4096/heat/model.layers.13.self_attn.o_proj.npy
819328	2026-05-28T12:51:42.0000000000	./john/fullgrid/qwen3b-fullgrid-100m-p1200-perchannel-fd4096/heat/model.layers.13.self_attn.q_proj.npy
819328	2026-05-28T12:51:42.0000000000	./john/fullgrid/qwen3b-fullgrid-100m-p1200-perchannel-fd4096/heat/model.layers.14.mlp.down_proj.npy
819328	2026-05-28T12:51:42.0000000000	./john/fullgrid/qwen3b-fullgrid-100m-p1200-perchannel-fd4096/heat/model.layers.14.self_attn.o_proj.npy
819328	2026-05-28T12:51:42.0000000000	./john/fullgrid/qwen3b-fullgrid-100m-p1200-perchannel-fd4096/heat/model.layers.14.self_attn.q_proj.npy
819328	2026-05-28T12:51:42.0000000000	./john/fullgrid/qwen3b-fullgrid-100m-p1200-perchannel-fd4096/heat/model.layers.15.mlp.down_proj.npy
819328	2026-05-28T12:51:42.0000000000	./john/fullgrid/qwen3b-fullgrid-100m-p1200-perchannel-fd4096/heat/model.layers.15.self_attn.o_proj.npy
819328	2026-05-28T12:51:42.0000000000	./john/fullgrid/qwen3b-fullgrid-100m-p1200-perchannel-fd4096/heat/model.layers.15.self_attn.q_proj.npy
819328	2026-05-28T12:51:42.0000000000	./john/fullgrid/qwen3b-fullgrid-100m-p1200-perchannel-fd4096/heat/model.layers.16.mlp.down_proj.npy
819328	2026-05-28T12:51:42.0000000000	./john/fullgrid/qwen3b-fullgrid-100m-p1200-perchannel-fd4096/heat/model.layers.16.self_attn.o_proj.npy
819328	2026-05-28T12:51:42.0000000000	./john/fullgrid/qwen3b-fullgrid-100m-p1200-perchannel-fd4096/heat/model.layers.16.self_attn.q_proj.npy
819328	2026-05-28T12:51:42.0000000000	./john/fullgrid/qwen3b-fullgrid-100m-p1200-perchannel-fd4096/heat/model.layers.17.mlp.down_proj.npy
819328	2026-05-28T12:51:42.0000000000	./john/fullgrid/qwen3b-fullgrid-100m-p1200-perchannel-fd4096/heat/model.layers.17.self_attn.o_proj.npy
819328	2026-05-28T12:51:42.0000000000	./john/fullgrid/qwen3b-fullgrid-100m-p1200-perchannel-fd4096/heat/model.layers.17.self_attn.q_proj.npy
819328	2026-05-28T12:51:42.0000000000	./john/fullgrid/qwen3b-fullgrid-100m-p1200-perchannel-fd4096/heat/model.layers.18.mlp.down_proj.npy
819328	2026-05-28T12:51:42.0000000000	./john/fullgrid/qwen3b-fullgrid-100m-p1200-perchannel-fd4096/heat/model.layers.18.self_attn.o_proj.npy
819328	2026-05-28T12:51:42.0000000000	./john/fullgrid/qwen3b-fullgrid-100m-p1200-perchannel-fd4096/heat/model.layers.18.self_attn.q_proj.npy
819328	2026-05-28T12:51:42.0000000000	./john/fullgrid/qwen3b-fullgrid-100m-p1200-perchannel-fd4096/heat/model.layers.19.self_attn.o_proj.npy
819328	2026-05-28T12:51:42.0000000000	./john/fullgrid/qwen3b-fullgrid-100m-p1200-perchannel-fd4096/heat/model.layers.19.self_attn.q_proj.npy
819328	2026-05-28T12:51:42.0000000000	./john/fullgrid/qwen3b-fullgrid-100m-p1200-perchannel-fd4096/heat/model.layers.2.mlp.down_proj.npy
819328	2026-05-28T12:51:42.0000000000	./john/fullgrid/qwen3b-fullgrid-100m-p1200-perchannel-fd4096/heat/model.layers.2.self_attn.o_proj.npy
819328	2026-05-28T12:51:42.0000000000	./john/fullgrid/qwen3b-fullgrid-100m-p1200-perchannel-fd4096/heat/model.layers.2.self_attn.q_proj.npy
819328	2026-05-28T12:51:42.0000000000	./john/fullgrid/qwen3b-fullgrid-100m-p1200-perchannel-fd4096/heat/model.layers.3.mlp.down_proj.npy
819328	2026-05-28T12:51:42.0000000000	./john/fullgrid/qwen3b-fullgrid-100m-p1200-perchannel-fd4096/heat/model.layers.3.self_attn.o_proj.npy
819328	2026-05-28T12:51:42.0000000000	./john/fullgrid/qwen3b-fullgrid-100m-p1200-perchannel-fd4096/heat/model.layers.3.self_attn.q_proj.npy
819328	2026-05-28T12:51:42.0000000000	./john/fullgrid/qwen3b-fullgrid-100m-p1200-perchannel-fd4096/heat/model.layers.4.mlp.down_proj.npy
819328	2026-05-28T12:51:42.0000000000	./john/fullgrid/qwen3b-fullgrid-100m-p1200-perchannel-fd4096/heat/model.layers.4.self_attn.o_proj.npy
819328	2026-05-28T12:51:42.0000000000	./john/fullgrid/qwen3b-fullgrid-100m-p1200-perchannel-fd4096/heat/model.layers.4.self_attn.q_proj.npy
819328	2026-05-28T12:51:42.0000000000	./john/fullgrid/qwen3b-fullgrid-100m-p1200-perchannel-fd4096/heat/model.layers.5.mlp.down_proj.npy
819328	2026-05-28T12:51:42.0000000000	./john/fullgrid/qwen3b-fullgrid-100m-p1200-perchannel-fd4096/heat/model.layers.5.self_attn.o_proj.npy
819328	2026-05-28T12:51:42.0000000000	./john/fullgrid/qwen3b-fullgrid-100m-p1200-perchannel-fd4096/heat/model.layers.5.self_attn.q_proj.npy
819328	2026-05-28T12:51:42.0000000000	./john/fullgrid/qwen3b-fullgrid-100m-p1200-perchannel-fd4096/heat/model.layers.6.mlp.down_proj.npy
819328	2026-05-28T12:51:42.0000000000	./john/fullgrid/qwen3b-fullgrid-100m-p1200-perchannel-fd4096/heat/model.layers.6.self_attn.o_proj.npy
819328	2026-05-28T12:51:42.0000000000	./john/fullgrid/qwen3b-fullgrid-100m-p1200-perchannel-fd4096/heat/model.layers.6.self_attn.q_proj.npy
819328	2026-05-28T12:51:42.0000000000	./john/fullgrid/qwen3b-fullgrid-100m-p1200-perchannel-fd4096/heat/model.layers.7.mlp.down_proj.npy
819328	2026-05-28T12:51:42.0000000000	./john/fullgrid/qwen3b-fullgrid-100m-p1200-perchannel-fd4096/heat/model.layers.7.self_attn.o_proj.npy
819328	2026-05-28T12:51:42.0000000000	./john/fullgrid/qwen3b-fullgrid-100m-p1200-perchannel-fd4096/heat/model.layers.7.self_attn.q_proj.npy
819328	2026-05-28T12:51:42.0000000000	./john/fullgrid/qwen3b-fullgrid-100m-p1200-perchannel-fd4096/heat/model.layers.8.mlp.down_proj.npy
819328	2026-05-28T12:51:42.0000000000	./john/fullgrid/qwen3b-fullgrid-100m-p1200-perchannel-fd4096/heat/model.layers.8.self_attn.o_proj.npy
819328	2026-05-28T12:51:42.0000000000	./john/fullgrid/qwen3b-fullgrid-100m-p1200-perchannel-fd4096/heat/model.layers.8.self_attn.q_proj.npy
819328	2026-05-28T12:51:42.0000000000	./john/fullgrid/qwen3b-fullgrid-100m-p1200-perchannel-fd4096/heat/model.layers.9.mlp.down_proj.npy
819328	2026-05-28T12:51:42.0000000000	./john/fullgrid/qwen3b-fullgrid-100m-p1200-perchannel-fd4096/heat/model.layers.9.self_attn.o_proj.npy
819328	2026-05-28T12:51:42.0000000000	./john/fullgrid/qwen3b-fullgrid-100m-p1200-perchannel-fd4096/heat/model.layers.9.self_attn.q_proj.npy
819328	2026-05-28T12:51:43.0000000000	./john/fullgrid/qwen3b-fullgrid-100m-p1200-perchannel-fd4096/heat/model.layers.19.mlp.down_proj.npy
819328	2026-05-28T12:51:43.0000000000	./john/fullgrid/qwen3b-fullgrid-100m-p1200-perchannel-fd4096/heat/model.layers.20.mlp.down_proj.npy
819328	2026-05-28T12:51:43.0000000000	./john/fullgrid/qwen3b-fullgrid-100m-p1200-perchannel-fd4096/heat/model.layers.20.self_attn.o_proj.npy
819328	2026-05-28T12:51:43.0000000000	./john/fullgrid/qwen3b-fullgrid-100m-p1200-perchannel-fd4096/heat/model.layers.20.self_attn.q_proj.npy
819328	2026-05-28T12:51:43.0000000000	./john/fullgrid/qwen3b-fullgrid-100m-p1200-perchannel-fd4096/heat/model.layers.21.mlp.down_proj.npy
819328	2026-05-28T12:51:43.0000000000	./john/fullgrid/qwen3b-fullgrid-100m-p1200-perchannel-fd4096/heat/model.layers.21.self_attn.o_proj.npy
819328	2026-05-28T12:51:43.0000000000	./john/fullgrid/qwen3b-fullgrid-100m-p1200-perchannel-fd4096/heat/model.layers.21.self_attn.q_proj.npy
819328	2026-05-28T12:51:43.0000000000	./john/fullgrid/qwen3b-fullgrid-100m-p1200-perchannel-fd4096/heat/model.layers.22.mlp.down_proj.npy
819328	2026-05-28T12:51:43.0000000000	./john/fullgrid/qwen3b-fullgrid-100m-p1200-perchannel-fd4096/heat/model.layers.22.self_attn.o_proj.npy
819328	2026-05-28T12:51:43.0000000000	./john/fullgrid/qwen3b-fullgrid-100m-p1200-perchannel-fd4096/heat/model.layers.22.self_attn.q_proj.npy
819328	2026-05-28T12:51:43.0000000000	./john/fullgrid/qwen3b-fullgrid-100m-p1200-perchannel-fd4096/heat/model.layers.23.mlp.down_proj.npy
819328	2026-05-28T12:51:43.0000000000	./john/fullgrid/qwen3b-fullgrid-100m-p1200-perchannel-fd4096/heat/model.layers.23.self_attn.o_proj.npy
819328	2026-05-28T12:51:43.0000000000	./john/fullgrid/qwen3b-fullgrid-100m-p1200-perchannel-fd4096/heat/model.layers.23.self_attn.q_proj.npy
819328	2026-05-28T12:51:43.0000000000	./john/fullgrid/qwen3b-fullgrid-100m-p1200-perchannel-fd4096/heat/model.layers.24.mlp.down_proj.npy
819328	2026-05-28T12:51:43.0000000000	./john/fullgrid/qwen3b-fullgrid-100m-p1200-perchannel-fd4096/heat/model.layers.24.self_attn.o_proj.npy
819328	2026-05-28T12:51:43.0000000000	./john/fullgrid/qwen3b-fullgrid-100m-p1200-perchannel-fd4096/heat/model.layers.24.self_attn.q_proj.npy
819328	2026-05-28T12:51:43.0000000000	./john/fullgrid/qwen3b-fullgrid-100m-p1200-perchannel-fd4096/heat/model.layers.25.mlp.down_proj.npy
819328	2026-05-28T12:51:43.0000000000	./john/fullgrid/qwen3b-fullgrid-100m-p1200-perchannel-fd4096/heat/model.layers.25.self_attn.o_proj.npy
819328	2026-05-28T12:51:43.0000000000	./john/fullgrid/qwen3b-fullgrid-100m-p1200-perchannel-fd4096/heat/model.layers.25.self_attn.q_proj.npy
819328	2026-05-28T12:51:43.0000000000	./john/fullgrid/qwen3b-fullgrid-100m-p1200-perchannel-fd4096/heat/model.layers.26.mlp.down_proj.npy
819328	2026-05-28T12:51:43.0000000000	./john/fullgrid/qwen3b-fullgrid-100m-p1200-perchannel-fd4096/heat/model.layers.26.self_attn.o_proj.npy
819328	2026-05-28T12:51:43.0000000000	./john/fullgrid/qwen3b-fullgrid-100m-p1200-perchannel-fd4096/heat/model.layers.26.self_attn.q_proj.npy
819328	2026-05-28T12:51:43.0000000000	./john/fullgrid/qwen3b-fullgrid-100m-p1200-perchannel-fd4096/heat/model.layers.27.mlp.down_proj.npy
819328	2026-05-28T12:51:43.0000000000	./john/fullgrid/qwen3b-fullgrid-100m-p1200-perchannel-fd4096/heat/model.layers.27.self_attn.o_proj.npy
819328	2026-05-28T12:51:43.0000000000	./john/fullgrid/qwen3b-fullgrid-100m-p1200-perchannel-fd4096/heat/model.layers.27.self_attn.q_proj.npy
819328	2026-05-28T12:51:43.0000000000	./john/fullgrid/qwen3b-fullgrid-100m-p1200-perchannel-fd4096/heat/model.layers.28.mlp.down_proj.npy
819328	2026-05-28T12:51:43.0000000000	./john/fullgrid/qwen3b-fullgrid-100m-p1200-perchannel-fd4096/heat/model.layers.28.self_attn.o_proj.npy
819328	2026-05-28T12:51:43.0000000000	./john/fullgrid/qwen3b-fullgrid-100m-p1200-perchannel-fd4096/heat/model.layers.28.self_attn.q_proj.npy
819328	2026-05-28T12:51:43.0000000000	./john/fullgrid/qwen3b-fullgrid-100m-p1200-perchannel-fd4096/heat/model.layers.29.mlp.down_proj.npy
819328	2026-05-28T12:51:43.0000000000	./john/fullgrid/qwen3b-fullgrid-100m-p1200-perchannel-fd4096/heat/model.layers.29.self_attn.o_proj.npy
819328	2026-05-28T12:51:43.0000000000	./john/fullgrid/qwen3b-fullgrid-100m-p1200-perchannel-fd4096/heat/model.layers.29.self_attn.q_proj.npy
819328	2026-05-28T12:51:43.0000000000	./john/fullgrid/qwen3b-fullgrid-100m-p1200-perchannel-fd4096/heat/model.layers.30.mlp.down_proj.npy
819328	2026-05-28T12:51:43.0000000000	./john/fullgrid/qwen3b-fullgrid-100m-p1200-perchannel-fd4096/heat/model.layers.30.self_attn.o_proj.npy
819328	2026-05-28T12:51:43.0000000000	./john/fullgrid/qwen3b-fullgrid-100m-p1200-perchannel-fd4096/heat/model.layers.30.self_attn.q_proj.npy
819328	2026-05-28T12:51:43.0000000000	./john/fullgrid/qwen3b-fullgrid-100m-p1200-perchannel-fd4096/heat/model.layers.31.mlp.down_proj.npy
819328	2026-05-28T12:51:43.0000000000	./john/fullgrid/qwen3b-fullgrid-100m-p1200-perchannel-fd4096/heat/model.layers.31.self_attn.o_proj.npy
819328	2026-05-28T12:51:43.0000000000	./john/fullgrid/qwen3b-fullgrid-100m-p1200-perchannel-fd4096/heat/model.layers.31.self_attn.q_proj.npy
819328	2026-05-28T12:51:43.0000000000	./john/fullgrid/qwen3b-fullgrid-100m-p1200-perchannel-fd4096/heat/model.layers.32.mlp.down_proj.npy
819328	2026-05-28T12:51:43.0000000000	./john/fullgrid/qwen3b-fullgrid-100m-p1200-perchannel-fd4096/heat/model.layers.32.self_attn.o_proj.npy
819328	2026-05-28T12:51:43.0000000000	./john/fullgrid/qwen3b-fullgrid-100m-p1200-perchannel-fd4096/heat/model.layers.32.self_attn.q_proj.npy
819328	2026-05-28T12:51:43.0000000000	./john/fullgrid/qwen3b-fullgrid-100m-p1200-perchannel-fd4096/heat/model.layers.33.mlp.down_proj.npy
819328	2026-05-28T12:51:43.0000000000	./john/fullgrid/qwen3b-fullgrid-100m-p1200-perchannel-fd4096/heat/model.layers.33.self_attn.o_proj.npy
819328	2026-05-28T12:51:43.0000000000	./john/fullgrid/qwen3b-fullgrid-100m-p1200-perchannel-fd4096/heat/model.layers.33.self_attn.q_proj.npy
819328	2026-05-28T12:51:43.0000000000	./john/fullgrid/qwen3b-fullgrid-100m-p1200-perchannel-fd4096/heat/model.layers.34.mlp.down_proj.npy
819328	2026-05-28T12:51:43.0000000000	./john/fullgrid/qwen3b-fullgrid-100m-p1200-perchannel-fd4096/heat/model.layers.34.self_attn.o_proj.npy
819328	2026-05-28T12:51:43.0000000000	./john/fullgrid/qwen3b-fullgrid-100m-p1200-perchannel-fd4096/heat/model.layers.34.self_attn.q_proj.npy
819328	2026-05-28T12:51:43.0000000000	./john/fullgrid/qwen3b-fullgrid-100m-p1200-perchannel-fd4096/heat/model.layers.35.mlp.down_proj.npy
819328	2026-05-28T12:51:43.0000000000	./john/fullgrid/qwen3b-fullgrid-100m-p1200-perchannel-fd4096/heat/model.layers.35.self_attn.o_proj.npy
819328	2026-05-28T12:51:43.0000000000	./john/fullgrid/qwen3b-fullgrid-100m-p1200-perchannel-fd4096/heat/model.layers.35.self_attn.q_proj.npy
819328	2026-05-28T22:26:17.0000000000	./gx10/fullgrid/qwen25-3b-fullgrid-100m-p1200-perchannel/heat/model.layers.0.self_attn.o_proj.npy
819328	2026-05-28T22:26:17.0000000000	./gx10/fullgrid/qwen25-3b-fullgrid-100m-p1200-perchannel/heat/model.layers.0.self_attn.q_proj.npy
819328	2026-05-28T22:26:18.0000000000	./gx10/fullgrid/qwen25-3b-fullgrid-100m-p1200-perchannel/heat/model.layers.0.mlp.down_proj.npy
819328	2026-05-28T22:26:18.0000000000	./gx10/fullgrid/qwen25-3b-fullgrid-100m-p1200-perchannel/heat/model.layers.1.self_attn.o_proj.npy
819328	2026-05-28T22:26:18.0000000000	./gx10/fullgrid/qwen25-3b-fullgrid-100m-p1200-perchannel/heat/model.layers.1.self_attn.q_proj.npy
819328	2026-05-28T22:26:19.0000000000	./gx10/fullgrid/qwen25-3b-fullgrid-100m-p1200-perchannel/heat/model.layers.1.mlp.down_proj.npy
819328	2026-05-28T22:26:20.0000000000	./gx10/fullgrid/qwen25-3b-fullgrid-100m-p1200-perchannel/heat/model.layers.2.mlp.down_proj.npy
819328	2026-05-28T22:26:20.0000000000	./gx10/fullgrid/qwen25-3b-fullgrid-100m-p1200-perchannel/heat/model.layers.2.self_attn.o_proj.npy
819328	2026-05-28T22:26:20.0000000000	./gx10/fullgrid/qwen25-3b-fullgrid-100m-p1200-perchannel/heat/model.layers.2.self_attn.q_proj.npy
819328	2026-05-28T22:26:20.0000000000	./gx10/fullgrid/qwen25-3b-fullgrid-100m-p1200-perchannel/heat/model.layers.3.self_attn.q_proj.npy
819328	2026-05-28T22:26:21.0000000000	./gx10/fullgrid/qwen25-3b-fullgrid-100m-p1200-perchannel/heat/model.layers.3.mlp.down_proj.npy
819328	2026-05-28T22:26:21.0000000000	./gx10/fullgrid/qwen25-3b-fullgrid-100m-p1200-perchannel/heat/model.layers.3.self_attn.o_proj.npy
819328	2026-05-28T22:26:21.0000000000	./gx10/fullgrid/qwen25-3b-fullgrid-100m-p1200-perchannel/heat/model.layers.4.self_attn.q_proj.npy
819328	2026-05-28T22:26:22.0000000000	./gx10/fullgrid/qwen25-3b-fullgrid-100m-p1200-perchannel/heat/model.layers.4.mlp.down_proj.npy
819328	2026-05-28T22:26:22.0000000000	./gx10/fullgrid/qwen25-3b-fullgrid-100m-p1200-perchannel/heat/model.layers.4.self_attn.o_proj.npy
819328	2026-05-28T22:26:22.0000000000	./gx10/fullgrid/qwen25-3b-fullgrid-100m-p1200-perchannel/heat/model.layers.5.self_attn.o_proj.npy
819328	2026-05-28T22:26:22.0000000000	./gx10/fullgrid/qwen25-3b-fullgrid-100m-p1200-perchannel/heat/model.layers.5.self_attn.q_proj.npy
819328	2026-05-28T22:26:23.0000000000	./gx10/fullgrid/qwen25-3b-fullgrid-100m-p1200-perchannel/heat/model.layers.5.mlp.down_proj.npy
819328	2026-05-28T22:26:23.0000000000	./gx10/fullgrid/qwen25-3b-fullgrid-100m-p1200-perchannel/heat/model.layers.6.mlp.down_proj.npy
819328	2026-05-28T22:26:23.0000000000	./gx10/fullgrid/qwen25-3b-fullgrid-100m-p1200-perchannel/heat/model.layers.6.self_attn.o_proj.npy
819328	2026-05-28T22:26:23.0000000000	./gx10/fullgrid/qwen25-3b-fullgrid-100m-p1200-perchannel/heat/model.layers.6.self_attn.q_proj.npy
819328	2026-05-28T22:26:23.0000000000	./gx10/fullgrid/qwen25-3b-fullgrid-100m-p1200-perchannel/heat/model.layers.7.self_attn.q_proj.npy
819328	2026-05-28T22:26:24.0000000000	./gx10/fullgrid/qwen25-3b-fullgrid-100m-p1200-perchannel/heat/model.layers.7.mlp.down_proj.npy
819328	2026-05-28T22:26:24.0000000000	./gx10/fullgrid/qwen25-3b-fullgrid-100m-p1200-perchannel/heat/model.layers.7.self_attn.o_proj.npy
819328	2026-05-28T22:26:24.0000000000	./gx10/fullgrid/qwen25-3b-fullgrid-100m-p1200-perchannel/heat/model.layers.8.self_attn.o_proj.npy
819328	2026-05-28T22:26:24.0000000000	./gx10/fullgrid/qwen25-3b-fullgrid-100m-p1200-perchannel/heat/model.layers.8.self_attn.q_proj.npy
819328	2026-05-28T22:26:25.0000000000	./gx10/fullgrid/qwen25-3b-fullgrid-100m-p1200-perchannel/heat/model.layers.10.self_attn.q_proj.npy
819328	2026-05-28T22:26:25.0000000000	./gx10/fullgrid/qwen25-3b-fullgrid-100m-p1200-perchannel/heat/model.layers.8.mlp.down_proj.npy
819328	2026-05-28T22:26:25.0000000000	./gx10/fullgrid/qwen25-3b-fullgrid-100m-p1200-perchannel/heat/model.layers.9.mlp.down_proj.npy
819328	2026-05-28T22:26:25.0000000000	./gx10/fullgrid/qwen25-3b-fullgrid-100m-p1200-perchannel/heat/model.layers.9.self_attn.o_proj.npy
819328	2026-05-28T22:26:25.0000000000	./gx10/fullgrid/qwen25-3b-fullgrid-100m-p1200-perchannel/heat/model.layers.9.self_attn.q_proj.npy
819328	2026-05-28T22:26:26.0000000000	./gx10/fullgrid/qwen25-3b-fullgrid-100m-p1200-perchannel/heat/model.layers.10.mlp.down_proj.npy
819328	2026-05-28T22:26:26.0000000000	./gx10/fullgrid/qwen25-3b-fullgrid-100m-p1200-perchannel/heat/model.layers.10.self_attn.o_proj.npy
819328	2026-05-28T22:26:26.0000000000	./gx10/fullgrid/qwen25-3b-fullgrid-100m-p1200-perchannel/heat/model.layers.11.self_attn.o_proj.npy
819328	2026-05-28T22:26:26.0000000000	./gx10/fullgrid/qwen25-3b-fullgrid-100m-p1200-perchannel/heat/model.layers.11.self_attn.q_proj.npy
819328	2026-05-28T22:26:27.0000000000	./gx10/fullgrid/qwen25-3b-fullgrid-100m-p1200-perchannel/heat/model.layers.11.mlp.down_proj.npy
819328	2026-05-28T22:26:27.0000000000	./gx10/fullgrid/qwen25-3b-fullgrid-100m-p1200-perchannel/heat/model.layers.12.self_attn.o_proj.npy
819328	2026-05-28T22:26:27.0000000000	./gx10/fullgrid/qwen25-3b-fullgrid-100m-p1200-perchannel/heat/model.layers.12.self_attn.q_proj.npy
819328	2026-05-28T22:26:29.0000000000	./gx10/fullgrid/qwen25-3b-fullgrid-100m-p1200-perchannel/heat/model.layers.12.mlp.down_proj.npy
819328	2026-05-28T22:26:30.0000000000	./gx10/fullgrid/qwen25-3b-fullgrid-100m-p1200-perchannel/heat/model.layers.13.mlp.down_proj.npy
819328	2026-05-28T22:26:30.0000000000	./gx10/fullgrid/qwen25-3b-fullgrid-100m-p1200-perchannel/heat/model.layers.13.self_attn.o_proj.npy
819328	2026-05-28T22:26:30.0000000000	./gx10/fullgrid/qwen25-3b-fullgrid-100m-p1200-perchannel/heat/model.layers.13.self_attn.q_proj.npy
819328	2026-05-28T22:26:30.0000000000	./gx10/fullgrid/qwen25-3b-fullgrid-100m-p1200-perchannel/heat/model.layers.14.self_attn.q_proj.npy
819328	2026-05-28T22:26:31.0000000000	./gx10/fullgrid/qwen25-3b-fullgrid-100m-p1200-perchannel/heat/model.layers.14.mlp.down_proj.npy
819328	2026-05-28T22:26:31.0000000000	./gx10/fullgrid/qwen25-3b-fullgrid-100m-p1200-perchannel/heat/model.layers.14.self_attn.o_proj.npy
819328	2026-05-28T22:26:31.0000000000	./gx10/fullgrid/qwen25-3b-fullgrid-100m-p1200-perchannel/heat/model.layers.15.self_attn.o_proj.npy
819328	2026-05-28T22:26:31.0000000000	./gx10/fullgrid/qwen25-3b-fullgrid-100m-p1200-perchannel/heat/model.layers.15.self_attn.q_proj.npy
819328	2026-05-28T22:26:32.0000000000	./gx10/fullgrid/qwen25-3b-fullgrid-100m-p1200-perchannel/heat/model.layers.15.mlp.down_proj.npy
819328	2026-05-28T22:26:32.0000000000	./gx10/fullgrid/qwen25-3b-fullgrid-100m-p1200-perchannel/heat/model.layers.16.self_attn.o_proj.npy
819328	2026-05-28T22:26:32.0000000000	./gx10/fullgrid/qwen25-3b-fullgrid-100m-p1200-perchannel/heat/model.layers.16.self_attn.q_proj.npy
819328	2026-05-28T22:26:33.0000000000	./gx10/fullgrid/qwen25-3b-fullgrid-100m-p1200-perchannel/heat/model.layers.16.mlp.down_proj.npy
819328	2026-05-28T22:26:33.0000000000	./gx10/fullgrid/qwen25-3b-fullgrid-100m-p1200-perchannel/heat/model.layers.17.mlp.down_proj.npy
819328	2026-05-28T22:26:33.0000000000	./gx10/fullgrid/qwen25-3b-fullgrid-100m-p1200-perchannel/heat/model.layers.17.self_attn.o_proj.npy
819328	2026-05-28T22:26:33.0000000000	./gx10/fullgrid/qwen25-3b-fullgrid-100m-p1200-perchannel/heat/model.layers.17.self_attn.q_proj.npy
819328	2026-05-28T22:26:33.0000000000	./gx10/fullgrid/qwen25-3b-fullgrid-100m-p1200-perchannel/heat/model.layers.18.self_attn.o_proj.npy
819328	2026-05-28T22:26:33.0000000000	./gx10/fullgrid/qwen25-3b-fullgrid-100m-p1200-perchannel/heat/model.layers.18.self_attn.q_proj.npy
819328	2026-05-28T22:26:34.0000000000	./gx10/fullgrid/qwen25-3b-fullgrid-100m-p1200-perchannel/heat/model.layers.18.mlp.down_proj.npy
819328	2026-05-28T22:26:34.0000000000	./gx10/fullgrid/qwen25-3b-fullgrid-100m-p1200-perchannel/heat/model.layers.19.self_attn.o_proj.npy
819328	2026-05-28T22:26:34.0000000000	./gx10/fullgrid/qwen25-3b-fullgrid-100m-p1200-perchannel/heat/model.layers.19.self_attn.q_proj.npy
819328	2026-05-28T22:26:35.0000000000	./gx10/fullgrid/qwen25-3b-fullgrid-100m-p1200-perchannel/heat/model.layers.19.mlp.down_proj.npy
819328	2026-05-28T22:26:35.0000000000	./gx10/fullgrid/qwen25-3b-fullgrid-100m-p1200-perchannel/heat/model.layers.20.self_attn.o_proj.npy
819328	2026-05-28T22:26:35.0000000000	./gx10/fullgrid/qwen25-3b-fullgrid-100m-p1200-perchannel/heat/model.layers.20.self_attn.q_proj.npy
819328	2026-05-28T22:26:36.0000000000	./gx10/fullgrid/qwen25-3b-fullgrid-100m-p1200-perchannel/heat/model.layers.20.mlp.down_proj.npy
819328	2026-05-28T22:26:36.0000000000	./gx10/fullgrid/qwen25-3b-fullgrid-100m-p1200-perchannel/heat/model.layers.21.mlp.down_proj.npy
819328	2026-05-28T22:26:36.0000000000	./gx10/fullgrid/qwen25-3b-fullgrid-100m-p1200-perchannel/heat/model.layers.21.self_attn.o_proj.npy
819328	2026-05-28T22:26:36.0000000000	./gx10/fullgrid/qwen25-3b-fullgrid-100m-p1200-perchannel/heat/model.layers.21.self_attn.q_proj.npy
819328	2026-05-28T22:26:36.0000000000	./gx10/fullgrid/qwen25-3b-fullgrid-100m-p1200-perchannel/heat/model.layers.22.self_attn.q_proj.npy
819328	2026-05-28T22:26:37.0000000000	./gx10/fullgrid/qwen25-3b-fullgrid-100m-p1200-perchannel/heat/model.layers.22.mlp.down_proj.npy
819328	2026-05-28T22:26:37.0000000000	./gx10/fullgrid/qwen25-3b-fullgrid-100m-p1200-perchannel/heat/model.layers.22.self_attn.o_proj.npy
819328	2026-05-28T22:26:37.0000000000	./gx10/fullgrid/qwen25-3b-fullgrid-100m-p1200-perchannel/heat/model.layers.23.self_attn.q_proj.npy
819328	2026-05-28T22:26:38.0000000000	./gx10/fullgrid/qwen25-3b-fullgrid-100m-p1200-perchannel/heat/model.layers.23.mlp.down_proj.npy
819328	2026-05-28T22:26:38.0000000000	./gx10/fullgrid/qwen25-3b-fullgrid-100m-p1200-perchannel/heat/model.layers.23.self_attn.o_proj.npy
819328	2026-05-28T22:26:38.0000000000	./gx10/fullgrid/qwen25-3b-fullgrid-100m-p1200-perchannel/heat/model.layers.24.self_attn.q_proj.npy
819328	2026-05-28T22:26:39.0000000000	./gx10/fullgrid/qwen25-3b-fullgrid-100m-p1200-perchannel/heat/model.layers.24.mlp.down_proj.npy
819328	2026-05-28T22:26:39.0000000000	./gx10/fullgrid/qwen25-3b-fullgrid-100m-p1200-perchannel/heat/model.layers.24.self_attn.o_proj.npy
819328	2026-05-28T22:26:39.0000000000	./gx10/fullgrid/qwen25-3b-fullgrid-100m-p1200-perchannel/heat/model.layers.25.self_attn.o_proj.npy
819328	2026-05-28T22:26:39.0000000000	./gx10/fullgrid/qwen25-3b-fullgrid-100m-p1200-perchannel/heat/model.layers.25.self_attn.q_proj.npy
819328	2026-05-28T22:26:40.0000000000	./gx10/fullgrid/qwen25-3b-fullgrid-100m-p1200-perchannel/heat/model.layers.25.mlp.down_proj.npy
819328	2026-05-28T22:26:40.0000000000	./gx10/fullgrid/qwen25-3b-fullgrid-100m-p1200-perchannel/heat/model.layers.26.self_attn.o_proj.npy
819328	2026-05-28T22:26:40.0000000000	./gx10/fullgrid/qwen25-3b-fullgrid-100m-p1200-perchannel/heat/model.layers.26.self_attn.q_proj.npy
819328	2026-05-28T22:26:41.0000000000	./gx10/fullgrid/qwen25-3b-fullgrid-100m-p1200-perchannel/heat/model.layers.26.mlp.down_proj.npy
819328	2026-05-28T22:26:41.0000000000	./gx10/fullgrid/qwen25-3b-fullgrid-100m-p1200-perchannel/heat/model.layers.27.mlp.down_proj.npy
819328	2026-05-28T22:26:41.0000000000	./gx10/fullgrid/qwen25-3b-fullgrid-100m-p1200-perchannel/heat/model.layers.27.self_attn.o_proj.npy
819328	2026-05-28T22:26:41.0000000000	./gx10/fullgrid/qwen25-3b-fullgrid-100m-p1200-perchannel/heat/model.layers.27.self_attn.q_proj.npy
819328	2026-05-28T22:26:41.0000000000	./gx10/fullgrid/qwen25-3b-fullgrid-100m-p1200-perchannel/heat/model.layers.28.self_attn.q_proj.npy
819328	2026-05-28T22:26:42.0000000000	./gx10/fullgrid/qwen25-3b-fullgrid-100m-p1200-perchannel/heat/model.layers.28.mlp.down_proj.npy
819328	2026-05-28T22:26:42.0000000000	./gx10/fullgrid/qwen25-3b-fullgrid-100m-p1200-perchannel/heat/model.layers.28.self_attn.o_proj.npy
819328	2026-05-28T22:26:42.0000000000	./gx10/fullgrid/qwen25-3b-fullgrid-100m-p1200-perchannel/heat/model.layers.29.self_attn.o_proj.npy
819328	2026-05-28T22:26:42.0000000000	./gx10/fullgrid/qwen25-3b-fullgrid-100m-p1200-perchannel/heat/model.layers.29.self_attn.q_proj.npy
819328	2026-05-28T22:26:43.0000000000	./gx10/fullgrid/qwen25-3b-fullgrid-100m-p1200-perchannel/heat/model.layers.29.mlp.down_proj.npy
819328	2026-05-28T22:26:43.0000000000	./gx10/fullgrid/qwen25-3b-fullgrid-100m-p1200-perchannel/heat/model.layers.30.self_attn.o_proj.npy
819328	2026-05-28T22:26:43.0000000000	./gx10/fullgrid/qwen25-3b-fullgrid-100m-p1200-perchannel/heat/model.layers.30.self_attn.q_proj.npy
819328	2026-05-28T22:26:44.0000000000	./gx10/fullgrid/qwen25-3b-fullgrid-100m-p1200-perchannel/heat/model.layers.30.mlp.down_proj.npy
819328	2026-05-28T22:26:44.0000000000	./gx10/fullgrid/qwen25-3b-fullgrid-100m-p1200-perchannel/heat/model.layers.31.self_attn.o_proj.npy
819328	2026-05-28T22:26:44.0000000000	./gx10/fullgrid/qwen25-3b-fullgrid-100m-p1200-perchannel/heat/model.layers.31.self_attn.q_proj.npy
819328	2026-05-28T22:26:45.0000000000	./gx10/fullgrid/qwen25-3b-fullgrid-100m-p1200-perchannel/heat/model.layers.31.mlp.down_proj.npy
819328	2026-05-28T22:26:45.0000000000	./gx10/fullgrid/qwen25-3b-fullgrid-100m-p1200-perchannel/heat/model.layers.32.self_attn.o_proj.npy
819328	2026-05-28T22:26:45.0000000000	./gx10/fullgrid/qwen25-3b-fullgrid-100m-p1200-perchannel/heat/model.layers.32.self_attn.q_proj.npy
819328	2026-05-28T22:26:46.0000000000	./gx10/fullgrid/qwen25-3b-fullgrid-100m-p1200-perchannel/heat/model.layers.32.mlp.down_proj.npy
819328	2026-05-28T22:26:46.0000000000	./gx10/fullgrid/qwen25-3b-fullgrid-100m-p1200-perchannel/heat/model.layers.33.mlp.down_proj.npy
819328	2026-05-28T22:26:46.0000000000	./gx10/fullgrid/qwen25-3b-fullgrid-100m-p1200-perchannel/heat/model.layers.33.self_attn.o_proj.npy
819328	2026-05-28T22:26:46.0000000000	./gx10/fullgrid/qwen25-3b-fullgrid-100m-p1200-perchannel/heat/model.layers.33.self_attn.q_proj.npy
819328	2026-05-28T22:26:46.0000000000	./gx10/fullgrid/qwen25-3b-fullgrid-100m-p1200-perchannel/heat/model.layers.34.self_attn.q_proj.npy
819328	2026-05-28T22:26:47.0000000000	./gx10/fullgrid/qwen25-3b-fullgrid-100m-p1200-perchannel/heat/model.layers.34.mlp.down_proj.npy
819328	2026-05-28T22:26:47.0000000000	./gx10/fullgrid/qwen25-3b-fullgrid-100m-p1200-perchannel/heat/model.layers.34.self_attn.o_proj.npy
819328	2026-05-28T22:26:47.0000000000	./gx10/fullgrid/qwen25-3b-fullgrid-100m-p1200-perchannel/heat/model.layers.35.self_attn.o_proj.npy
819328	2026-05-28T22:26:47.0000000000	./gx10/fullgrid/qwen25-3b-fullgrid-100m-p1200-perchannel/heat/model.layers.35.self_attn.q_proj.npy
819328	2026-05-28T22:26:48.0000000000	./gx10/fullgrid/qwen25-3b-fullgrid-100m-p1200-perchannel/heat/model.layers.35.mlp.down_proj.npy
83036	2026-05-28T11:08:41.0000000000	./john/fullgrid/qwen3b-fullgrid-q8s11-p180/quantile_edges.npz
8306816	2026-05-28T10:31:39.0000000000	./ai/fullgrid/gpt2-fullgrid-100m/heat/transformer.h.0.mlp.c_fc.npy
8306816	2026-05-28T10:31:39.0000000000	./ai/fullgrid/gpt2-fullgrid-100m/heat/transformer.h.1.mlp.c_fc.npy
8306816	2026-05-28T10:31:39.0000000000	./ai/fullgrid/gpt2-fullgrid-100m/heat/transformer.h.3.mlp.c_fc.npy
8306816	2026-05-28T10:31:45.0000000000	./ai/fullgrid/gpt2-fullgrid-100m/heat/transformer.h.2.mlp.c_fc.npy
8306816	2026-05-28T10:31:46.0000000000	./ai/fullgrid/gpt2-fullgrid-100m/heat/transformer.h.6.mlp.c_fc.npy
8306816	2026-05-28T10:31:47.0000000000	./ai/fullgrid/gpt2-fullgrid-100m/heat/transformer.h.10.mlp.c_fc.npy
8306816	2026-05-28T10:31:47.0000000000	./ai/fullgrid/gpt2-fullgrid-100m/heat/transformer.h.5.mlp.c_fc.npy
8306816	2026-05-28T10:31:47.0000000000	./ai/fullgrid/gpt2-fullgrid-100m/heat/transformer.h.9.mlp.c_fc.npy
8306816	2026-05-28T10:31:48.0000000000	./ai/fullgrid/gpt2-fullgrid-100m/heat/transformer.h.11.mlp.c_fc.npy
8306816	2026-05-28T10:31:49.0000000000	./ai/fullgrid/gpt2-fullgrid-100m/heat/transformer.h.4.mlp.c_fc.npy
8306816	2026-05-28T10:31:54.0000000000	./ai/fullgrid/gpt2-fullgrid-100m/heat/transformer.h.7.mlp.c_fc.npy
8306816	2026-05-28T10:31:54.0000000000	./ai/fullgrid/gpt2-fullgrid-100m/heat/transformer.h.8.mlp.c_fc.npy
8306816	2026-05-28T11:00:05.0000000000	./ai/fullgrid/gpt2-fullgrid-100m-p180/heat/transformer.h.1.mlp.c_fc.npy
8306816	2026-05-28T11:00:05.0000000000	./ai/fullgrid/gpt2-fullgrid-100m-p180/heat/transformer.h.10.mlp.c_fc.npy
8306816	2026-05-28T11:00:05.0000000000	./ai/fullgrid/gpt2-fullgrid-100m-p180/heat/transformer.h.2.mlp.c_fc.npy
8306816	2026-05-28T11:00:06.0000000000	./ai/fullgrid/gpt2-fullgrid-100m-p180/heat/transformer.h.0.mlp.c_fc.npy
8306816	2026-05-28T11:00:06.0000000000	./ai/fullgrid/gpt2-fullgrid-100m-p180/heat/transformer.h.11.mlp.c_fc.npy
8306816	2026-05-28T11:00:06.0000000000	./ai/fullgrid/gpt2-fullgrid-100m-p180/heat/transformer.h.6.mlp.c_fc.npy
8306816	2026-05-28T11:00:06.0000000000	./ai/fullgrid/gpt2-fullgrid-100m-p180/heat/transformer.h.8.mlp.c_fc.npy
8306816	2026-05-28T11:00:06.0000000000	./ai/fullgrid/gpt2-fullgrid-100m-p180/heat/transformer.h.9.mlp.c_fc.npy
8306816	2026-05-28T11:00:07.0000000000	./ai/fullgrid/gpt2-fullgrid-100m-p180/heat/transformer.h.7.mlp.c_fc.npy
8306816	2026-05-28T11:00:10.0000000000	./ai/fullgrid/gpt2-fullgrid-100m-p180/heat/transformer.h.4.mlp.c_fc.npy
8306816	2026-05-28T11:00:13.0000000000	./ai/fullgrid/gpt2-fullgrid-100m-p180/heat/transformer.h.5.mlp.c_fc.npy
8306816	2026-05-28T11:00:16.0000000000	./ai/fullgrid/gpt2-fullgrid-100m-p180/heat/transformer.h.3.mlp.c_fc.npy
8306816	2026-05-28T11:03:02.0000000000	./ai/fullgrid/gpt2-fullgrid-100m-p720/heat/transformer.h.0.mlp.c_fc.npy
8306816	2026-05-28T11:03:02.0000000000	./ai/fullgrid/gpt2-fullgrid-100m-p720/heat/transformer.h.1.mlp.c_fc.npy
8306816	2026-05-28T11:03:02.0000000000	./ai/fullgrid/gpt2-fullgrid-100m-p720/heat/transformer.h.10.mlp.c_fc.npy
8306816	2026-05-28T11:03:02.0000000000	./ai/fullgrid/gpt2-fullgrid-100m-p720/heat/transformer.h.11.mlp.c_fc.npy
8306816	2026-05-28T11:03:02.0000000000	./ai/fullgrid/gpt2-fullgrid-100m-p720/heat/transformer.h.2.mlp.c_fc.npy
8306816	2026-05-28T11:03:02.0000000000	./ai/fullgrid/gpt2-fullgrid-100m-p720/heat/transformer.h.3.mlp.c_fc.npy
8306816	2026-05-28T11:03:02.0000000000	./ai/fullgrid/gpt2-fullgrid-100m-p720/heat/transformer.h.4.mlp.c_fc.npy
8306816	2026-05-28T11:03:02.0000000000	./ai/fullgrid/gpt2-fullgrid-100m-p720/heat/transformer.h.5.mlp.c_fc.npy
8306816	2026-05-28T11:03:02.0000000000	./ai/fullgrid/gpt2-fullgrid-100m-p720/heat/transformer.h.6.mlp.c_fc.npy
8306816	2026-05-28T11:03:02.0000000000	./ai/fullgrid/gpt2-fullgrid-100m-p720/heat/transformer.h.7.mlp.c_fc.npy
8306816	2026-05-28T11:03:02.0000000000	./ai/fullgrid/gpt2-fullgrid-100m-p720/heat/transformer.h.8.mlp.c_fc.npy
8306816	2026-05-28T11:03:02.0000000000	./ai/fullgrid/gpt2-fullgrid-100m-p720/heat/transformer.h.9.mlp.c_fc.npy
8306816	2026-05-28T11:32:31.0000000000	./ai/fullgrid/gpt2-fullgrid-100m-p720-fixededges/heat/transformer.h.6.mlp.c_fc.npy
8306816	2026-05-28T11:32:32.0000000000	./ai/fullgrid/gpt2-fullgrid-100m-p720-fixededges/heat/transformer.h.8.mlp.c_fc.npy
8306816	2026-05-28T11:32:32.0000000000	./ai/fullgrid/gpt2-fullgrid-100m-p720-fixededges/heat/transformer.h.9.mlp.c_fc.npy
8306816	2026-05-28T11:32:36.0000000000	./ai/fullgrid/gpt2-fullgrid-100m-p720-fixededges/heat/transformer.h.1.mlp.c_fc.npy
8306816	2026-05-28T11:32:36.0000000000	./ai/fullgrid/gpt2-fullgrid-100m-p720-fixededges/heat/transformer.h.2.mlp.c_fc.npy
8306816	2026-05-28T11:32:36.0000000000	./ai/fullgrid/gpt2-fullgrid-100m-p720-fixededges/heat/transformer.h.3.mlp.c_fc.npy
8306816	2026-05-28T11:32:37.0000000000	./ai/fullgrid/gpt2-fullgrid-100m-p720-fixededges/heat/transformer.h.4.mlp.c_fc.npy
8306816	2026-05-28T11:32:38.0000000000	./ai/fullgrid/gpt2-fullgrid-100m-p720-fixededges/heat/transformer.h.10.mlp.c_fc.npy
8306816	2026-05-28T11:32:38.0000000000	./ai/fullgrid/gpt2-fullgrid-100m-p720-fixededges/heat/transformer.h.11.mlp.c_fc.npy
8306816	2026-05-28T11:32:42.0000000000	./ai/fullgrid/gpt2-fullgrid-100m-p720-fixededges/heat/transformer.h.7.mlp.c_fc.npy
8306816	2026-05-28T11:32:43.0000000000	./ai/fullgrid/gpt2-fullgrid-100m-p720-fixededges/heat/transformer.h.0.mlp.c_fc.npy
8306816	2026-05-28T11:32:49.0000000000	./ai/fullgrid/gpt2-fullgrid-100m-p720-fixededges/heat/transformer.h.5.mlp.c_fc.npy
8306816	2026-05-28T11:43:36.0000000000	./ai/fullgrid/gpt2-fullgrid-100m-union-fixededges/heat/transformer.h.7.mlp.c_fc.npy
8306816	2026-05-28T11:43:40.0000000000	./ai/fullgrid/gpt2-fullgrid-100m-union-fixededges/heat/transformer.h.11.mlp.c_fc.npy
8306816	2026-05-28T11:43:46.0000000000	./ai/fullgrid/gpt2-fullgrid-100m-union-fixededges/heat/transformer.h.0.mlp.c_fc.npy
8306816	2026-05-28T11:43:46.0000000000	./ai/fullgrid/gpt2-fullgrid-100m-union-fixededges/heat/transformer.h.2.mlp.c_fc.npy
8306816	2026-05-28T11:43:47.0000000000	./ai/fullgrid/gpt2-fullgrid-100m-union-fixededges/heat/transformer.h.3.mlp.c_fc.npy
8306816	2026-05-28T11:43:47.0000000000	./ai/fullgrid/gpt2-fullgrid-100m-union-fixededges/heat/transformer.h.4.mlp.c_fc.npy
8306816	2026-05-28T11:43:47.0000000000	./ai/fullgrid/gpt2-fullgrid-100m-union-fixededges/heat/transformer.h.6.mlp.c_fc.npy
8306816	2026-05-28T11:43:50.0000000000	./ai/fullgrid/gpt2-fullgrid-100m-union-fixededges/heat/transformer.h.5.mlp.c_fc.npy
8306816	2026-05-28T11:43:52.0000000000	./ai/fullgrid/gpt2-fullgrid-100m-union-fixededges/heat/transformer.h.1.mlp.c_fc.npy
8306816	2026-05-28T11:44:02.0000000000	./ai/fullgrid/gpt2-fullgrid-100m-union-fixededges/heat/transformer.h.10.mlp.c_fc.npy
8306816	2026-05-28T11:44:07.0000000000	./ai/fullgrid/gpt2-fullgrid-100m-union-fixededges/heat/transformer.h.8.mlp.c_fc.npy
8306816	2026-05-28T11:44:07.0000000000	./ai/fullgrid/gpt2-fullgrid-100m-union-fixededges/heat/transformer.h.9.mlp.c_fc.npy
83347	2026-05-28T16:46:05.0000000000	./john/fullgrid/pythia-2.8b-fullgrid-100m-p1200-perchannel-john/meta.json
83347	2026-05-28T16:46:05.0000000000	./local-index/john/fullgrid/pythia-2.8b-fullgrid-100m-p1200-perchannel-john/meta.json
85060	2026-05-28T11:04:44.0000000000	./john/fullgrid/qwen3b-fullgrid-100m-p180/quantile_edges.npz
87899	2026-05-28T15:51:29.0000000000	./john/fullgrid/phi-2-fullgrid-100m-p1200-perchannel-john/meta.json
87899	2026-05-28T15:51:29.0000000000	./local-index/john/fullgrid/phi-2-fullgrid-100m-p1200-perchannel-john/meta.json
901248	2026-05-28T10:44:49.0000000000	./ai/fullgrid/gemma-2-2b-it-fullgrid-100m/heat/model.layers.1.self_attn.q_proj.npy
901248	2026-05-28T10:44:49.0000000000	./ai/fullgrid/gemma-2-2b-it-fullgrid-100m/heat/model.layers.2.self_attn.q_proj.npy
901248	2026-05-28T10:44:50.0000000000	./ai/fullgrid/gemma-2-2b-it-fullgrid-100m/heat/model.layers.3.self_attn.q_proj.npy
901248	2026-05-28T10:44:50.0000000000	./ai/fullgrid/gemma-2-2b-it-fullgrid-100m/heat/model.layers.4.self_attn.q_proj.npy
901248	2026-05-28T10:44:50.0000000000	./ai/fullgrid/gemma-2-2b-it-fullgrid-100m/heat/model.layers.6.self_attn.q_proj.npy
901248	2026-05-28T10:44:51.0000000000	./ai/fullgrid/gemma-2-2b-it-fullgrid-100m/heat/model.layers.10.self_attn.q_proj.npy
901248	2026-05-28T10:44:51.0000000000	./ai/fullgrid/gemma-2-2b-it-fullgrid-100m/heat/model.layers.7.self_attn.q_proj.npy
901248	2026-05-28T10:44:51.0000000000	./ai/fullgrid/gemma-2-2b-it-fullgrid-100m/heat/model.layers.8.self_attn.q_proj.npy
901248	2026-05-28T10:44:51.0000000000	./ai/fullgrid/gemma-2-2b-it-fullgrid-100m/heat/model.layers.9.self_attn.q_proj.npy
901248	2026-05-28T10:44:52.0000000000	./ai/fullgrid/gemma-2-2b-it-fullgrid-100m/heat/model.layers.11.self_attn.q_proj.npy
901248	2026-05-28T10:44:52.0000000000	./ai/fullgrid/gemma-2-2b-it-fullgrid-100m/heat/model.layers.12.self_attn.q_proj.npy
901248	2026-05-28T10:44:52.0000000000	./ai/fullgrid/gemma-2-2b-it-fullgrid-100m/heat/model.layers.13.self_attn.q_proj.npy
901248	2026-05-28T10:44:53.0000000000	./ai/fullgrid/gemma-2-2b-it-fullgrid-100m/heat/model.layers.15.self_attn.q_proj.npy
901248	2026-05-28T10:44:53.0000000000	./ai/fullgrid/gemma-2-2b-it-fullgrid-100m/heat/model.layers.16.self_attn.q_proj.npy
901248	2026-05-28T10:44:59.0000000000	./ai/fullgrid/gemma-2-2b-it-fullgrid-100m/heat/model.layers.5.self_attn.q_proj.npy
901248	2026-05-28T10:45:02.0000000000	./ai/fullgrid/gemma-2-2b-it-fullgrid-100m/heat/model.layers.14.self_attn.q_proj.npy
901248	2026-05-28T10:45:03.0000000000	./ai/fullgrid/gemma-2-2b-it-fullgrid-100m/heat/model.layers.17.self_attn.q_proj.npy
901248	2026-05-28T10:45:03.0000000000	./ai/fullgrid/gemma-2-2b-it-fullgrid-100m/heat/model.layers.18.self_attn.q_proj.npy
901248	2026-05-28T10:45:03.0000000000	./ai/fullgrid/gemma-2-2b-it-fullgrid-100m/heat/model.layers.19.self_attn.q_proj.npy
901248	2026-05-28T10:45:04.0000000000	./ai/fullgrid/gemma-2-2b-it-fullgrid-100m/heat/model.layers.20.self_attn.q_proj.npy
901248	2026-05-28T10:45:04.0000000000	./ai/fullgrid/gemma-2-2b-it-fullgrid-100m/heat/model.layers.22.self_attn.q_proj.npy
901248	2026-05-28T10:45:05.0000000000	./ai/fullgrid/gemma-2-2b-it-fullgrid-100m/heat/model.layers.23.self_attn.q_proj.npy
901248	2026-05-28T10:45:05.0000000000	./ai/fullgrid/gemma-2-2b-it-fullgrid-100m/heat/model.layers.24.self_attn.q_proj.npy
901248	2026-05-28T10:45:05.0000000000	./ai/fullgrid/gemma-2-2b-it-fullgrid-100m/heat/model.layers.25.self_attn.q_proj.npy
901248	2026-05-28T10:45:08.0000000000	./ai/fullgrid/gemma-2-2b-it-fullgrid-100m/heat/model.layers.0.self_attn.q_proj.npy
901248	2026-05-28T10:45:14.0000000000	./ai/fullgrid/gemma-2-2b-it-fullgrid-100m/heat/model.layers.21.self_attn.q_proj.npy
901248	2026-05-28T11:04:27.0000000000	./ai/fullgrid/gemma-2-2b-it-fullgrid-100m-p720/heat/model.layers.0.self_attn.q_proj.npy
901248	2026-05-28T11:04:27.0000000000	./ai/fullgrid/gemma-2-2b-it-fullgrid-100m-p720/heat/model.layers.1.self_attn.q_proj.npy
901248	2026-05-28T11:04:27.0000000000	./ai/fullgrid/gemma-2-2b-it-fullgrid-100m-p720/heat/model.layers.10.self_attn.q_proj.npy
901248	2026-05-28T11:04:27.0000000000	./ai/fullgrid/gemma-2-2b-it-fullgrid-100m-p720/heat/model.layers.11.self_attn.q_proj.npy
901248	2026-05-28T11:04:27.0000000000	./ai/fullgrid/gemma-2-2b-it-fullgrid-100m-p720/heat/model.layers.12.self_attn.q_proj.npy
901248	2026-05-28T11:04:27.0000000000	./ai/fullgrid/gemma-2-2b-it-fullgrid-100m-p720/heat/model.layers.13.self_attn.q_proj.npy
901248	2026-05-28T11:04:27.0000000000	./ai/fullgrid/gemma-2-2b-it-fullgrid-100m-p720/heat/model.layers.14.self_attn.q_proj.npy
901248	2026-05-28T11:04:27.0000000000	./ai/fullgrid/gemma-2-2b-it-fullgrid-100m-p720/heat/model.layers.15.self_attn.q_proj.npy
901248	2026-05-28T11:04:27.0000000000	./ai/fullgrid/gemma-2-2b-it-fullgrid-100m-p720/heat/model.layers.16.self_attn.q_proj.npy
901248	2026-05-28T11:04:27.0000000000	./ai/fullgrid/gemma-2-2b-it-fullgrid-100m-p720/heat/model.layers.17.self_attn.q_proj.npy
901248	2026-05-28T11:04:27.0000000000	./ai/fullgrid/gemma-2-2b-it-fullgrid-100m-p720/heat/model.layers.18.self_attn.q_proj.npy
901248	2026-05-28T11:04:27.0000000000	./ai/fullgrid/gemma-2-2b-it-fullgrid-100m-p720/heat/model.layers.19.self_attn.q_proj.npy
901248	2026-05-28T11:04:27.0000000000	./ai/fullgrid/gemma-2-2b-it-fullgrid-100m-p720/heat/model.layers.2.self_attn.q_proj.npy
901248	2026-05-28T11:04:27.0000000000	./ai/fullgrid/gemma-2-2b-it-fullgrid-100m-p720/heat/model.layers.20.self_attn.q_proj.npy
901248	2026-05-28T11:04:27.0000000000	./ai/fullgrid/gemma-2-2b-it-fullgrid-100m-p720/heat/model.layers.21.self_attn.q_proj.npy
901248	2026-05-28T11:04:27.0000000000	./ai/fullgrid/gemma-2-2b-it-fullgrid-100m-p720/heat/model.layers.22.self_attn.q_proj.npy
901248	2026-05-28T11:04:27.0000000000	./ai/fullgrid/gemma-2-2b-it-fullgrid-100m-p720/heat/model.layers.23.self_attn.q_proj.npy
901248	2026-05-28T11:04:27.0000000000	./ai/fullgrid/gemma-2-2b-it-fullgrid-100m-p720/heat/model.layers.24.self_attn.q_proj.npy
901248	2026-05-28T11:04:27.0000000000	./ai/fullgrid/gemma-2-2b-it-fullgrid-100m-p720/heat/model.layers.25.self_attn.q_proj.npy
901248	2026-05-28T11:04:27.0000000000	./ai/fullgrid/gemma-2-2b-it-fullgrid-100m-p720/heat/model.layers.3.self_attn.q_proj.npy
901248	2026-05-28T11:04:27.0000000000	./ai/fullgrid/gemma-2-2b-it-fullgrid-100m-p720/heat/model.layers.4.self_attn.q_proj.npy
901248	2026-05-28T11:04:27.0000000000	./ai/fullgrid/gemma-2-2b-it-fullgrid-100m-p720/heat/model.layers.5.self_attn.q_proj.npy
901248	2026-05-28T11:04:27.0000000000	./ai/fullgrid/gemma-2-2b-it-fullgrid-100m-p720/heat/model.layers.6.self_attn.q_proj.npy
901248	2026-05-28T11:04:27.0000000000	./ai/fullgrid/gemma-2-2b-it-fullgrid-100m-p720/heat/model.layers.7.self_attn.q_proj.npy
901248	2026-05-28T11:04:27.0000000000	./ai/fullgrid/gemma-2-2b-it-fullgrid-100m-p720/heat/model.layers.8.self_attn.q_proj.npy
901248	2026-05-28T11:04:27.0000000000	./ai/fullgrid/gemma-2-2b-it-fullgrid-100m-p720/heat/model.layers.9.self_attn.q_proj.npy
901248	2026-05-28T11:32:04.0000000000	./ai/fullgrid/gemma-2-2b-it-fullgrid-100m-p720-fixededges/heat/model.layers.4.self_attn.q_proj.npy
901248	2026-05-28T11:32:06.0000000000	./ai/fullgrid/gemma-2-2b-it-fullgrid-100m-p720-fixededges/heat/model.layers.5.self_attn.q_proj.npy
901248	2026-05-28T11:32:08.0000000000	./ai/fullgrid/gemma-2-2b-it-fullgrid-100m-p720-fixededges/heat/model.layers.6.self_attn.q_proj.npy
901248	2026-05-28T11:32:10.0000000000	./ai/fullgrid/gemma-2-2b-it-fullgrid-100m-p720-fixededges/heat/model.layers.7.self_attn.q_proj.npy
901248	2026-05-28T11:32:11.0000000000	./ai/fullgrid/gemma-2-2b-it-fullgrid-100m-p720-fixededges/heat/model.layers.8.self_attn.q_proj.npy
901248	2026-05-28T11:32:13.0000000000	./ai/fullgrid/gemma-2-2b-it-fullgrid-100m-p720-fixededges/heat/model.layers.9.self_attn.q_proj.npy
901248	2026-05-28T11:32:15.0000000000	./ai/fullgrid/gemma-2-2b-it-fullgrid-100m-p720-fixededges/heat/model.layers.10.self_attn.q_proj.npy
901248	2026-05-28T11:32:17.0000000000	./ai/fullgrid/gemma-2-2b-it-fullgrid-100m-p720-fixededges/heat/model.layers.11.self_attn.q_proj.npy
901248	2026-05-28T11:32:19.0000000000	./ai/fullgrid/gemma-2-2b-it-fullgrid-100m-p720-fixededges/heat/model.layers.12.self_attn.q_proj.npy
901248	2026-05-28T11:32:21.0000000000	./ai/fullgrid/gemma-2-2b-it-fullgrid-100m-p720-fixededges/heat/model.layers.13.self_attn.q_proj.npy
901248	2026-05-28T11:32:23.0000000000	./ai/fullgrid/gemma-2-2b-it-fullgrid-100m-p720-fixededges/heat/model.layers.14.self_attn.q_proj.npy
901248	2026-05-28T11:32:25.0000000000	./ai/fullgrid/gemma-2-2b-it-fullgrid-100m-p720-fixededges/heat/model.layers.15.self_attn.q_proj.npy
901248	2026-05-28T11:32:27.0000000000	./ai/fullgrid/gemma-2-2b-it-fullgrid-100m-p720-fixededges/heat/model.layers.16.self_attn.q_proj.npy
901248	2026-05-28T11:32:29.0000000000	./ai/fullgrid/gemma-2-2b-it-fullgrid-100m-p720-fixededges/heat/model.layers.17.self_attn.q_proj.npy
901248	2026-05-28T11:32:31.0000000000	./ai/fullgrid/gemma-2-2b-it-fullgrid-100m-p720-fixededges/heat/model.layers.18.self_attn.q_proj.npy
901248	2026-05-28T11:32:32.0000000000	./ai/fullgrid/gemma-2-2b-it-fullgrid-100m-p720-fixededges/heat/model.layers.19.self_attn.q_proj.npy
901248	2026-05-28T11:32:34.0000000000	./ai/fullgrid/gemma-2-2b-it-fullgrid-100m-p720-fixededges/heat/model.layers.20.self_attn.q_proj.npy
901248	2026-05-28T11:32:36.0000000000	./ai/fullgrid/gemma-2-2b-it-fullgrid-100m-p720-fixededges/heat/model.layers.21.self_attn.q_proj.npy
901248	2026-05-28T11:32:38.0000000000	./ai/fullgrid/gemma-2-2b-it-fullgrid-100m-p720-fixededges/heat/model.layers.22.self_attn.q_proj.npy
901248	2026-05-28T11:32:39.0000000000	./ai/fullgrid/gemma-2-2b-it-fullgrid-100m-p720-fixededges/heat/model.layers.23.self_attn.q_proj.npy
901248	2026-05-28T11:32:41.0000000000	./ai/fullgrid/gemma-2-2b-it-fullgrid-100m-p720-fixededges/heat/model.layers.24.self_attn.q_proj.npy
901248	2026-05-28T11:32:43.0000000000	./ai/fullgrid/gemma-2-2b-it-fullgrid-100m-p720-fixededges/heat/model.layers.25.self_attn.q_proj.npy
901248	2026-05-28T11:32:56.0000000000	./ai/fullgrid/gemma-2-2b-it-fullgrid-100m-p720-fixededges/heat/model.layers.0.self_attn.q_proj.npy
901248	2026-05-28T11:32:57.0000000000	./ai/fullgrid/gemma-2-2b-it-fullgrid-100m-p720-fixededges/heat/model.layers.1.self_attn.q_proj.npy
901248	2026-05-28T11:32:59.0000000000	./ai/fullgrid/gemma-2-2b-it-fullgrid-100m-p720-fixededges/heat/model.layers.2.self_attn.q_proj.npy
901248	2026-05-28T11:33:01.0000000000	./ai/fullgrid/gemma-2-2b-it-fullgrid-100m-p720-fixededges/heat/model.layers.3.self_attn.q_proj.npy
901248	2026-05-28T11:43:29.0000000000	./ai/fullgrid/gemma-2-2b-it-fullgrid-100m-union-fixededges/heat/model.layers.19.self_attn.q_proj.npy
901248	2026-05-28T11:43:30.0000000000	./ai/fullgrid/gemma-2-2b-it-fullgrid-100m-union-fixededges/heat/model.layers.20.self_attn.q_proj.npy
901248	2026-05-28T11:43:30.0000000000	./ai/fullgrid/gemma-2-2b-it-fullgrid-100m-union-fixededges/heat/model.layers.21.self_attn.q_proj.npy
901248	2026-05-28T11:43:31.0000000000	./ai/fullgrid/gemma-2-2b-it-fullgrid-100m-union-fixededges/heat/model.layers.22.self_attn.q_proj.npy
901248	2026-05-28T11:43:31.0000000000	./ai/fullgrid/gemma-2-2b-it-fullgrid-100m-union-fixededges/heat/model.layers.23.self_attn.q_proj.npy
901248	2026-05-28T11:43:36.0000000000	./ai/fullgrid/gemma-2-2b-it-fullgrid-100m-union-fixededges/heat/model.layers.0.self_attn.q_proj.npy
901248	2026-05-28T11:43:39.0000000000	./ai/fullgrid/gemma-2-2b-it-fullgrid-100m-union-fixededges/heat/model.layers.5.self_attn.q_proj.npy
901248	2026-05-28T11:43:40.0000000000	./ai/fullgrid/gemma-2-2b-it-fullgrid-100m-union-fixededges/heat/model.layers.6.self_attn.q_proj.npy
901248	2026-05-28T11:43:41.0000000000	./ai/fullgrid/gemma-2-2b-it-fullgrid-100m-union-fixededges/heat/model.layers.7.self_attn.q_proj.npy
901248	2026-05-28T11:43:41.0000000000	./ai/fullgrid/gemma-2-2b-it-fullgrid-100m-union-fixededges/heat/model.layers.8.self_attn.q_proj.npy
901248	2026-05-28T11:43:42.0000000000	./ai/fullgrid/gemma-2-2b-it-fullgrid-100m-union-fixededges/heat/model.layers.9.self_attn.q_proj.npy
901248	2026-05-28T11:43:46.0000000000	./ai/fullgrid/gemma-2-2b-it-fullgrid-100m-union-fixededges/heat/model.layers.15.self_attn.q_proj.npy
901248	2026-05-28T11:43:46.0000000000	./ai/fullgrid/gemma-2-2b-it-fullgrid-100m-union-fixededges/heat/model.layers.16.self_attn.q_proj.npy
901248	2026-05-28T11:43:47.0000000000	./ai/fullgrid/gemma-2-2b-it-fullgrid-100m-union-fixededges/heat/model.layers.17.self_attn.q_proj.npy
901248	2026-05-28T11:43:48.0000000000	./ai/fullgrid/gemma-2-2b-it-fullgrid-100m-union-fixededges/heat/model.layers.18.self_attn.q_proj.npy
901248	2026-05-28T11:43:51.0000000000	./ai/fullgrid/gemma-2-2b-it-fullgrid-100m-union-fixededges/heat/model.layers.24.self_attn.q_proj.npy
901248	2026-05-28T11:43:52.0000000000	./ai/fullgrid/gemma-2-2b-it-fullgrid-100m-union-fixededges/heat/model.layers.25.self_attn.q_proj.npy
901248	2026-05-28T11:43:58.0000000000	./ai/fullgrid/gemma-2-2b-it-fullgrid-100m-union-fixededges/heat/model.layers.1.self_attn.q_proj.npy
901248	2026-05-28T11:43:59.0000000000	./ai/fullgrid/gemma-2-2b-it-fullgrid-100m-union-fixededges/heat/model.layers.2.self_attn.q_proj.npy
901248	2026-05-28T11:43:59.0000000000	./ai/fullgrid/gemma-2-2b-it-fullgrid-100m-union-fixededges/heat/model.layers.3.self_attn.q_proj.npy
901248	2026-05-28T11:44:00.0000000000	./ai/fullgrid/gemma-2-2b-it-fullgrid-100m-union-fixededges/heat/model.layers.4.self_attn.q_proj.npy
901248	2026-05-28T11:44:04.0000000000	./ai/fullgrid/gemma-2-2b-it-fullgrid-100m-union-fixededges/heat/model.layers.10.self_attn.q_proj.npy
901248	2026-05-28T11:44:04.0000000000	./ai/fullgrid/gemma-2-2b-it-fullgrid-100m-union-fixededges/heat/model.layers.11.self_attn.q_proj.npy
901248	2026-05-28T11:44:05.0000000000	./ai/fullgrid/gemma-2-2b-it-fullgrid-100m-union-fixededges/heat/model.layers.12.self_attn.q_proj.npy
901248	2026-05-28T11:44:06.0000000000	./ai/fullgrid/gemma-2-2b-it-fullgrid-100m-union-fixededges/heat/model.layers.13.self_attn.q_proj.npy
901248	2026-05-28T11:44:06.0000000000	./ai/fullgrid/gemma-2-2b-it-fullgrid-100m-union-fixededges/heat/model.layers.14.self_attn.q_proj.npy
901248	2026-05-29T10:17:42.0000000000	./ai/fullgrid/gemma-2-2b-it-fullgrid-100m-p1200-perchannel/heat/model.layers.4.self_attn.q_proj.npy
901248	2026-05-29T10:18:07.0000000000	./ai/fullgrid/gemma-2-2b-it-fullgrid-100m-p1200-perchannel/heat/model.layers.14.self_attn.q_proj.npy
901248	2026-05-29T10:18:25.0000000000	./ai/fullgrid/gemma-2-2b-it-fullgrid-100m-p1200-perchannel/heat/model.layers.21.self_attn.q_proj.npy
901248	2026-05-29T10:18:33.0000000000	./ai/fullgrid/gemma-2-2b-it-fullgrid-100m-p1200-perchannel/heat/model.layers.24.self_attn.q_proj.npy
901248	2026-05-29T10:18:35.0000000000	./ai/fullgrid/gemma-2-2b-it-fullgrid-100m-p1200-perchannel/heat/model.layers.25.self_attn.q_proj.npy
901248	2026-05-29T10:19:02.0000000000	./ai/fullgrid/gemma-2-2b-it-fullgrid-100m-p1200-perchannel/heat/model.layers.2.self_attn.q_proj.npy
901248	2026-05-29T10:19:04.0000000000	./ai/fullgrid/gemma-2-2b-it-fullgrid-100m-p1200-perchannel/heat/model.layers.3.self_attn.q_proj.npy
901248	2026-05-29T10:19:09.0000000000	./ai/fullgrid/gemma-2-2b-it-fullgrid-100m-p1200-perchannel/heat/model.layers.5.self_attn.q_proj.npy
901248	2026-05-29T10:19:14.0000000000	./ai/fullgrid/gemma-2-2b-it-fullgrid-100m-p1200-perchannel/heat/model.layers.7.self_attn.q_proj.npy
901248	2026-05-29T10:19:37.0000000000	./ai/fullgrid/gemma-2-2b-it-fullgrid-100m-p1200-perchannel/heat/model.layers.16.self_attn.q_proj.npy
901248	2026-05-29T10:19:51.0000000000	./ai/fullgrid/gemma-2-2b-it-fullgrid-100m-p1200-perchannel/heat/model.layers.22.self_attn.q_proj.npy
901248	2026-05-29T10:20:40.0000000000	./ai/fullgrid/gemma-2-2b-it-fullgrid-100m-p1200-perchannel/heat/model.layers.8.self_attn.q_proj.npy
901248	2026-05-29T10:20:42.0000000000	./ai/fullgrid/gemma-2-2b-it-fullgrid-100m-p1200-perchannel/heat/model.layers.9.self_attn.q_proj.npy
901248	2026-05-29T10:20:45.0000000000	./ai/fullgrid/gemma-2-2b-it-fullgrid-100m-p1200-perchannel/heat/model.layers.10.self_attn.q_proj.npy
901248	2026-05-29T10:20:47.0000000000	./ai/fullgrid/gemma-2-2b-it-fullgrid-100m-p1200-perchannel/heat/model.layers.11.self_attn.q_proj.npy
901248	2026-05-29T10:20:50.0000000000	./ai/fullgrid/gemma-2-2b-it-fullgrid-100m-p1200-perchannel/heat/model.layers.12.self_attn.q_proj.npy
901248	2026-05-29T10:20:52.0000000000	./ai/fullgrid/gemma-2-2b-it-fullgrid-100m-p1200-perchannel/heat/model.layers.13.self_attn.q_proj.npy
901248	2026-05-29T10:20:57.0000000000	./ai/fullgrid/gemma-2-2b-it-fullgrid-100m-p1200-perchannel/heat/model.layers.15.self_attn.q_proj.npy
901248	2026-05-29T10:21:02.0000000000	./ai/fullgrid/gemma-2-2b-it-fullgrid-100m-p1200-perchannel/heat/model.layers.17.self_attn.q_proj.npy
901248	2026-05-29T10:21:05.0000000000	./ai/fullgrid/gemma-2-2b-it-fullgrid-100m-p1200-perchannel/heat/model.layers.18.self_attn.q_proj.npy
901248	2026-05-29T10:21:07.0000000000	./ai/fullgrid/gemma-2-2b-it-fullgrid-100m-p1200-perchannel/heat/model.layers.19.self_attn.q_proj.npy
901248	2026-05-29T10:21:09.0000000000	./ai/fullgrid/gemma-2-2b-it-fullgrid-100m-p1200-perchannel/heat/model.layers.20.self_attn.q_proj.npy
901248	2026-05-29T10:21:17.0000000000	./ai/fullgrid/gemma-2-2b-it-fullgrid-100m-p1200-perchannel/heat/model.layers.23.self_attn.q_proj.npy
901248	2026-05-29T10:21:43.0000000000	./ai/fullgrid/gemma-2-2b-it-fullgrid-100m-p1200-perchannel/heat/model.layers.0.self_attn.q_proj.npy
901248	2026-05-29T10:21:45.0000000000	./ai/fullgrid/gemma-2-2b-it-fullgrid-100m-p1200-perchannel/heat/model.layers.1.self_attn.q_proj.npy
901248	2026-05-29T10:21:58.0000000000	./ai/fullgrid/gemma-2-2b-it-fullgrid-100m-p1200-perchannel/heat/model.layers.6.self_attn.q_proj.npy
90240	2026-05-28T11:10:24.0000000000	./john/fullgrid/qwen3b-fullgrid-q8s11-p180/heat/model.layers.1.self_attn.k_proj.npy
90240	2026-05-28T11:10:24.0000000000	./john/fullgrid/qwen3b-fullgrid-q8s11-p180/heat/model.layers.1.self_attn.v_proj.npy
90240	2026-05-28T11:10:24.0000000000	./john/fullgrid/qwen3b-fullgrid-q8s11-p180/heat/model.layers.10.self_attn.k_proj.npy
90240	2026-05-28T11:10:24.0000000000	./john/fullgrid/qwen3b-fullgrid-q8s11-p180/heat/model.layers.10.self_attn.v_proj.npy
90240	2026-05-28T11:10:24.0000000000	./john/fullgrid/qwen3b-fullgrid-q8s11-p180/heat/model.layers.11.self_attn.k_proj.npy
90240	2026-05-28T11:10:24.0000000000	./john/fullgrid/qwen3b-fullgrid-q8s11-p180/heat/model.layers.11.self_attn.v_proj.npy
90240	2026-05-28T11:10:24.0000000000	./john/fullgrid/qwen3b-fullgrid-q8s11-p180/heat/model.layers.12.self_attn.k_proj.npy
90240	2026-05-28T11:10:24.0000000000	./john/fullgrid/qwen3b-fullgrid-q8s11-p180/heat/model.layers.12.self_attn.v_proj.npy
90240	2026-05-28T11:10:24.0000000000	./john/fullgrid/qwen3b-fullgrid-q8s11-p180/heat/model.layers.13.self_attn.k_proj.npy
90240	2026-05-28T11:10:24.0000000000	./john/fullgrid/qwen3b-fullgrid-q8s11-p180/heat/model.layers.13.self_attn.v_proj.npy
90240	2026-05-28T11:10:24.0000000000	./john/fullgrid/qwen3b-fullgrid-q8s11-p180/heat/model.layers.14.self_attn.k_proj.npy
90240	2026-05-28T11:10:24.0000000000	./john/fullgrid/qwen3b-fullgrid-q8s11-p180/heat/model.layers.14.self_attn.v_proj.npy
90240	2026-05-28T11:10:24.0000000000	./john/fullgrid/qwen3b-fullgrid-q8s11-p180/heat/model.layers.15.self_attn.k_proj.npy
90240	2026-05-28T11:10:24.0000000000	./john/fullgrid/qwen3b-fullgrid-q8s11-p180/heat/model.layers.15.self_attn.v_proj.npy
90240	2026-05-28T11:10:24.0000000000	./john/fullgrid/qwen3b-fullgrid-q8s11-p180/heat/model.layers.16.self_attn.k_proj.npy
90240	2026-05-28T11:10:24.0000000000	./john/fullgrid/qwen3b-fullgrid-q8s11-p180/heat/model.layers.16.self_attn.v_proj.npy
90240	2026-05-28T11:10:24.0000000000	./john/fullgrid/qwen3b-fullgrid-q8s11-p180/heat/model.layers.18.self_attn.k_proj.npy
90240	2026-05-28T11:10:24.0000000000	./john/fullgrid/qwen3b-fullgrid-q8s11-p180/heat/model.layers.18.self_attn.v_proj.npy
90240	2026-05-28T11:10:24.0000000000	./john/fullgrid/qwen3b-fullgrid-q8s11-p180/heat/model.layers.19.self_attn.k_proj.npy
90240	2026-05-28T11:10:24.0000000000	./john/fullgrid/qwen3b-fullgrid-q8s11-p180/heat/model.layers.19.self_attn.v_proj.npy
90240	2026-05-28T11:10:24.0000000000	./john/fullgrid/qwen3b-fullgrid-q8s11-p180/heat/model.layers.2.self_attn.k_proj.npy
90240	2026-05-28T11:10:24.0000000000	./john/fullgrid/qwen3b-fullgrid-q8s11-p180/heat/model.layers.2.self_attn.v_proj.npy
90240	2026-05-28T11:10:24.0000000000	./john/fullgrid/qwen3b-fullgrid-q8s11-p180/heat/model.layers.3.self_attn.k_proj.npy
90240	2026-05-28T11:10:24.0000000000	./john/fullgrid/qwen3b-fullgrid-q8s11-p180/heat/model.layers.3.self_attn.v_proj.npy
90240	2026-05-28T11:10:24.0000000000	./john/fullgrid/qwen3b-fullgrid-q8s11-p180/heat/model.layers.32.self_attn.k_proj.npy
90240	2026-05-28T11:10:24.0000000000	./john/fullgrid/qwen3b-fullgrid-q8s11-p180/heat/model.layers.32.self_attn.v_proj.npy
90240	2026-05-28T11:10:24.0000000000	./john/fullgrid/qwen3b-fullgrid-q8s11-p180/heat/model.layers.35.self_attn.k_proj.npy
90240	2026-05-28T11:10:24.0000000000	./john/fullgrid/qwen3b-fullgrid-q8s11-p180/heat/model.layers.35.self_attn.v_proj.npy
90240	2026-05-28T11:10:24.0000000000	./john/fullgrid/qwen3b-fullgrid-q8s11-p180/heat/model.layers.4.self_attn.k_proj.npy
90240	2026-05-28T11:10:24.0000000000	./john/fullgrid/qwen3b-fullgrid-q8s11-p180/heat/model.layers.4.self_attn.v_proj.npy
90240	2026-05-28T11:10:24.0000000000	./john/fullgrid/qwen3b-fullgrid-q8s11-p180/heat/model.layers.5.self_attn.k_proj.npy
90240	2026-05-28T11:10:24.0000000000	./john/fullgrid/qwen3b-fullgrid-q8s11-p180/heat/model.layers.5.self_attn.v_proj.npy
90240	2026-05-28T11:10:24.0000000000	./john/fullgrid/qwen3b-fullgrid-q8s11-p180/heat/model.layers.6.self_attn.k_proj.npy
90240	2026-05-28T11:10:24.0000000000	./john/fullgrid/qwen3b-fullgrid-q8s11-p180/heat/model.layers.6.self_attn.v_proj.npy
90240	2026-05-28T11:10:24.0000000000	./john/fullgrid/qwen3b-fullgrid-q8s11-p180/heat/model.layers.7.self_attn.k_proj.npy
90240	2026-05-28T11:10:24.0000000000	./john/fullgrid/qwen3b-fullgrid-q8s11-p180/heat/model.layers.7.self_attn.v_proj.npy
90240	2026-05-28T11:10:24.0000000000	./john/fullgrid/qwen3b-fullgrid-q8s11-p180/heat/model.layers.8.self_attn.k_proj.npy
90240	2026-05-28T11:10:24.0000000000	./john/fullgrid/qwen3b-fullgrid-q8s11-p180/heat/model.layers.8.self_attn.v_proj.npy
90240	2026-05-28T11:10:24.0000000000	./john/fullgrid/qwen3b-fullgrid-q8s11-p180/heat/model.layers.9.self_attn.k_proj.npy
90240	2026-05-28T11:10:24.0000000000	./john/fullgrid/qwen3b-fullgrid-q8s11-p180/heat/model.layers.9.self_attn.v_proj.npy
90240	2026-05-28T11:10:25.0000000000	./john/fullgrid/qwen3b-fullgrid-q8s11-p180/heat/model.layers.0.self_attn.k_proj.npy
90240	2026-05-28T11:10:25.0000000000	./john/fullgrid/qwen3b-fullgrid-q8s11-p180/heat/model.layers.0.self_attn.v_proj.npy
90240	2026-05-28T11:10:25.0000000000	./john/fullgrid/qwen3b-fullgrid-q8s11-p180/heat/model.layers.17.self_attn.k_proj.npy
90240	2026-05-28T11:10:25.0000000000	./john/fullgrid/qwen3b-fullgrid-q8s11-p180/heat/model.layers.17.self_attn.v_proj.npy
90240	2026-05-28T11:10:25.0000000000	./john/fullgrid/qwen3b-fullgrid-q8s11-p180/heat/model.layers.20.self_attn.v_proj.npy
90240	2026-05-28T11:10:25.0000000000	./john/fullgrid/qwen3b-fullgrid-q8s11-p180/heat/model.layers.21.self_attn.k_proj.npy
90240	2026-05-28T11:10:25.0000000000	./john/fullgrid/qwen3b-fullgrid-q8s11-p180/heat/model.layers.21.self_attn.v_proj.npy
90240	2026-05-28T11:10:25.0000000000	./john/fullgrid/qwen3b-fullgrid-q8s11-p180/heat/model.layers.22.self_attn.k_proj.npy
90240	2026-05-28T11:10:25.0000000000	./john/fullgrid/qwen3b-fullgrid-q8s11-p180/heat/model.layers.22.self_attn.v_proj.npy
90240	2026-05-28T11:10:25.0000000000	./john/fullgrid/qwen3b-fullgrid-q8s11-p180/heat/model.layers.23.self_attn.k_proj.npy
90240	2026-05-28T11:10:25.0000000000	./john/fullgrid/qwen3b-fullgrid-q8s11-p180/heat/model.layers.23.self_attn.v_proj.npy
90240	2026-05-28T11:10:25.0000000000	./john/fullgrid/qwen3b-fullgrid-q8s11-p180/heat/model.layers.24.self_attn.k_proj.npy
90240	2026-05-28T11:10:25.0000000000	./john/fullgrid/qwen3b-fullgrid-q8s11-p180/heat/model.layers.24.self_attn.v_proj.npy
90240	2026-05-28T11:10:25.0000000000	./john/fullgrid/qwen3b-fullgrid-q8s11-p180/heat/model.layers.25.self_attn.k_proj.npy
90240	2026-05-28T11:10:25.0000000000	./john/fullgrid/qwen3b-fullgrid-q8s11-p180/heat/model.layers.25.self_attn.v_proj.npy
90240	2026-05-28T11:10:25.0000000000	./john/fullgrid/qwen3b-fullgrid-q8s11-p180/heat/model.layers.26.self_attn.k_proj.npy
90240	2026-05-28T11:10:25.0000000000	./john/fullgrid/qwen3b-fullgrid-q8s11-p180/heat/model.layers.26.self_attn.v_proj.npy
90240	2026-05-28T11:10:26.0000000000	./john/fullgrid/qwen3b-fullgrid-q8s11-p180/heat/model.layers.20.self_attn.k_proj.npy
90240	2026-05-28T11:10:28.0000000000	./john/fullgrid/qwen3b-fullgrid-q8s11-p180/heat/model.layers.27.self_attn.k_proj.npy
90240	2026-05-28T11:10:28.0000000000	./john/fullgrid/qwen3b-fullgrid-q8s11-p180/heat/model.layers.27.self_attn.v_proj.npy
90240	2026-05-28T11:10:30.0000000000	./john/fullgrid/qwen3b-fullgrid-q8s11-p180/heat/model.layers.28.self_attn.k_proj.npy
90240	2026-05-28T11:10:30.0000000000	./john/fullgrid/qwen3b-fullgrid-q8s11-p180/heat/model.layers.28.self_attn.v_proj.npy
90240	2026-05-28T11:10:40.0000000000	./john/fullgrid/qwen3b-fullgrid-q8s11-p180/heat/model.layers.29.self_attn.k_proj.npy
90240	2026-05-28T11:10:40.0000000000	./john/fullgrid/qwen3b-fullgrid-q8s11-p180/heat/model.layers.29.self_attn.v_proj.npy
90240	2026-05-28T11:10:41.0000000000	./john/fullgrid/qwen3b-fullgrid-q8s11-p180/heat/model.layers.30.self_attn.k_proj.npy
90240	2026-05-28T11:10:41.0000000000	./john/fullgrid/qwen3b-fullgrid-q8s11-p180/heat/model.layers.30.self_attn.v_proj.npy
90240	2026-05-28T11:10:42.0000000000	./john/fullgrid/qwen3b-fullgrid-q8s11-p180/heat/model.layers.31.self_attn.k_proj.npy
90240	2026-05-28T11:10:42.0000000000	./john/fullgrid/qwen3b-fullgrid-q8s11-p180/heat/model.layers.31.self_attn.v_proj.npy
90240	2026-05-28T11:10:51.0000000000	./john/fullgrid/qwen3b-fullgrid-q8s11-p180/heat/model.layers.33.self_attn.k_proj.npy
90240	2026-05-28T11:10:51.0000000000	./john/fullgrid/qwen3b-fullgrid-q8s11-p180/heat/model.layers.33.self_attn.v_proj.npy
90240	2026-05-28T11:11:24.0000000000	./john/fullgrid/qwen3b-fullgrid-q8s11-p180/heat/model.layers.34.self_attn.k_proj.npy
90240	2026-05-28T11:11:24.0000000000	./john/fullgrid/qwen3b-fullgrid-q8s11-p180/heat/model.layers.34.self_attn.v_proj.npy
92288	2026-05-28T12:25:47.0000000000	./john/fullgrid/qwen3b-fullgrid-q6s15-p180/heat/model.layers.0.self_attn.k_proj.npy
92288	2026-05-28T12:25:47.0000000000	./john/fullgrid/qwen3b-fullgrid-q6s15-p180/heat/model.layers.0.self_attn.v_proj.npy
92288	2026-05-28T12:25:47.0000000000	./john/fullgrid/qwen3b-fullgrid-q6s15-p180/heat/model.layers.1.self_attn.k_proj.npy
92288	2026-05-28T12:25:47.0000000000	./john/fullgrid/qwen3b-fullgrid-q6s15-p180/heat/model.layers.1.self_attn.v_proj.npy
92288	2026-05-28T12:25:47.0000000000	./john/fullgrid/qwen3b-fullgrid-q6s15-p180/heat/model.layers.10.self_attn.k_proj.npy
92288	2026-05-28T12:25:47.0000000000	./john/fullgrid/qwen3b-fullgrid-q6s15-p180/heat/model.layers.10.self_attn.v_proj.npy
92288	2026-05-28T12:25:47.0000000000	./john/fullgrid/qwen3b-fullgrid-q6s15-p180/heat/model.layers.11.self_attn.k_proj.npy
92288	2026-05-28T12:25:47.0000000000	./john/fullgrid/qwen3b-fullgrid-q6s15-p180/heat/model.layers.11.self_attn.v_proj.npy
92288	2026-05-28T12:25:47.0000000000	./john/fullgrid/qwen3b-fullgrid-q6s15-p180/heat/model.layers.12.self_attn.k_proj.npy
92288	2026-05-28T12:25:47.0000000000	./john/fullgrid/qwen3b-fullgrid-q6s15-p180/heat/model.layers.12.self_attn.v_proj.npy
92288	2026-05-28T12:25:47.0000000000	./john/fullgrid/qwen3b-fullgrid-q6s15-p180/heat/model.layers.13.self_attn.k_proj.npy
92288	2026-05-28T12:25:47.0000000000	./john/fullgrid/qwen3b-fullgrid-q6s15-p180/heat/model.layers.13.self_attn.v_proj.npy
92288	2026-05-28T12:25:47.0000000000	./john/fullgrid/qwen3b-fullgrid-q6s15-p180/heat/model.layers.14.self_attn.k_proj.npy
92288	2026-05-28T12:25:47.0000000000	./john/fullgrid/qwen3b-fullgrid-q6s15-p180/heat/model.layers.14.self_attn.v_proj.npy
92288	2026-05-28T12:25:47.0000000000	./john/fullgrid/qwen3b-fullgrid-q6s15-p180/heat/model.layers.15.self_attn.k_proj.npy
92288	2026-05-28T12:25:47.0000000000	./john/fullgrid/qwen3b-fullgrid-q6s15-p180/heat/model.layers.15.self_attn.v_proj.npy
92288	2026-05-28T12:25:47.0000000000	./john/fullgrid/qwen3b-fullgrid-q6s15-p180/heat/model.layers.16.self_attn.k_proj.npy
92288	2026-05-28T12:25:47.0000000000	./john/fullgrid/qwen3b-fullgrid-q6s15-p180/heat/model.layers.16.self_attn.v_proj.npy
92288	2026-05-28T12:25:47.0000000000	./john/fullgrid/qwen3b-fullgrid-q6s15-p180/heat/model.layers.17.self_attn.k_proj.npy
92288	2026-05-28T12:25:47.0000000000	./john/fullgrid/qwen3b-fullgrid-q6s15-p180/heat/model.layers.17.self_attn.v_proj.npy
92288	2026-05-28T12:25:47.0000000000	./john/fullgrid/qwen3b-fullgrid-q6s15-p180/heat/model.layers.18.self_attn.k_proj.npy
92288	2026-05-28T12:25:47.0000000000	./john/fullgrid/qwen3b-fullgrid-q6s15-p180/heat/model.layers.18.self_attn.v_proj.npy
92288	2026-05-28T12:25:47.0000000000	./john/fullgrid/qwen3b-fullgrid-q6s15-p180/heat/model.layers.19.self_attn.k_proj.npy
92288	2026-05-28T12:25:47.0000000000	./john/fullgrid/qwen3b-fullgrid-q6s15-p180/heat/model.layers.19.self_attn.v_proj.npy
92288	2026-05-28T12:25:47.0000000000	./john/fullgrid/qwen3b-fullgrid-q6s15-p180/heat/model.layers.2.self_attn.k_proj.npy
92288	2026-05-28T12:25:47.0000000000	./john/fullgrid/qwen3b-fullgrid-q6s15-p180/heat/model.layers.2.self_attn.v_proj.npy
92288	2026-05-28T12:25:47.0000000000	./john/fullgrid/qwen3b-fullgrid-q6s15-p180/heat/model.layers.20.self_attn.k_proj.npy
92288	2026-05-28T12:25:47.0000000000	./john/fullgrid/qwen3b-fullgrid-q6s15-p180/heat/model.layers.20.self_attn.v_proj.npy
92288	2026-05-28T12:25:47.0000000000	./john/fullgrid/qwen3b-fullgrid-q6s15-p180/heat/model.layers.21.self_attn.k_proj.npy
92288	2026-05-28T12:25:47.0000000000	./john/fullgrid/qwen3b-fullgrid-q6s15-p180/heat/model.layers.21.self_attn.v_proj.npy
92288	2026-05-28T12:25:47.0000000000	./john/fullgrid/qwen3b-fullgrid-q6s15-p180/heat/model.layers.22.self_attn.k_proj.npy
92288	2026-05-28T12:25:47.0000000000	./john/fullgrid/qwen3b-fullgrid-q6s15-p180/heat/model.layers.22.self_attn.v_proj.npy
92288	2026-05-28T12:25:47.0000000000	./john/fullgrid/qwen3b-fullgrid-q6s15-p180/heat/model.layers.23.self_attn.k_proj.npy
92288	2026-05-28T12:25:47.0000000000	./john/fullgrid/qwen3b-fullgrid-q6s15-p180/heat/model.layers.23.self_attn.v_proj.npy
92288	2026-05-28T12:25:47.0000000000	./john/fullgrid/qwen3b-fullgrid-q6s15-p180/heat/model.layers.24.self_attn.k_proj.npy
92288	2026-05-28T12:25:47.0000000000	./john/fullgrid/qwen3b-fullgrid-q6s15-p180/heat/model.layers.24.self_attn.v_proj.npy
92288	2026-05-28T12:25:47.0000000000	./john/fullgrid/qwen3b-fullgrid-q6s15-p180/heat/model.layers.25.self_attn.k_proj.npy
92288	2026-05-28T12:25:47.0000000000	./john/fullgrid/qwen3b-fullgrid-q6s15-p180/heat/model.layers.25.self_attn.v_proj.npy
92288	2026-05-28T12:25:47.0000000000	./john/fullgrid/qwen3b-fullgrid-q6s15-p180/heat/model.layers.26.self_attn.k_proj.npy
92288	2026-05-28T12:25:47.0000000000	./john/fullgrid/qwen3b-fullgrid-q6s15-p180/heat/model.layers.26.self_attn.v_proj.npy
92288	2026-05-28T12:25:47.0000000000	./john/fullgrid/qwen3b-fullgrid-q6s15-p180/heat/model.layers.27.self_attn.k_proj.npy
92288	2026-05-28T12:25:47.0000000000	./john/fullgrid/qwen3b-fullgrid-q6s15-p180/heat/model.layers.27.self_attn.v_proj.npy
92288	2026-05-28T12:25:47.0000000000	./john/fullgrid/qwen3b-fullgrid-q6s15-p180/heat/model.layers.28.self_attn.k_proj.npy
92288	2026-05-28T12:25:47.0000000000	./john/fullgrid/qwen3b-fullgrid-q6s15-p180/heat/model.layers.28.self_attn.v_proj.npy
92288	2026-05-28T12:25:47.0000000000	./john/fullgrid/qwen3b-fullgrid-q6s15-p180/heat/model.layers.29.self_attn.k_proj.npy
92288	2026-05-28T12:25:47.0000000000	./john/fullgrid/qwen3b-fullgrid-q6s15-p180/heat/model.layers.29.self_attn.v_proj.npy
92288	2026-05-28T12:25:47.0000000000	./john/fullgrid/qwen3b-fullgrid-q6s15-p180/heat/model.layers.3.self_attn.k_proj.npy
92288	2026-05-28T12:25:47.0000000000	./john/fullgrid/qwen3b-fullgrid-q6s15-p180/heat/model.layers.3.self_attn.v_proj.npy
92288	2026-05-28T12:25:47.0000000000	./john/fullgrid/qwen3b-fullgrid-q6s15-p180/heat/model.layers.30.self_attn.k_proj.npy
92288	2026-05-28T12:25:47.0000000000	./john/fullgrid/qwen3b-fullgrid-q6s15-p180/heat/model.layers.30.self_attn.v_proj.npy
92288	2026-05-28T12:25:47.0000000000	./john/fullgrid/qwen3b-fullgrid-q6s15-p180/heat/model.layers.31.self_attn.k_proj.npy
92288	2026-05-28T12:25:47.0000000000	./john/fullgrid/qwen3b-fullgrid-q6s15-p180/heat/model.layers.31.self_attn.v_proj.npy
92288	2026-05-28T12:25:47.0000000000	./john/fullgrid/qwen3b-fullgrid-q6s15-p180/heat/model.layers.32.self_attn.k_proj.npy
92288	2026-05-28T12:25:47.0000000000	./john/fullgrid/qwen3b-fullgrid-q6s15-p180/heat/model.layers.32.self_attn.v_proj.npy
92288	2026-05-28T12:25:47.0000000000	./john/fullgrid/qwen3b-fullgrid-q6s15-p180/heat/model.layers.33.self_attn.k_proj.npy
92288	2026-05-28T12:25:47.0000000000	./john/fullgrid/qwen3b-fullgrid-q6s15-p180/heat/model.layers.33.self_attn.v_proj.npy
92288	2026-05-28T12:25:47.0000000000	./john/fullgrid/qwen3b-fullgrid-q6s15-p180/heat/model.layers.34.self_attn.k_proj.npy
92288	2026-05-28T12:25:47.0000000000	./john/fullgrid/qwen3b-fullgrid-q6s15-p180/heat/model.layers.34.self_attn.v_proj.npy
92288	2026-05-28T12:25:47.0000000000	./john/fullgrid/qwen3b-fullgrid-q6s15-p180/heat/model.layers.35.self_attn.k_proj.npy
92288	2026-05-28T12:25:47.0000000000	./john/fullgrid/qwen3b-fullgrid-q6s15-p180/heat/model.layers.35.self_attn.v_proj.npy
92288	2026-05-28T12:25:47.0000000000	./john/fullgrid/qwen3b-fullgrid-q6s15-p180/heat/model.layers.4.self_attn.k_proj.npy
92288	2026-05-28T12:25:47.0000000000	./john/fullgrid/qwen3b-fullgrid-q6s15-p180/heat/model.layers.4.self_attn.v_proj.npy
92288	2026-05-28T12:25:47.0000000000	./john/fullgrid/qwen3b-fullgrid-q6s15-p180/heat/model.layers.5.self_attn.k_proj.npy
92288	2026-05-28T12:25:47.0000000000	./john/fullgrid/qwen3b-fullgrid-q6s15-p180/heat/model.layers.5.self_attn.v_proj.npy
92288	2026-05-28T12:25:47.0000000000	./john/fullgrid/qwen3b-fullgrid-q6s15-p180/heat/model.layers.6.self_attn.k_proj.npy
92288	2026-05-28T12:25:47.0000000000	./john/fullgrid/qwen3b-fullgrid-q6s15-p180/heat/model.layers.6.self_attn.v_proj.npy
92288	2026-05-28T12:25:47.0000000000	./john/fullgrid/qwen3b-fullgrid-q6s15-p180/heat/model.layers.7.self_attn.k_proj.npy
92288	2026-05-28T12:25:47.0000000000	./john/fullgrid/qwen3b-fullgrid-q6s15-p180/heat/model.layers.7.self_attn.v_proj.npy
92288	2026-05-28T12:25:47.0000000000	./john/fullgrid/qwen3b-fullgrid-q6s15-p180/heat/model.layers.8.self_attn.k_proj.npy
92288	2026-05-28T12:25:47.0000000000	./john/fullgrid/qwen3b-fullgrid-q6s15-p180/heat/model.layers.8.self_attn.v_proj.npy
92288	2026-05-28T12:25:47.0000000000	./john/fullgrid/qwen3b-fullgrid-q6s15-p180/heat/model.layers.9.self_attn.k_proj.npy
92288	2026-05-28T12:25:47.0000000000	./john/fullgrid/qwen3b-fullgrid-q6s15-p180/heat/model.layers.9.self_attn.v_proj.npy
95399	2026-05-28T11:07:19.0000000000	./john/fullgrid/qwen3b-fullgrid-100m-p180/meta.json
95399	2026-05-28T11:07:19.0000000000	./local-index/john/fullgrid/qwen3b-fullgrid-100m-p180/meta.json
95534	2026-05-28T12:25:48.0000000000	./john/fullgrid/qwen3b-fullgrid-q6s15-p180/meta.json
95534	2026-05-28T12:25:48.0000000000	./local-index/john/fullgrid/qwen3b-fullgrid-q6s15-p180/meta.json
958592	2026-05-28T17:32:44.0000000000	./john/fullgrid/bloom-1b1-fullgrid-100m-p1200-perchannel-john/heat/transformer.h.0.input_layernorm.npy
958592	2026-05-28T17:32:44.0000000000	./john/fullgrid/bloom-1b1-fullgrid-100m-p1200-perchannel-john/heat/transformer.h.0.mlp.dense_4h_to_h.npy
958592	2026-05-28T17:32:44.0000000000	./john/fullgrid/bloom-1b1-fullgrid-100m-p1200-perchannel-john/heat/transformer.h.0.post_attention_layernorm.npy
958592	2026-05-28T17:32:44.0000000000	./john/fullgrid/bloom-1b1-fullgrid-100m-p1200-perchannel-john/heat/transformer.h.0.self_attention.dense.npy
958592	2026-05-28T17:32:44.0000000000	./john/fullgrid/bloom-1b1-fullgrid-100m-p1200-perchannel-john/heat/transformer.h.1.input_layernorm.npy
958592	2026-05-28T17:32:44.0000000000	./john/fullgrid/bloom-1b1-fullgrid-100m-p1200-perchannel-john/heat/transformer.h.1.mlp.dense_4h_to_h.npy
958592	2026-05-28T17:32:44.0000000000	./john/fullgrid/bloom-1b1-fullgrid-100m-p1200-perchannel-john/heat/transformer.h.1.post_attention_layernorm.npy
958592	2026-05-28T17:32:44.0000000000	./john/fullgrid/bloom-1b1-fullgrid-100m-p1200-perchannel-john/heat/transformer.h.1.self_attention.dense.npy
958592	2026-05-28T17:32:44.0000000000	./john/fullgrid/bloom-1b1-fullgrid-100m-p1200-perchannel-john/heat/transformer.word_embeddings_layernorm.npy
958592	2026-05-28T17:32:45.0000000000	./john/fullgrid/bloom-1b1-fullgrid-100m-p1200-perchannel-john/heat/transformer.h.10.input_layernorm.npy
958592	2026-05-28T17:32:45.0000000000	./john/fullgrid/bloom-1b1-fullgrid-100m-p1200-perchannel-john/heat/transformer.h.10.mlp.dense_4h_to_h.npy
958592	2026-05-28T17:32:45.0000000000	./john/fullgrid/bloom-1b1-fullgrid-100m-p1200-perchannel-john/heat/transformer.h.10.post_attention_layernorm.npy
958592	2026-05-28T17:32:45.0000000000	./john/fullgrid/bloom-1b1-fullgrid-100m-p1200-perchannel-john/heat/transformer.h.10.self_attention.dense.npy
958592	2026-05-28T17:32:45.0000000000	./john/fullgrid/bloom-1b1-fullgrid-100m-p1200-perchannel-john/heat/transformer.h.11.input_layernorm.npy
958592	2026-05-28T17:32:45.0000000000	./john/fullgrid/bloom-1b1-fullgrid-100m-p1200-perchannel-john/heat/transformer.h.11.mlp.dense_4h_to_h.npy
958592	2026-05-28T17:32:45.0000000000	./john/fullgrid/bloom-1b1-fullgrid-100m-p1200-perchannel-john/heat/transformer.h.11.post_attention_layernorm.npy
958592	2026-05-28T17:32:45.0000000000	./john/fullgrid/bloom-1b1-fullgrid-100m-p1200-perchannel-john/heat/transformer.h.11.self_attention.dense.npy
958592	2026-05-28T17:32:45.0000000000	./john/fullgrid/bloom-1b1-fullgrid-100m-p1200-perchannel-john/heat/transformer.h.12.input_layernorm.npy
958592	2026-05-28T17:32:45.0000000000	./john/fullgrid/bloom-1b1-fullgrid-100m-p1200-perchannel-john/heat/transformer.h.12.mlp.dense_4h_to_h.npy
958592	2026-05-28T17:32:45.0000000000	./john/fullgrid/bloom-1b1-fullgrid-100m-p1200-perchannel-john/heat/transformer.h.12.post_attention_layernorm.npy
958592	2026-05-28T17:32:45.0000000000	./john/fullgrid/bloom-1b1-fullgrid-100m-p1200-perchannel-john/heat/transformer.h.12.self_attention.dense.npy
958592	2026-05-28T17:32:45.0000000000	./john/fullgrid/bloom-1b1-fullgrid-100m-p1200-perchannel-john/heat/transformer.h.13.input_layernorm.npy
958592	2026-05-28T17:32:45.0000000000	./john/fullgrid/bloom-1b1-fullgrid-100m-p1200-perchannel-john/heat/transformer.h.13.mlp.dense_4h_to_h.npy
958592	2026-05-28T17:32:45.0000000000	./john/fullgrid/bloom-1b1-fullgrid-100m-p1200-perchannel-john/heat/transformer.h.13.post_attention_layernorm.npy
958592	2026-05-28T17:32:45.0000000000	./john/fullgrid/bloom-1b1-fullgrid-100m-p1200-perchannel-john/heat/transformer.h.13.self_attention.dense.npy
958592	2026-05-28T17:32:45.0000000000	./john/fullgrid/bloom-1b1-fullgrid-100m-p1200-perchannel-john/heat/transformer.h.14.input_layernorm.npy
958592	2026-05-28T17:32:45.0000000000	./john/fullgrid/bloom-1b1-fullgrid-100m-p1200-perchannel-john/heat/transformer.h.14.mlp.dense_4h_to_h.npy
958592	2026-05-28T17:32:45.0000000000	./john/fullgrid/bloom-1b1-fullgrid-100m-p1200-perchannel-john/heat/transformer.h.14.post_attention_layernorm.npy
958592	2026-05-28T17:32:45.0000000000	./john/fullgrid/bloom-1b1-fullgrid-100m-p1200-perchannel-john/heat/transformer.h.14.self_attention.dense.npy
958592	2026-05-28T17:32:45.0000000000	./john/fullgrid/bloom-1b1-fullgrid-100m-p1200-perchannel-john/heat/transformer.h.15.input_layernorm.npy
958592	2026-05-28T17:32:45.0000000000	./john/fullgrid/bloom-1b1-fullgrid-100m-p1200-perchannel-john/heat/transformer.h.15.mlp.dense_4h_to_h.npy
958592	2026-05-28T17:32:45.0000000000	./john/fullgrid/bloom-1b1-fullgrid-100m-p1200-perchannel-john/heat/transformer.h.15.post_attention_layernorm.npy
958592	2026-05-28T17:32:45.0000000000	./john/fullgrid/bloom-1b1-fullgrid-100m-p1200-perchannel-john/heat/transformer.h.15.self_attention.dense.npy
958592	2026-05-28T17:32:45.0000000000	./john/fullgrid/bloom-1b1-fullgrid-100m-p1200-perchannel-john/heat/transformer.h.16.input_layernorm.npy
958592	2026-05-28T17:32:45.0000000000	./john/fullgrid/bloom-1b1-fullgrid-100m-p1200-perchannel-john/heat/transformer.h.16.mlp.dense_4h_to_h.npy
958592	2026-05-28T17:32:45.0000000000	./john/fullgrid/bloom-1b1-fullgrid-100m-p1200-perchannel-john/heat/transformer.h.16.post_attention_layernorm.npy
958592	2026-05-28T17:32:45.0000000000	./john/fullgrid/bloom-1b1-fullgrid-100m-p1200-perchannel-john/heat/transformer.h.16.self_attention.dense.npy
958592	2026-05-28T17:32:45.0000000000	./john/fullgrid/bloom-1b1-fullgrid-100m-p1200-perchannel-john/heat/transformer.h.17.input_layernorm.npy
958592	2026-05-28T17:32:45.0000000000	./john/fullgrid/bloom-1b1-fullgrid-100m-p1200-perchannel-john/heat/transformer.h.17.mlp.dense_4h_to_h.npy
958592	2026-05-28T17:32:45.0000000000	./john/fullgrid/bloom-1b1-fullgrid-100m-p1200-perchannel-john/heat/transformer.h.17.post_attention_layernorm.npy
958592	2026-05-28T17:32:45.0000000000	./john/fullgrid/bloom-1b1-fullgrid-100m-p1200-perchannel-john/heat/transformer.h.17.self_attention.dense.npy
958592	2026-05-28T17:32:45.0000000000	./john/fullgrid/bloom-1b1-fullgrid-100m-p1200-perchannel-john/heat/transformer.h.18.input_layernorm.npy
958592	2026-05-28T17:32:45.0000000000	./john/fullgrid/bloom-1b1-fullgrid-100m-p1200-perchannel-john/heat/transformer.h.18.mlp.dense_4h_to_h.npy
958592	2026-05-28T17:32:45.0000000000	./john/fullgrid/bloom-1b1-fullgrid-100m-p1200-perchannel-john/heat/transformer.h.18.post_attention_layernorm.npy
958592	2026-05-28T17:32:45.0000000000	./john/fullgrid/bloom-1b1-fullgrid-100m-p1200-perchannel-john/heat/transformer.h.18.self_attention.dense.npy
958592	2026-05-28T17:32:45.0000000000	./john/fullgrid/bloom-1b1-fullgrid-100m-p1200-perchannel-john/heat/transformer.h.19.input_layernorm.npy
958592	2026-05-28T17:32:45.0000000000	./john/fullgrid/bloom-1b1-fullgrid-100m-p1200-perchannel-john/heat/transformer.h.19.mlp.dense_4h_to_h.npy
958592	2026-05-28T17:32:45.0000000000	./john/fullgrid/bloom-1b1-fullgrid-100m-p1200-perchannel-john/heat/transformer.h.19.post_attention_layernorm.npy
958592	2026-05-28T17:32:45.0000000000	./john/fullgrid/bloom-1b1-fullgrid-100m-p1200-perchannel-john/heat/transformer.h.19.self_attention.dense.npy
958592	2026-05-28T17:32:45.0000000000	./john/fullgrid/bloom-1b1-fullgrid-100m-p1200-perchannel-john/heat/transformer.h.2.input_layernorm.npy
958592	2026-05-28T17:32:45.0000000000	./john/fullgrid/bloom-1b1-fullgrid-100m-p1200-perchannel-john/heat/transformer.h.2.mlp.dense_4h_to_h.npy
958592	2026-05-28T17:32:45.0000000000	./john/fullgrid/bloom-1b1-fullgrid-100m-p1200-perchannel-john/heat/transformer.h.2.post_attention_layernorm.npy
958592	2026-05-28T17:32:45.0000000000	./john/fullgrid/bloom-1b1-fullgrid-100m-p1200-perchannel-john/heat/transformer.h.2.self_attention.dense.npy
958592	2026-05-28T17:32:45.0000000000	./john/fullgrid/bloom-1b1-fullgrid-100m-p1200-perchannel-john/heat/transformer.h.20.input_layernorm.npy
958592	2026-05-28T17:32:45.0000000000	./john/fullgrid/bloom-1b1-fullgrid-100m-p1200-perchannel-john/heat/transformer.h.20.mlp.dense_4h_to_h.npy
958592	2026-05-28T17:32:45.0000000000	./john/fullgrid/bloom-1b1-fullgrid-100m-p1200-perchannel-john/heat/transformer.h.20.post_attention_layernorm.npy
958592	2026-05-28T17:32:45.0000000000	./john/fullgrid/bloom-1b1-fullgrid-100m-p1200-perchannel-john/heat/transformer.h.20.self_attention.dense.npy
958592	2026-05-28T17:32:45.0000000000	./john/fullgrid/bloom-1b1-fullgrid-100m-p1200-perchannel-john/heat/transformer.h.21.input_layernorm.npy
958592	2026-05-28T17:32:45.0000000000	./john/fullgrid/bloom-1b1-fullgrid-100m-p1200-perchannel-john/heat/transformer.h.21.mlp.dense_4h_to_h.npy
958592	2026-05-28T17:32:45.0000000000	./john/fullgrid/bloom-1b1-fullgrid-100m-p1200-perchannel-john/heat/transformer.h.21.post_attention_layernorm.npy
958592	2026-05-28T17:32:45.0000000000	./john/fullgrid/bloom-1b1-fullgrid-100m-p1200-perchannel-john/heat/transformer.h.21.self_attention.dense.npy
958592	2026-05-28T17:32:45.0000000000	./john/fullgrid/bloom-1b1-fullgrid-100m-p1200-perchannel-john/heat/transformer.h.22.input_layernorm.npy
958592	2026-05-28T17:32:45.0000000000	./john/fullgrid/bloom-1b1-fullgrid-100m-p1200-perchannel-john/heat/transformer.h.22.mlp.dense_4h_to_h.npy
958592	2026-05-28T17:32:45.0000000000	./john/fullgrid/bloom-1b1-fullgrid-100m-p1200-perchannel-john/heat/transformer.h.22.post_attention_layernorm.npy
958592	2026-05-28T17:32:45.0000000000	./john/fullgrid/bloom-1b1-fullgrid-100m-p1200-perchannel-john/heat/transformer.h.22.self_attention.dense.npy
958592	2026-05-28T17:32:45.0000000000	./john/fullgrid/bloom-1b1-fullgrid-100m-p1200-perchannel-john/heat/transformer.h.23.input_layernorm.npy
958592	2026-05-28T17:32:45.0000000000	./john/fullgrid/bloom-1b1-fullgrid-100m-p1200-perchannel-john/heat/transformer.h.23.mlp.dense_4h_to_h.npy
958592	2026-05-28T17:32:45.0000000000	./john/fullgrid/bloom-1b1-fullgrid-100m-p1200-perchannel-john/heat/transformer.h.23.post_attention_layernorm.npy
958592	2026-05-28T17:32:45.0000000000	./john/fullgrid/bloom-1b1-fullgrid-100m-p1200-perchannel-john/heat/transformer.h.23.self_attention.dense.npy
958592	2026-05-28T17:32:45.0000000000	./john/fullgrid/bloom-1b1-fullgrid-100m-p1200-perchannel-john/heat/transformer.h.3.input_layernorm.npy
958592	2026-05-28T17:32:45.0000000000	./john/fullgrid/bloom-1b1-fullgrid-100m-p1200-perchannel-john/heat/transformer.h.3.mlp.dense_4h_to_h.npy
958592	2026-05-28T17:32:45.0000000000	./john/fullgrid/bloom-1b1-fullgrid-100m-p1200-perchannel-john/heat/transformer.h.3.post_attention_layernorm.npy
958592	2026-05-28T17:32:45.0000000000	./john/fullgrid/bloom-1b1-fullgrid-100m-p1200-perchannel-john/heat/transformer.h.3.self_attention.dense.npy
958592	2026-05-28T17:32:45.0000000000	./john/fullgrid/bloom-1b1-fullgrid-100m-p1200-perchannel-john/heat/transformer.h.4.input_layernorm.npy
958592	2026-05-28T17:32:45.0000000000	./john/fullgrid/bloom-1b1-fullgrid-100m-p1200-perchannel-john/heat/transformer.h.4.mlp.dense_4h_to_h.npy
958592	2026-05-28T17:32:45.0000000000	./john/fullgrid/bloom-1b1-fullgrid-100m-p1200-perchannel-john/heat/transformer.h.4.post_attention_layernorm.npy
958592	2026-05-28T17:32:45.0000000000	./john/fullgrid/bloom-1b1-fullgrid-100m-p1200-perchannel-john/heat/transformer.h.4.self_attention.dense.npy
958592	2026-05-28T17:32:45.0000000000	./john/fullgrid/bloom-1b1-fullgrid-100m-p1200-perchannel-john/heat/transformer.h.5.input_layernorm.npy
958592	2026-05-28T17:32:45.0000000000	./john/fullgrid/bloom-1b1-fullgrid-100m-p1200-perchannel-john/heat/transformer.h.5.mlp.dense_4h_to_h.npy
958592	2026-05-28T17:32:45.0000000000	./john/fullgrid/bloom-1b1-fullgrid-100m-p1200-perchannel-john/heat/transformer.h.5.post_attention_layernorm.npy
958592	2026-05-28T17:32:45.0000000000	./john/fullgrid/bloom-1b1-fullgrid-100m-p1200-perchannel-john/heat/transformer.h.5.self_attention.dense.npy
958592	2026-05-28T17:32:45.0000000000	./john/fullgrid/bloom-1b1-fullgrid-100m-p1200-perchannel-john/heat/transformer.h.6.input_layernorm.npy
958592	2026-05-28T17:32:45.0000000000	./john/fullgrid/bloom-1b1-fullgrid-100m-p1200-perchannel-john/heat/transformer.h.6.mlp.dense_4h_to_h.npy
958592	2026-05-28T17:32:45.0000000000	./john/fullgrid/bloom-1b1-fullgrid-100m-p1200-perchannel-john/heat/transformer.h.6.post_attention_layernorm.npy
958592	2026-05-28T17:32:45.0000000000	./john/fullgrid/bloom-1b1-fullgrid-100m-p1200-perchannel-john/heat/transformer.h.6.self_attention.dense.npy
958592	2026-05-28T17:32:45.0000000000	./john/fullgrid/bloom-1b1-fullgrid-100m-p1200-perchannel-john/heat/transformer.h.7.input_layernorm.npy
958592	2026-05-28T17:32:45.0000000000	./john/fullgrid/bloom-1b1-fullgrid-100m-p1200-perchannel-john/heat/transformer.h.7.mlp.dense_4h_to_h.npy
958592	2026-05-28T17:32:45.0000000000	./john/fullgrid/bloom-1b1-fullgrid-100m-p1200-perchannel-john/heat/transformer.h.7.post_attention_layernorm.npy
958592	2026-05-28T17:32:45.0000000000	./john/fullgrid/bloom-1b1-fullgrid-100m-p1200-perchannel-john/heat/transformer.h.7.self_attention.dense.npy
958592	2026-05-28T17:32:45.0000000000	./john/fullgrid/bloom-1b1-fullgrid-100m-p1200-perchannel-john/heat/transformer.h.8.input_layernorm.npy
958592	2026-05-28T17:32:45.0000000000	./john/fullgrid/bloom-1b1-fullgrid-100m-p1200-perchannel-john/heat/transformer.h.8.mlp.dense_4h_to_h.npy
958592	2026-05-28T17:32:45.0000000000	./john/fullgrid/bloom-1b1-fullgrid-100m-p1200-perchannel-john/heat/transformer.h.8.post_attention_layernorm.npy
958592	2026-05-28T17:32:45.0000000000	./john/fullgrid/bloom-1b1-fullgrid-100m-p1200-perchannel-john/heat/transformer.h.8.self_attention.dense.npy
958592	2026-05-28T17:32:45.0000000000	./john/fullgrid/bloom-1b1-fullgrid-100m-p1200-perchannel-john/heat/transformer.h.9.input_layernorm.npy
958592	2026-05-28T17:32:45.0000000000	./john/fullgrid/bloom-1b1-fullgrid-100m-p1200-perchannel-john/heat/transformer.h.9.mlp.dense_4h_to_h.npy
958592	2026-05-28T17:32:45.0000000000	./john/fullgrid/bloom-1b1-fullgrid-100m-p1200-perchannel-john/heat/transformer.h.9.post_attention_layernorm.npy
958592	2026-05-28T17:32:45.0000000000	./john/fullgrid/bloom-1b1-fullgrid-100m-p1200-perchannel-john/heat/transformer.h.9.self_attention.dense.npy
958592	2026-05-28T17:32:45.0000000000	./john/fullgrid/bloom-1b1-fullgrid-100m-p1200-perchannel-john/heat/transformer.ln_f.npy
958592	2026-05-28T18:57:17.0000000000	./john/fullgrid/bloomz-1b1-fullgrid-100m-p1200-perchannel-john/heat/transformer.h.0.input_layernorm.npy
958592	2026-05-28T18:57:17.0000000000	./john/fullgrid/bloomz-1b1-fullgrid-100m-p1200-perchannel-john/heat/transformer.h.0.mlp.dense_4h_to_h.npy
958592	2026-05-28T18:57:17.0000000000	./john/fullgrid/bloomz-1b1-fullgrid-100m-p1200-perchannel-john/heat/transformer.h.0.post_attention_layernorm.npy
958592	2026-05-28T18:57:17.0000000000	./john/fullgrid/bloomz-1b1-fullgrid-100m-p1200-perchannel-john/heat/transformer.h.0.self_attention.dense.npy
958592	2026-05-28T18:57:17.0000000000	./john/fullgrid/bloomz-1b1-fullgrid-100m-p1200-perchannel-john/heat/transformer.h.1.input_layernorm.npy
958592	2026-05-28T18:57:17.0000000000	./john/fullgrid/bloomz-1b1-fullgrid-100m-p1200-perchannel-john/heat/transformer.h.1.mlp.dense_4h_to_h.npy
958592	2026-05-28T18:57:17.0000000000	./john/fullgrid/bloomz-1b1-fullgrid-100m-p1200-perchannel-john/heat/transformer.h.1.post_attention_layernorm.npy
958592	2026-05-28T18:57:17.0000000000	./john/fullgrid/bloomz-1b1-fullgrid-100m-p1200-perchannel-john/heat/transformer.h.1.self_attention.dense.npy
958592	2026-05-28T18:57:17.0000000000	./john/fullgrid/bloomz-1b1-fullgrid-100m-p1200-perchannel-john/heat/transformer.h.10.input_layernorm.npy
958592	2026-05-28T18:57:17.0000000000	./john/fullgrid/bloomz-1b1-fullgrid-100m-p1200-perchannel-john/heat/transformer.h.10.mlp.dense_4h_to_h.npy
958592	2026-05-28T18:57:17.0000000000	./john/fullgrid/bloomz-1b1-fullgrid-100m-p1200-perchannel-john/heat/transformer.h.10.post_attention_layernorm.npy
958592	2026-05-28T18:57:17.0000000000	./john/fullgrid/bloomz-1b1-fullgrid-100m-p1200-perchannel-john/heat/transformer.h.10.self_attention.dense.npy
958592	2026-05-28T18:57:17.0000000000	./john/fullgrid/bloomz-1b1-fullgrid-100m-p1200-perchannel-john/heat/transformer.h.11.input_layernorm.npy
958592	2026-05-28T18:57:17.0000000000	./john/fullgrid/bloomz-1b1-fullgrid-100m-p1200-perchannel-john/heat/transformer.h.11.mlp.dense_4h_to_h.npy
958592	2026-05-28T18:57:17.0000000000	./john/fullgrid/bloomz-1b1-fullgrid-100m-p1200-perchannel-john/heat/transformer.h.11.post_attention_layernorm.npy
958592	2026-05-28T18:57:17.0000000000	./john/fullgrid/bloomz-1b1-fullgrid-100m-p1200-perchannel-john/heat/transformer.h.11.self_attention.dense.npy
958592	2026-05-28T18:57:17.0000000000	./john/fullgrid/bloomz-1b1-fullgrid-100m-p1200-perchannel-john/heat/transformer.h.12.input_layernorm.npy
958592	2026-05-28T18:57:17.0000000000	./john/fullgrid/bloomz-1b1-fullgrid-100m-p1200-perchannel-john/heat/transformer.h.12.mlp.dense_4h_to_h.npy
958592	2026-05-28T18:57:17.0000000000	./john/fullgrid/bloomz-1b1-fullgrid-100m-p1200-perchannel-john/heat/transformer.h.12.post_attention_layernorm.npy
958592	2026-05-28T18:57:17.0000000000	./john/fullgrid/bloomz-1b1-fullgrid-100m-p1200-perchannel-john/heat/transformer.h.12.self_attention.dense.npy
958592	2026-05-28T18:57:17.0000000000	./john/fullgrid/bloomz-1b1-fullgrid-100m-p1200-perchannel-john/heat/transformer.h.13.input_layernorm.npy
958592	2026-05-28T18:57:17.0000000000	./john/fullgrid/bloomz-1b1-fullgrid-100m-p1200-perchannel-john/heat/transformer.h.13.mlp.dense_4h_to_h.npy
958592	2026-05-28T18:57:17.0000000000	./john/fullgrid/bloomz-1b1-fullgrid-100m-p1200-perchannel-john/heat/transformer.h.13.post_attention_layernorm.npy
958592	2026-05-28T18:57:17.0000000000	./john/fullgrid/bloomz-1b1-fullgrid-100m-p1200-perchannel-john/heat/transformer.h.13.self_attention.dense.npy
958592	2026-05-28T18:57:17.0000000000	./john/fullgrid/bloomz-1b1-fullgrid-100m-p1200-perchannel-john/heat/transformer.h.14.input_layernorm.npy
958592	2026-05-28T18:57:17.0000000000	./john/fullgrid/bloomz-1b1-fullgrid-100m-p1200-perchannel-john/heat/transformer.h.14.mlp.dense_4h_to_h.npy
958592	2026-05-28T18:57:17.0000000000	./john/fullgrid/bloomz-1b1-fullgrid-100m-p1200-perchannel-john/heat/transformer.h.14.post_attention_layernorm.npy
958592	2026-05-28T18:57:17.0000000000	./john/fullgrid/bloomz-1b1-fullgrid-100m-p1200-perchannel-john/heat/transformer.h.14.self_attention.dense.npy
958592	2026-05-28T18:57:17.0000000000	./john/fullgrid/bloomz-1b1-fullgrid-100m-p1200-perchannel-john/heat/transformer.h.15.input_layernorm.npy
958592	2026-05-28T18:57:17.0000000000	./john/fullgrid/bloomz-1b1-fullgrid-100m-p1200-perchannel-john/heat/transformer.h.15.mlp.dense_4h_to_h.npy
958592	2026-05-28T18:57:17.0000000000	./john/fullgrid/bloomz-1b1-fullgrid-100m-p1200-perchannel-john/heat/transformer.h.15.post_attention_layernorm.npy
958592	2026-05-28T18:57:17.0000000000	./john/fullgrid/bloomz-1b1-fullgrid-100m-p1200-perchannel-john/heat/transformer.h.15.self_attention.dense.npy
958592	2026-05-28T18:57:17.0000000000	./john/fullgrid/bloomz-1b1-fullgrid-100m-p1200-perchannel-john/heat/transformer.h.16.input_layernorm.npy
958592	2026-05-28T18:57:17.0000000000	./john/fullgrid/bloomz-1b1-fullgrid-100m-p1200-perchannel-john/heat/transformer.h.16.mlp.dense_4h_to_h.npy
958592	2026-05-28T18:57:17.0000000000	./john/fullgrid/bloomz-1b1-fullgrid-100m-p1200-perchannel-john/heat/transformer.h.16.post_attention_layernorm.npy
958592	2026-05-28T18:57:17.0000000000	./john/fullgrid/bloomz-1b1-fullgrid-100m-p1200-perchannel-john/heat/transformer.h.16.self_attention.dense.npy
958592	2026-05-28T18:57:17.0000000000	./john/fullgrid/bloomz-1b1-fullgrid-100m-p1200-perchannel-john/heat/transformer.h.17.input_layernorm.npy
958592	2026-05-28T18:57:17.0000000000	./john/fullgrid/bloomz-1b1-fullgrid-100m-p1200-perchannel-john/heat/transformer.h.17.mlp.dense_4h_to_h.npy
958592	2026-05-28T18:57:17.0000000000	./john/fullgrid/bloomz-1b1-fullgrid-100m-p1200-perchannel-john/heat/transformer.h.17.post_attention_layernorm.npy
958592	2026-05-28T18:57:17.0000000000	./john/fullgrid/bloomz-1b1-fullgrid-100m-p1200-perchannel-john/heat/transformer.h.17.self_attention.dense.npy
958592	2026-05-28T18:57:17.0000000000	./john/fullgrid/bloomz-1b1-fullgrid-100m-p1200-perchannel-john/heat/transformer.h.18.input_layernorm.npy
958592	2026-05-28T18:57:17.0000000000	./john/fullgrid/bloomz-1b1-fullgrid-100m-p1200-perchannel-john/heat/transformer.h.18.mlp.dense_4h_to_h.npy
958592	2026-05-28T18:57:17.0000000000	./john/fullgrid/bloomz-1b1-fullgrid-100m-p1200-perchannel-john/heat/transformer.h.18.post_attention_layernorm.npy
958592	2026-05-28T18:57:17.0000000000	./john/fullgrid/bloomz-1b1-fullgrid-100m-p1200-perchannel-john/heat/transformer.h.18.self_attention.dense.npy
958592	2026-05-28T18:57:17.0000000000	./john/fullgrid/bloomz-1b1-fullgrid-100m-p1200-perchannel-john/heat/transformer.h.19.input_layernorm.npy
958592	2026-05-28T18:57:17.0000000000	./john/fullgrid/bloomz-1b1-fullgrid-100m-p1200-perchannel-john/heat/transformer.h.19.mlp.dense_4h_to_h.npy
958592	2026-05-28T18:57:17.0000000000	./john/fullgrid/bloomz-1b1-fullgrid-100m-p1200-perchannel-john/heat/transformer.h.19.post_attention_layernorm.npy
958592	2026-05-28T18:57:17.0000000000	./john/fullgrid/bloomz-1b1-fullgrid-100m-p1200-perchannel-john/heat/transformer.h.19.self_attention.dense.npy
958592	2026-05-28T18:57:17.0000000000	./john/fullgrid/bloomz-1b1-fullgrid-100m-p1200-perchannel-john/heat/transformer.h.2.input_layernorm.npy
958592	2026-05-28T18:57:17.0000000000	./john/fullgrid/bloomz-1b1-fullgrid-100m-p1200-perchannel-john/heat/transformer.h.2.mlp.dense_4h_to_h.npy
958592	2026-05-28T18:57:17.0000000000	./john/fullgrid/bloomz-1b1-fullgrid-100m-p1200-perchannel-john/heat/transformer.h.2.post_attention_layernorm.npy
958592	2026-05-28T18:57:17.0000000000	./john/fullgrid/bloomz-1b1-fullgrid-100m-p1200-perchannel-john/heat/transformer.h.2.self_attention.dense.npy
958592	2026-05-28T18:57:17.0000000000	./john/fullgrid/bloomz-1b1-fullgrid-100m-p1200-perchannel-john/heat/transformer.h.20.input_layernorm.npy
958592	2026-05-28T18:57:17.0000000000	./john/fullgrid/bloomz-1b1-fullgrid-100m-p1200-perchannel-john/heat/transformer.h.20.mlp.dense_4h_to_h.npy
958592	2026-05-28T18:57:17.0000000000	./john/fullgrid/bloomz-1b1-fullgrid-100m-p1200-perchannel-john/heat/transformer.h.20.post_attention_layernorm.npy
958592	2026-05-28T18:57:17.0000000000	./john/fullgrid/bloomz-1b1-fullgrid-100m-p1200-perchannel-john/heat/transformer.h.20.self_attention.dense.npy
958592	2026-05-28T18:57:17.0000000000	./john/fullgrid/bloomz-1b1-fullgrid-100m-p1200-perchannel-john/heat/transformer.h.21.input_layernorm.npy
958592	2026-05-28T18:57:17.0000000000	./john/fullgrid/bloomz-1b1-fullgrid-100m-p1200-perchannel-john/heat/transformer.h.21.mlp.dense_4h_to_h.npy
958592	2026-05-28T18:57:17.0000000000	./john/fullgrid/bloomz-1b1-fullgrid-100m-p1200-perchannel-john/heat/transformer.h.21.post_attention_layernorm.npy
958592	2026-05-28T18:57:17.0000000000	./john/fullgrid/bloomz-1b1-fullgrid-100m-p1200-perchannel-john/heat/transformer.h.21.self_attention.dense.npy
958592	2026-05-28T18:57:17.0000000000	./john/fullgrid/bloomz-1b1-fullgrid-100m-p1200-perchannel-john/heat/transformer.h.22.input_layernorm.npy
958592	2026-05-28T18:57:17.0000000000	./john/fullgrid/bloomz-1b1-fullgrid-100m-p1200-perchannel-john/heat/transformer.h.22.mlp.dense_4h_to_h.npy
958592	2026-05-28T18:57:17.0000000000	./john/fullgrid/bloomz-1b1-fullgrid-100m-p1200-perchannel-john/heat/transformer.h.22.post_attention_layernorm.npy
958592	2026-05-28T18:57:17.0000000000	./john/fullgrid/bloomz-1b1-fullgrid-100m-p1200-perchannel-john/heat/transformer.h.22.self_attention.dense.npy
958592	2026-05-28T18:57:17.0000000000	./john/fullgrid/bloomz-1b1-fullgrid-100m-p1200-perchannel-john/heat/transformer.h.23.input_layernorm.npy
958592	2026-05-28T18:57:17.0000000000	./john/fullgrid/bloomz-1b1-fullgrid-100m-p1200-perchannel-john/heat/transformer.h.23.mlp.dense_4h_to_h.npy
958592	2026-05-28T18:57:17.0000000000	./john/fullgrid/bloomz-1b1-fullgrid-100m-p1200-perchannel-john/heat/transformer.h.23.post_attention_layernorm.npy
958592	2026-05-28T18:57:17.0000000000	./john/fullgrid/bloomz-1b1-fullgrid-100m-p1200-perchannel-john/heat/transformer.h.23.self_attention.dense.npy
958592	2026-05-28T18:57:17.0000000000	./john/fullgrid/bloomz-1b1-fullgrid-100m-p1200-perchannel-john/heat/transformer.h.3.input_layernorm.npy
958592	2026-05-28T18:57:17.0000000000	./john/fullgrid/bloomz-1b1-fullgrid-100m-p1200-perchannel-john/heat/transformer.h.3.mlp.dense_4h_to_h.npy
958592	2026-05-28T18:57:17.0000000000	./john/fullgrid/bloomz-1b1-fullgrid-100m-p1200-perchannel-john/heat/transformer.h.3.post_attention_layernorm.npy
958592	2026-05-28T18:57:17.0000000000	./john/fullgrid/bloomz-1b1-fullgrid-100m-p1200-perchannel-john/heat/transformer.h.3.self_attention.dense.npy
958592	2026-05-28T18:57:17.0000000000	./john/fullgrid/bloomz-1b1-fullgrid-100m-p1200-perchannel-john/heat/transformer.h.4.input_layernorm.npy
958592	2026-05-28T18:57:17.0000000000	./john/fullgrid/bloomz-1b1-fullgrid-100m-p1200-perchannel-john/heat/transformer.h.4.mlp.dense_4h_to_h.npy
958592	2026-05-28T18:57:17.0000000000	./john/fullgrid/bloomz-1b1-fullgrid-100m-p1200-perchannel-john/heat/transformer.h.4.post_attention_layernorm.npy
958592	2026-05-28T18:57:17.0000000000	./john/fullgrid/bloomz-1b1-fullgrid-100m-p1200-perchannel-john/heat/transformer.h.4.self_attention.dense.npy
958592	2026-05-28T18:57:17.0000000000	./john/fullgrid/bloomz-1b1-fullgrid-100m-p1200-perchannel-john/heat/transformer.h.5.input_layernorm.npy
958592	2026-05-28T18:57:17.0000000000	./john/fullgrid/bloomz-1b1-fullgrid-100m-p1200-perchannel-john/heat/transformer.h.5.mlp.dense_4h_to_h.npy
958592	2026-05-28T18:57:17.0000000000	./john/fullgrid/bloomz-1b1-fullgrid-100m-p1200-perchannel-john/heat/transformer.h.5.post_attention_layernorm.npy
958592	2026-05-28T18:57:17.0000000000	./john/fullgrid/bloomz-1b1-fullgrid-100m-p1200-perchannel-john/heat/transformer.h.5.self_attention.dense.npy
958592	2026-05-28T18:57:17.0000000000	./john/fullgrid/bloomz-1b1-fullgrid-100m-p1200-perchannel-john/heat/transformer.h.6.input_layernorm.npy
958592	2026-05-28T18:57:17.0000000000	./john/fullgrid/bloomz-1b1-fullgrid-100m-p1200-perchannel-john/heat/transformer.h.6.mlp.dense_4h_to_h.npy
958592	2026-05-28T18:57:17.0000000000	./john/fullgrid/bloomz-1b1-fullgrid-100m-p1200-perchannel-john/heat/transformer.h.6.post_attention_layernorm.npy
958592	2026-05-28T18:57:17.0000000000	./john/fullgrid/bloomz-1b1-fullgrid-100m-p1200-perchannel-john/heat/transformer.h.6.self_attention.dense.npy
958592	2026-05-28T18:57:17.0000000000	./john/fullgrid/bloomz-1b1-fullgrid-100m-p1200-perchannel-john/heat/transformer.h.7.input_layernorm.npy
958592	2026-05-28T18:57:17.0000000000	./john/fullgrid/bloomz-1b1-fullgrid-100m-p1200-perchannel-john/heat/transformer.h.7.mlp.dense_4h_to_h.npy
958592	2026-05-28T18:57:17.0000000000	./john/fullgrid/bloomz-1b1-fullgrid-100m-p1200-perchannel-john/heat/transformer.h.7.post_attention_layernorm.npy
958592	2026-05-28T18:57:17.0000000000	./john/fullgrid/bloomz-1b1-fullgrid-100m-p1200-perchannel-john/heat/transformer.h.7.self_attention.dense.npy
958592	2026-05-28T18:57:17.0000000000	./john/fullgrid/bloomz-1b1-fullgrid-100m-p1200-perchannel-john/heat/transformer.h.8.input_layernorm.npy
958592	2026-05-28T18:57:17.0000000000	./john/fullgrid/bloomz-1b1-fullgrid-100m-p1200-perchannel-john/heat/transformer.h.8.mlp.dense_4h_to_h.npy
958592	2026-05-28T18:57:17.0000000000	./john/fullgrid/bloomz-1b1-fullgrid-100m-p1200-perchannel-john/heat/transformer.h.8.post_attention_layernorm.npy
958592	2026-05-28T18:57:17.0000000000	./john/fullgrid/bloomz-1b1-fullgrid-100m-p1200-perchannel-john/heat/transformer.h.8.self_attention.dense.npy
958592	2026-05-28T18:57:17.0000000000	./john/fullgrid/bloomz-1b1-fullgrid-100m-p1200-perchannel-john/heat/transformer.h.9.input_layernorm.npy
958592	2026-05-28T18:57:17.0000000000	./john/fullgrid/bloomz-1b1-fullgrid-100m-p1200-perchannel-john/heat/transformer.h.9.mlp.dense_4h_to_h.npy
958592	2026-05-28T18:57:17.0000000000	./john/fullgrid/bloomz-1b1-fullgrid-100m-p1200-perchannel-john/heat/transformer.h.9.post_attention_layernorm.npy
958592	2026-05-28T18:57:17.0000000000	./john/fullgrid/bloomz-1b1-fullgrid-100m-p1200-perchannel-john/heat/transformer.h.9.self_attention.dense.npy
958592	2026-05-28T18:57:17.0000000000	./john/fullgrid/bloomz-1b1-fullgrid-100m-p1200-perchannel-john/heat/transformer.ln_f.npy
958592	2026-05-28T18:57:17.0000000000	./john/fullgrid/bloomz-1b1-fullgrid-100m-p1200-perchannel-john/heat/transformer.word_embeddings_layernorm.npy
9598	2026-05-29T10:09:12.0000000000	./local-index/ai/fullgrid/logs/gemma-2-2b-it-fullgrid-100m-p1200-perchannel.log
9718	2026-05-29T10:30:00.0000000000	./ai/fullgrid/logs/gemma-2-2b-it-fullgrid-100m-p1200-perchannel.log
